evidence_id,source_id,nbs_id,suitability_family_id,variable,relationship,context,use_role,evidence_type,claim_basis,claim_scope,lineage_of,extraction_confidence,quote,page,reviewer_ok,raw_name,taxon,observed_dataset,attribution,locator_type,locator,commit_sha,justification_quote,justification_page,selection_justification,selection_justification_page,review_state,ruleset_version
ev_tree_canopy_cover_batcheler24_1,batcheler_silvopasture_2024,agroforestry,agroforestry__silvopastoral,tree_canopy_cover,,,structural_suitability,scoping_candidate,primary_measured,practice_technology,,low,"Research showing the impact of varying stand density and canopy cover on fuel loads and understory biomass would be beneficial, as this would help inform producers of the optimal balance between tree density, forage production, and livestock stocking that match site capability and their desired management goals.",7,false,canopy cover,,,[dropped 2026-09-18 by peetmate; reason:off_scope] Batcheler et al. 2024,page,,,,,,,dropped,2026-06-18.section-scope
ev_tenure_security_castle21_1,castle_sr_2021,agroforestry,agroforestry__planted_silvoarable,tenure_security,,,operational_risk,scoping_candidate,primary_measured,practice_technology,,high,Land tenure security was determined to be major factor in the negative effects of this program since farmers in the region were reluctant to invest the time and resources in the management the agroforestry systems when they did not have tenure security.,24,false,land tenure security,,,"[query 2026-09-18 by peetmate; reason:off_scope; note:Borderline/Reevaluate: Is this part of structural suitability T4? or part of project risk T3 and/or next steps guidance?] [dropped 2026-06-22 by peetmate; reason:off_scope; note:Borderline/Reevaluate: Is this part of structural suitability T4? or part of project risk T3 and/or next steps guidance?] Dai et al. (2017) crop-fruit tree intercropping program, rural Xinjiang, China — assessed within Castle et al. (2021) systematic review.",page,,,,,,,,
ev_tenure_security_castle21_2,castle_sr_2021,agroforestry,agroforestry__planted_silvoarable,tenure_security,,,structural_suitability,scoping_candidate,primary_measured,practice_technology,,low,They also found a perceived increase in tenure security because of the HKm program of 26.4% (SE: 2.0).,24,false,tenure security,,,"[dropped 2026-09-18 by peetmate; reason:off_scope] Pender et al. (2008) HKm social forestry permitting program, Sumatra, Indonesia — assessed within Castle et al. (2021) systematic review.",page,,,,,,,dropped,2026-06-18.section-scope
ev_tenure_security_castle21_3,castle_sr_2021,agroforestry,agroforestry__cross_family,tenure_security,,,structural_suitability,scoping_candidate,cited_secondary,practice_technology,"Lawry et al. (2014) systematic review, Campbell Systematic Reviews",low,land tenure interventions are plausible pathways to improve welfare.,29,false,land tenure,,,"[dropped 2026-09-18 by peetmate; reason:off_scope] Lawry et al. (2014) cited in Castle et al. (2021) p.29: limited evidence base (n=20), general finding on tenure interventions and agricultural productivity.",page,,,,,,,dropped,2026-06-18.section-scope
ev_labour_availability_castle21_1,castle_sr_2021,agroforestry,agroforestry__planted_silvoarable,labour_availability,,,structural_suitability,scoping_candidate,primary_measured,practice_technology,,high,"However, even with these direct offsets, an increased labor requirement, increased difficulty in farm management, or lack of market access may still deter farmers from adopting the promoted agroforestry practice(s).",27,false,labor requirement,,,"[dropped 2026-09-18 by peetmate; reason:other; note:This reads like discussion or speculation, ""may still deter"", yes it makes sense and is logical, but is there quantitative or qualitative evidence that was used here? I cannot confidently say yes, so dropping it.] Synthesised finding across incentive-pathway intervention studies in Castle et al. (2021) p.27; covers Haggar et al. 2017 (Nicaragua), Hegde & Bull 2011 (Mozambique), Pagiola et al. 2016 (Colombia), Pender et al. 2008 (Indonesia).",page,,,,,,,dropped,2026-06-18.section-scope
ev_extension_governance_castle21_1,castle_sr_2021,agroforestry,agroforestry__planted_silvoarable,extension_governance,,,structural_suitability,scoping_candidate,primary_measured,practice_technology,,low,"provision of information, raw materials, and technical support, which includes support for activities like extension and training programs and germplasm provision.",26,false,extension and training programs,,,"[dropped 2026-09-18 by peetmate; reason:off_scope] Pathway 1 synthesis across Bostedt et al. 2016, Coulibaly et al. 2017, Kuntashula & Mungatana 2013, Thorlakson & Neufeldt 2012, Dai et al. 2017, Sills & Caviglia-Harris 2015, Place et al. 2005 — in Castle et al. (2021) p.26.",page,,,,,,,dropped,2026-06-18.section-scope
ev_extension_governance_castle21_2,castle_sr_2021,agroforestry,agroforestry__planted_silvoarable,extension_governance,,,operational_risk,scoping_candidate,primary_measured,practice_technology,,high,"Coulibaly et al. (2017) explicitly analyzed the impact of the agroforestry program on adoption of agroforestry practices, and they found that receiving agroforestry training significantly increased the likelihood of adopting agroforestry practices through building farmer capacity to appropriately manage the trees.",26,false,agroforestry training,,,"[query 2026-09-18 by peetmate; reason:off_scope; note:Fine, but is this T4 or project enabling environment for the project risk? and/or part of the next steps table?] [dropped 2026-06-22 by peetmate; reason:off_scope; note:Fine, but is this T4 or project enabling environment for the project risk? and/or part of the next steps table?] Coulibaly et al. (2017) fertilizer-tree agroforestry project, Malawi (ICRAF), n=338; cited in Castle et al. (2021) p.26.",page,,,,,,,,
ev_finance_credit_access_castle21_1,castle_sr_2021,agroforestry,agroforestry__planted_silvoarable,finance_credit_access,,,operational_risk,scoping_candidate,primary_measured,practice_technology,,medium,"Under this pathway, three key elements, participant engagement, program exposure, and indirect financial support, lead to agroforestry adoption, which is then intended to lead to positive productivity, profitability, and human well-being outcomes through diversified production and income streams, improved soil fertility, and other changes.",26,false,indirect financial support,,,"[query 2026-09-18 by peetmate; reason:other; note:this about adoption and socio-economic factors that relate to uptake, this is not T4 structural suitability. You should not be making this mistake - the agents should have been updated to assign this to T3 and/or next steps. Also there shuold be a""Reason"" that clearly correspond to this issue.] Pathway 1 synthesis in Castle et al. (2021) p.26; covers multiple Sub-Saharan Africa and Asia studies.",page,,,,,,,,2026-06-18.section-scope
ev_market_value_chain_castle21_1,castle_sr_2021,agroforestry,agroforestry__planted_silvoarable,market_value_chain,,,operational_risk,scoping_candidate,primary_measured,practice_technology,,high,"However, even with these direct offsets, an increased labor requirement, increased difficulty in farm management, or lack of market access may still deter farmers from adopting the promoted agroforestry practice(s).",27,true,market access,,,"[query 2026-09-18 by peetmate; reason:other; note:is this T4 or T3 risk/enabling factors and next steps?] [reviewed 2026-06-22 by peetmate; reason:other; note:is this T4 or T3 risk/enabling factors and next steps?] Synthesised finding across incentive-pathway intervention studies in Castle et al. (2021) p.27; covers Haggar et al. 2017, Hegde & Bull 2011, Pagiola et al. 2016, Pender et al. 2008.",page,,,,,,,,2026-06-18.section-scope
ev_slope_fesenmyer25_1,fesenmyer_2025,agroforestry,agroforestry__regeneration_farmland,slope,"{""direction"": ""positive_within_range"", ""raw_min"": ""20%"", ""raw_max"": ""35%"", ""raw_unit"": ""percent_slope"", ""converted_min_deg"": 11.3, ""converted_max_deg"": 19.3, ""converted_unit"": ""degrees"", ""note"": ""Moderate hillslope range for water quality reforestation scenario. Practice is forest reforestation; slope is technology-driven so threshold cautiously transferable to F2 regeneration-based AF on hillslopes.""}",,structural_suitability,literature_relationship,table,practice_technology,,low,"hillslopes of 20–35% or ﬂoodplains. These locations are a focus of local reforestation efforts (e.g., the Nature Conservancy/American Forest Foundation Mississippi Delta Floodplain Restoration Program) due to their low potential for land use change conﬂict, high water quality beneﬁts (e.g., nutrient retention and soil stabilization42), and contribution to climate adaptation (e.g., ﬂood mitigation43,44).",5,false,hillslopes of 20–35%,,,[dropped 2026-09-18 by peetmate; reason:other; note:wrong practice not agroforestry] Table 1 Scenario 6 (Water quality). Forest reforestation context; agroforestry regeneration family relevance flagged.,page,,,,,,,dropped,2026-06-18.section-scope
ev_tree_canopy_cover_fesenmyer25_1,fesenmyer_2025,agroforestry,agroforestry__planted_silvoarable,tree_canopy_cover,"{""direction"": ""negative_above_threshold"", ""threshold"": 60, ""threshold_unit"": ""percent_canopy_cover"", ""note"": ""Areas with ≥60% potential tree cover are existing forest, excluded from new tree planting. Implies AF establishment opportunity spans open to semi-open canopy conditions below this threshold.""}",,structural_suitability,literature_relationship,modelled,practice_technology,,low,"we deﬁned forests much more conservatively, as areas that can support 60% or more tree cover, to exclude open woodlands and savannas",3,false,60% or more tree cover,,,[dropped 2026-09-18 by peetmate; reason:off_scope] Forest potential definition combining Bastin et al. 2019 and Walker et al. 2022. Reforestation mapping context; threshold marks upper boundary of AF new-establishment opportunity.,page,,,,,,,dropped,2026-06-18.section-scope
ev_tenure_security_fesenmyer25_1,fesenmyer_2025,agroforestry,agroforestry__planted_silvoarable,tenure_security,"{""direction"": ""positive"", ""note"": ""Secure land tenure is an enabling condition for tree planting. Directional claim only; no numeric suitability threshold. Area-reduction figures (195/116 Mha, 40%) not present in this quote — remove or source separately.""}",,operational_risk,literature_relationship,table,practice_technology,,low,Formally recognized land rights and tenure have been identiﬁed as enabling conditions for successful reforestation,5,true,secure land tenure,,,"[query 2026-09-18 by peetmate; reason:other; note:Agree it is directional claim, but is this for project risk in T3 or for T4 structural suitability?] [reviewed 2026-06-22 by peetmate; reason:other; note:Agree it is directional claim, but is this for project risk in T3 or for T4 structural suitability?] Table 1 Scenario 3 (Secure land tenure). Cites Rakotonarivo et al. 2023. Reforestation context; operational_constraint enabler transferable to agroforestry.",page,,,,,,,,
ev_accessibility_travel_time_fesenmyer25_1,fesenmyer_2025,agroforestry,agroforestry__planted_silvoarable,accessibility_travel_time,"{""direction"": ""negative_within_threshold"", ""threshold"": 60, ""threshold_unit"": ""minutes_walk"", ""note"": ""Areas within 1-h walk of highly deprived communities are excluded as high-conflict zones for reforestation per this source. Any re-framing as AF opportunity requires separate evidence.""}",,structural_suitability,literature_relationship,table,practice_technology,,low,"excluding areas within a 1-h walk from communities with high deprivation, where reforestation may conﬂict with the livelihoods of impoverished rural populations with high nature-dependence for food and fuel",5,false,1-h walk from communities with high deprivation,,,"[dropped 2026-07-10 by peetmate; reason:other; note:reforestation not agroforestry, no evidence this paper should be mapped to agroforestry.] Table 1 Scenario 4 (Low rural livelihood conflict). Cites Schultz et al. 2022, Fleischman et al. 2022. Reforestation exclusion reinterpreted as AF social-safeguard proximity flag.",page,,,,,,,dropped,
ev_tree_canopy_cover_sprenkle24_1,sprenkle_hyppolite_2024,agroforestry,agroforestry__planted_silvoarable,tree_canopy_cover,"{""threshold"": 25, ""direction"": ""below"", ""unit"": ""percent_tree_cover"", ""note"": ""agricultural land eligible for TCA defined as <25% baseline tree cover; above this counted as forestry""}",,structural_suitability,literature_relationship,modelled,practice_technology,,high,"While definitions of forests using tree cover differ (depending on the use and ecosystem, definitions range from 10 to 30%) and agriculture does occur in areas with >25% tree cover, we used 25% tree cover as a cutoff in order to avoid any double counting of natural climate solution potential with forestry-based solutions (please see the following paragraph for further discussion of tree cover). This cutoff also avoids the need for distinguishing high-shade agroforestry from natural forests using remote sensing, which is not yet available globally [30].",4,true,tree cover,,,[reviewed 2026-09-18 by peetmate; reason:confirmed_pass] Potapov et al. 2022 (cropland layer); forest cover datasets,page,,,"While definitions of forests using tree cover differ (depending on the use and ecosystem, definitions range from 10 to 30%) and agriculture does occur in areas with > 25% tree cover, we used 25% tree cover as a cutoff in order to avoid any double counting of natural climate solution potential with forestry-based solutions",4,,,,2026-06-18.section-scope
ev_tree_canopy_cover_sprenkle24_2,sprenkle_hyppolite_2024,agroforestry,agroforestry__planted_silvoarable,tree_canopy_cover,"{""opt_high"": 27, ""unit"": ""percent_tree_cover"", ""note"": ""Delphi-elicited mean maximum tree cover across all biomes and agricultural systems without reducing yields; SD=16%""}",,structural_suitability,literature_relationship,expert_assertion,practice_technology,,high,The mean estimation across all biomes and agricultural systems was 27% with a relatively large standard deviation of 16%.,11,true,maximum tree cover,,,[reviewed 2026-09-18 by peetmate; reason:confirmed_pass; note:error is very useful to collect we should review how this is handled.] Delphi expert elicitation across 53 regional cropping and grazing system categories,page,,,,,Expert-elicited maximum tree cover per biome/land-use type that maximizes tree density without significantly reducing long-term agricultural yields,4,,
ev_tree_canopy_cover_sprenkle24_3,sprenkle_hyppolite_2024,agroforestry,agroforestry__shaded_perennial,tree_canopy_cover,"{""opt_high"": 35, ""unit"": ""percent_tree_cover"", ""note"": ""Delphi-elicited maximum in forested biomes; paper notes this approaches shade-agroforestry level — caution warranted for shade-intolerant crops""}","{""biome_group"": ""forested_biomes""}",structural_suitability,literature_relationship,expert_assertion,practice_technology,,high,"The mean estimation across forested biomes was around 35%, a level that is sometimes considered shade-agroforestry, so these estimations must be applied with caution and close monitoring of agricultural yield impacts on shade-intolerant crops.",11,false,maximum tree cover,,,[dropped 2026-09-18 by peetmate; reason:speculative_evidence] Delphi expert elicitation,page,,,"The mean estimation across forested biomes was around 35%, a level that is sometimes considered shade-agroforestry, so these estimations must be applied with caution and close monitoring of agricultural yield impacts on shade-intolerant crops.",11,,,dropped,
ev_tree_canopy_cover_sprenkle24_4,sprenkle_hyppolite_2024,agroforestry,agroforestry__planted_silvoarable,tree_canopy_cover,"{""opt_low"": 21, ""opt_high"": 42, ""unit"": ""percent_tree_cover"", ""note"": ""Range across forest biomes for cropland; Moist Broadleaf=21%, Dry Broadleaf=42%; Delphi expert elicitation""}","{""biome_group"": ""forest_biomes"", ""land_use"": ""cropland""}",structural_suitability,literature_relationship,expert_assertion,practice_technology,,high,The mean estimated maximum in croplands in Temperate and Tropical/Subtropical Forest biomes range from 21% in Moist Broadleaf Forests up to 42% for cropland in Dry Broadleaf Forests.,7,true,maximum tree cover,,,"[reviewed 2026-09-18 by peetmate; reason:confirmed_pass] Delphi expert elicitation, Temperate and Tropical/Subtropical Forest biomes",page,,,,,,,,
ev_tree_canopy_cover_sprenkle24_5,sprenkle_hyppolite_2024,agroforestry,agroforestry__silvopastoral,tree_canopy_cover,"{""mean_delta"": 18, ""unit"": ""percent_tree_cover_increase"", ""note"": ""Mean tree cover increase from baseline to expert-estimated maximum in tropical/subtropical Grasslands, Savannas & Shrublands (grazing lands); delta not absolute maximum""}","{""biome_group"": ""tropical_subtropical_grasslands_savannas_shrublands"", ""land_use"": ""grazing_land""}",structural_suitability,literature_relationship,expert_assertion,practice_technology,,low,"tropical/subtropical GSS comprising more than half of the global potential at 0.81 Pg CO2 yr− 1 over the largest number of hectares (543 M), with a mean tree cover increase of 18% (Table 3).",10,false,mean tree cover increase,,,"[dropped 2026-09-18 by peetmate; reason:off_scope; note:Section is about CO2 removal and not agroforestry sutiability.] Delphi expert elicitation, Table 3",page,,,,,,,dropped,
ev_soil_ph_fsrp22_1,wb_fsrp_2022,agroforestry,agroforestry__planted_silvoarable,soil_ph,,,structural_suitability,scoping_candidate,cited_secondary,practice_technology,,low,"A significant share of Ethiopia's agricultural soils is not as productive as they could be due to a suboptimal pH level. According to Ethiopian Soil Information System data, 28 percent of soils are acidic while a significant proportion are alkaline.",82,false,soil pH,,,"[dropped 2026-09-18 by peetmate; reason:off_scope] Ethiopia country context, citing Ethiopian Soil Information System",page,,,,,,,dropped,2026-06-18.section-scope
ev_soil_organic_carbon_fsrp22_1,wb_fsrp_2022,agroforestry,agroforestry__planted_silvoarable,soil_organic_carbon,,,structural_suitability,scoping_candidate,cited_secondary,practice_technology,,high,"the extensive loss of soil organic matter is diminishing the productive capacity of Ethiopia's agricultural land and reducing soils' capacity to retain moisture, leaving rainfed farms more vulnerable to drought.",82,false,soil organic matter,,,[dropped 2026-09-18 by peetmate; reason:off_scope; note:this is a generic problem statement not tied to agroforestry at all.] Ethiopia country context,page,,,,,,,dropped,
ev_tenure_security_fsrp22_1,wb_fsrp_2022,agroforestry,agroforestry__planted_silvoarable,tenure_security,,,structural_suitability,scoping_candidate,cited_secondary,practice_technology,,low,"According to SIGI, the legal framework for land tenure is relatively gender equal, but customary law and traditional practices often supersede it, and enforcement is weak. As a result, 85 percent of land is held in men's names, which perpetuates gender inequalities that affect women's access to productive resources, credit,",110,false,land tenure,,,"[dropped 2026-09-18 by peetmate; reason:off_scope] Madagascar country context, citing OECD SIGI 2019",page,,,,,,,dropped,2026-06-18.section-scope
ev_conflict_fragility_index_fsrp22_1,wb_fsrp_2022,agroforestry,agroforestry__planted_silvoarable,conflict_fragility_index,,,structural_suitability,scoping_candidate,table,practice_technology,,low,Ethiopia: Fragility and conflict situations in the country; weak PFM and internal audit oversight capacities and weaker infrastructure and communication technology,154,true,fragility and conflict,,,"[dropped 2026-09-18 by peetmate; reason:off_scope] [reviewed 2026-08-06 by Namita-J] FM Risk Table A7.1, country-level inherent risk rating H (High)",page,,,,,,,dropped,2026-06-18.section-scope
ev_extension_governance_fsrp22_1,wb_fsrp_2022,agroforestry,agroforestry__planted_silvoarable,extension_governance,,,structural_suitability,scoping_candidate,primary_measured,practice_technology,,low,"The subcomponent will conduct participatory appraisals of the current agricultural extension system to identify its structural weaknesses, understand the roles and links of different stakeholders, and identify (and prioritize) ways in which extension services can reduce farmers' vulnerability, thus increasing the system's capacity to support farmer resilience.",89,false,agricultural extension system,,,[dropped 2026-09-18 by peetmate; reason:off_scope] Ethiopia FSRP Sub-component on extension system strengthening,page,,,,,,,dropped,2026-06-18.section-scope
ev_tenure_security_kcsap16_1,wb_kcsap_2016,agroforestry,agroforestry__planted_silvoarable,tenure_security,,"{""country"": ""Kenya"", ""system"": ""smallholder_agriculture""}",structural_suitability,scoping_candidate,cited_secondary,practice_technology,,low,"Women constitute over 70 percent of the agricultural labor force but hold less than 5 percent of agricultural land titles, although weak land rights reduce incentives to invest in land and its productivity.",15,true,land titles / land rights,,,[dropped 2026-09-18 by peetmate; reason:off_scope] [reviewed 2026-07-15 by Namita-J],page,,,,,,,dropped,2026-06-18.section-scope
ev_annual_precipitation_kcsap16_1,wb_kcsap_2016,agroforestry,agroforestry__planted_silvoarable,annual_precipitation,,"{""country"": ""Kenya"", ""system"": ""mixed_crop_livestock""}",structural_suitability,scoping_candidate,table,practice_technology,,high,"The smallholder mixed crop-livestock system is found in areas that receive an average annual rainfall of more than 1,000 mm (high-rainfall zones or non-ASAL areas), spreading from central Kenya through the central Rift Valley to western Kenya and the coastal strip.",47,false,annual rainfall,,,"[dropped 2026-09-18 by peetmate; reason:off_scope; note:seems like a description of a farming system, project context or site.]",page,,,,,,,dropped,
ev_annual_precipitation_kcsap16_2,wb_kcsap_2016,agroforestry,agroforestry__planted_silvoarable,annual_precipitation,,"{""country"": ""Kenya"", ""system"": ""agro_silvo_pastoral"", ""aez"": ""semi_arid""}",structural_suitability,scoping_candidate,table,practice_technology,,high,"The crop-livestock-tree production (agro-silvo-pastoral) system is most prevalent in areas that receive an average annual rainfall of 750–1,000 mm (medium rainfall zones or semi-arid areas). This system focuses on the integration of livestock and crops, soil and water conservation, and the production of drought-tolerant and early maturing crops.",47,false,annual rainfall,,,[dropped 2026-09-18 by peetmate; reason:off_scope; note:This is a generic context description that is too vague and high-level to be used to inform structural sutiabiltity evidence. We should not be collect evidence from the description of project context or study site or similar for T4 -> make sure the agents stop doing this. Make sure there is an issue to select for this.],page,,,,,,,dropped,
ev_aridity_index_kcsap16_1,wb_kcsap_2016,agroforestry,agroforestry__planted_silvoarable,aridity_index,,"{""country"": ""Kenya"", ""system"": ""pastoral_rangeland"", ""aez"": ""arid""}",structural_suitability,scoping_candidate,table,practice_technology,,low,"The pastoral/extensive livestock production system38 is most common in areas where average annual rainfall is 200–750 mm (low-rainfall zones or arid areas), stretching from northern and northeastern Kenya to the southern areas bordering Tanzania.",47,false,arid areas / low-rainfall zones,,,[dropped 2026-09-18 by peetmate; reason:off_scope],page,,,,,,,dropped,2026-06-18.section-scope
ev_land_cover_kcsap16_1,wb_kcsap_2016,agroforestry,agroforestry__planted_silvoarable,land_cover,,"{""country"": ""Kenya"", ""system"": ""agro_pastoral"", ""window"": ""CIG_Window_I_II""}",structural_suitability,scoping_candidate,table,practice_technology,,low,"Windbreaks, hedgerows, enhanced clearing, live-hedge establishment … Promotion of non-timber forest products … Creating agro-forestry parks … Nursery (village or individual)",60,false,sustainable landscape management TIMPs,,,[dropped 2026-09-18 by peetmate; reason:off_scope],page,,,,,,,dropped,2026-06-18.section-scope
ev_extension_governance_kcsap16_1,wb_kcsap_2016,agroforestry,agroforestry__planted_silvoarable,extension_governance,,"{""country"": ""Kenya"", ""mechanism"": ""CDD_advisory""}",structural_suitability,scoping_candidate,cited_secondary,practice_technology,,low,contracting private advisory service providers to facilitate mobilization of community institutions and assist in Micro-project planning and implementation,21,false,advisory service providers,,,[dropped 2026-09-18 by peetmate; reason:off_scope],page,,,,,,,dropped,2026-06-18.section-scope
ev_finance_credit_access_kcsap16_1,wb_kcsap_2016,agroforestry,agroforestry__planted_silvoarable,finance_credit_access,,"{""country"": ""Kenya"", ""mechanism"": ""matching_grant""}",structural_suitability,scoping_candidate,cited_secondary,practice_technology,,low,Matching grants will be provided through three windows: (i) community-level investments to finance microprojects (Agro-Pastoral Micro-projects); (ii) county-level investments to finance relatively larger subprojects that benefit multiple wards or communities (Agro-Pastoral Subprojects); and (iii) productive alliance investments through PPPs with producers (PPP Subprojects). Beneficiaries must contribute at least 10 percent of the cost of their microprojects.,21,false,matching grants,,,[dropped 2026-09-18 by peetmate; reason:off_scope],page,,,,,,,dropped,2026-06-18.section-scope
ev_market_value_chain_kcsap16_1,wb_kcsap_2016,agroforestry,agroforestry__planted_silvoarable,market_value_chain,,"{""country"": ""Kenya"", ""mechanism"": ""value_chain_development""}",structural_suitability,scoping_candidate,cited_secondary,practice_technology,,low,"Value chain approach:40 An approach that focuses on developing priority agricultural, livestock, and fisheries commodities in the respective counties through interventions covering production, value addition, and links to markets will be taken. This approach will look at supply chains, delivery channels, and enabling environment issues to identify and address bottlenecks and leverage points in the value chains.",48,false,value chain approach,,,[dropped 2026-09-18 by peetmate; reason:off_scope],page,,,,,,,dropped,2026-06-18.section-scope
ev_tree_canopy_cover_zomer14_1,zomer_2014,agroforestry,agroforestry__planted_silvoarable,tree_canopy_cover,"{""threshold"": 10, ""unit"": ""%"", ""direction"": ""presence_above"", ""note"": ""10% tree cover = FAO forest definition; 43% of global agricultural land exceeds this""}",,structural_suitability,literature_relationship,primary_measured,practice_technology,,high,"Remote sensing data show that in 2010, 43% of all agricultural land globally had at least 10% tree cover and that this has increased by 2% over the previous ten years.",1,false,tree cover on agricultural land,,,"[dropped 2026-09-18 by peetmate; reason:off_scope; note:not related to agroforestry suitability, this is an obvious one and should have been better handled.] Zomer et al. 2014 primary analysis; tree cover data from MOD44B MODIS VCF Collection 5",page,,,,,,,dropped,2026-06-18.section-scope
ev_tree_canopy_cover_zomer14_2,zomer_2014,agroforestry,agroforestry__planted_silvoarable,tree_canopy_cover,"{""class_high"": "">45%"", ""class_moderate"": ""10-30%"", ""class_low"": ""<10%"", ""class_unclassified_gap"": ""30-45% (not named in quote)"", ""unit"": ""%"", ""note"": ""observed distribution by bioclimatic zone; 30-45% band not labelled in source text""}",,structural_suitability,literature_relationship,primary_measured,practice_technology,,low,"High tree cover (>​45%) was found in the humid regions such as Southeast Asia, Central America, eastern South America and central and coastal West Africa. Tree cover was moderate (10–30%) in the majority of agricultural areas in South Asia, sub-humid Africa, Central and Western Europe, Amazonian South America, and Midwestern North America. At the other extreme are agricultural areas with low (<​10%) tree cover such as Eastern China, Northwest India and the Punjab, Western Asia, the southern border of the Sahara, the northern prairies of North America and Southwest Australia.",3,false,tree cover on agricultural land,,,"[dropped 2026-09-18 by peetmate; reason:off_scope; note:Section is just describing biomass distribution and tree cover this is nothing to do with suitability.] Primary remote-sensing analysis using MOD44B MODIS VCF 250m, GLC2000",page,,,,,,,dropped,
ev_tree_canopy_cover_zomer14_3,zomer_2014,agroforestry,agroforestry__planted_silvoarable,tree_canopy_cover,"{""type"": ""linear"", ""min_cover_pct"": 0, ""baseline_carbon_tC_ha"": 5, ""max_cover_pct"": ""zone-specific Mixed Forest maximum (not quantified in quote)"", ""note"": ""linear increase from 5 tC/ha at 0% tree cover to zone-specific Mixed Forest ceiling; ceiling varies by IPCC carbon zone""}",,structural_suitability,literature_relationship,modelled,practice_technology,,low,"Biomass carbon is equal to the default Tier 1 value for agricultural land (5 tC/ha) when there are no trees on that land, ◦ (i.e. tree cover =​ 0%). There is an incremental linear increase of tC/ha proportionally as tree cover increases from the baseline (5 tC/ha at 0% tree cover) up to the maximum value for Mixed Forest in that specific carbon zone",10,false,tree cover (% of grid cell),,,[dropped 2026-09-18 by peetmate; reason:off_scope; note:Section is just describing biomass distribution and tree cover this is nothing to do with suitability.] IPCC Tier 1 GPG method (Ruesch & Gibbs 2008); Zomer et al. modelled extension,page,,,,,,,dropped,
ev_land_cover_zomer14_1,zomer_2014,agroforestry,agroforestry__planted_silvoarable,land_cover,"{""eligible_classes"": [""Cultivated and Managed Areas"", ""Cropland/Other Natural Vegetation""], ""source_dataset"": ""GLC2000"", ""note"": ""only two classes present in this quote; third class (Cropland/Tree Cover Mosaic) cited from p.10 — needs separate evidence unit or expanded quote""}",,structural_suitability,literature_relationship,table,practice_technology,,low,"Three agricultural land use types from the Global Land Cover 2000 database were included in our ""Agricultural Land"" class: • Cultivated and Managed Areas (agriculture — intensive), • Cropland/Other Natural Vegetation (non-trees: mosaic agriculture/degraded vegetation).",9,true,Agricultural Land class (GLC2000),,Global Land Cover 2000 (GLC2000),[reviewed 2026-09-18 by peetmate] [dropped 2026-08-06 by Namita-J],page,,,,,,,,
ev_land_cover_zomer14_2,zomer_2014,agroforestry,agroforestry__planted_silvoarable,land_cover,"{""global_agricultural_area_km2"": 22200000, ""source_dataset"": ""GLC2000"", ""note"": ""global agricultural land extent used as study domain; scale reference for suitability analysis""}",,structural_suitability,literature_relationship,primary_measured,practice_technology,,low,Overall the amount of area classed as agricultural is ~22.2 million km2 (GLC2000).,2,false,agricultural area (km2),,Global Land Cover 2000 (GLC2000),[dropped 2026-09-18 by peetmate; reason:off_scope],page,,,,,,,dropped,2026-06-18.section-scope
ev_aridity_index_zomer14_1,zomer_2014,agroforestry,agroforestry__planted_silvoarable,aridity_index,"{""direction"": ""negative"", ""note"": ""aridity is the primary bioclimatic driver of tree cover on agricultural land; humid (low aridity) = high cover; arid = low cover""}",,structural_suitability,literature_relationship,primary_measured,practice_technology,,high,"The distribution of tree cover on agricultural land broadly followed bioclimatic zones – in particular aridity. High tree cover (>​45%) was found in the humid regions such as Southeast Asia, Central America, eastern South America and central and coastal West Africa.",3,true,aridity / bioclimatic zones,,Aridity-Wetness Index (ref 50),"[query 2026-09-18 by peetmate; reason:confirmed_pass; note:this is a bit borderline, but I will accept it.] [reviewed 2026-06-22 by peetmate; reason:confirmed_pass; note:this is a bit borderline, but I will accept it.]",page,,,,,,,,
ev_aridity_index_zomer14_2,zomer_2014,agroforestry,agroforestry__planted_silvoarable,aridity_index,"{""direction"": ""negative"", ""note"": ""aridity negatively associated with tree cover on agricultural land; humid regions = higher biomass carbon""}",,structural_suitability,literature_relationship,primary_measured,practice_technology,,high,"In summary, both tree cover and consequently biomass carbon on agricultural land tend to be higher in humid regions.",3,true,aridity,,Aridity-Wetness Index,"[query 2026-09-18 by peetmate; reason:confirmed_pass; note:it's a bit borderline, but I will accept it, seems to be duplicate entry from the paper for the same variable though. you should make a note to harmonize duplicate entries -> this can happen after evidence extraction.] [dropped 2026-08-06 by Namita-J] [reviewed 2026-07-15 by Namita-J; reason:confirmed_pass]",page,,,,,,,,
ev_t4_slope_ahmad17_1,ahmad_2017,agroforestry,agroforestry__cross_family,slope,"{""opt_high"": 5, ""sub_low"": 5, ""sub_high"": 15, ""unit"": ""degrees (inferred)"", ""direction"": ""lower_is_better""}","{""country"": ""India"", ""district"": ""Palamu, Jharkhand""}",structural_suitability,literature_relationship,table,practice_technology,,low,"Slope
29.6
<5
5–15
> 15
3
2
1
High
Medium
Low",7,false,Slope,,,"[query 2026-09-18 by peetmate; reason:other; note:optimum is 0-5
medium is 5-15
low 15 - unknown] [dropped 2026-08-06 by Namita-J; reason:smuggled_number] general — applies cross-family; AHP weight 29.6%",page,,,,,,,,
ev_t4_precip_ahmad17_1,ahmad_2017,agroforestry,agroforestry__cross_family,annual_precipitation,"{""opt_low"": 985, ""sub_low"": 965, ""sub_high"": 985, ""unit"": ""mm (annual inferred)"", ""direction"": ""higher_is_better""}","{""country"": ""India"", ""district"": ""Palamu, Jharkhand""}",structural_suitability,literature_relationship,table,practice_technology,,low,"Rainfall
10.4
<965mm
965-985mm
>985mm
1
2
3
Low
Medium
High",7,false,Rainfall,,,"[VERIFY-FLAG mismatch: unit=""mm/yr"" not stated in quote (quote says ""mm"" only; ""annual"" is inferred, not explicit); no upper bound on optimal range encoded or present in quote.] general — applies cross-family; AHP weight 10.4%",page,,,,,,,,
ev_t4_soilph_ahmad17_1,ahmad_2017,agroforestry,agroforestry__cross_family,soil_ph,"{""opt_low"": 6.6, ""opt_high"": 7.3, ""sub_low_lower"": 5.6, ""sub_high_lower"": 6.5, ""sub_low_upper"": 7.4, ""sub_high_upper"": 8.4, ""abs_min_suitability_low"": 5.5, ""abs_max_suitability_low"": 8.5, ""unit"": ""pH"", ""note"": ""boundaries at 5.5 and 8.5 are Low-class thresholds, not hard exclusions""}","{""country"": ""India"", ""district"": ""Palamu, Jharkhand""}",structural_suitability,literature_relationship,table,practice_technology,,low,"pH
1
6.6-7.3
7.4-8.4, 6.5-5.6
< 5.5, >8.5
3
2
1
High
Medium
Low",7,false,pH,,,"[VERIFY-FLAG mismatch: abs_min=5.5 and abs_max=8.5 encoded as hard exclusions but quote assigns score=1 (Low suitability) to <5.5 and >8.5, not exclusion; bimodal medium range [5.6-6.5] and [7.4-8.4] collapsed into single sub_low/sub_high, losing the upper sub-optimal band.] general — applies cross-family; FAO-based land evaluation",page,,,,,,,,
ev_t4_soc_ahmad17_1,ahmad_2017,agroforestry,agroforestry__cross_family,soil_organic_carbon,"{""opt_low"": 0.75, ""sub_low"": 0.5, ""sub_high"": 0.75, ""unit"": ""%"", ""direction"": ""higher_is_better""}","{""country"": ""India"", ""district"": ""Palamu, Jharkhand""}",structural_suitability,literature_relationship,table,practice_technology,,low,"Organic carbon (%)
1
>0.75
0.75-.50
< 0.50
3
2
1
High
Medium
Low",7,false,Organic carbon (%),,,[VERIFY-FLAG mismatch: sub_low=0.50 (medium lower bound explicitly stated in quote) omitted from relationship; quote supports a three-class structure but only opt_low encoded.] general — applies cross-family; FAO-based land evaluation,page,,,,,,,,
ev_t4_landcover_ahmad17_1,ahmad_2017,agroforestry,agroforestry__planted_silvoarable,land_cover,"{""direction"": ""open_land_target""}","{""country"": ""India"", ""district"": ""Palamu, Jharkhand""}",structural_suitability,literature_relationship,primary_measured,practice_technology,,medium,"All classified dataset con-
taining four classes namely vegetation, water, settlement 
and open area. The open area land was evaluated for the 
agroforestry suitability studies was our objective of this 
research.",6,true,LULC / open area,,,"[reviewed 2026-09-18 by peetmate; reason:confirmed_pass; note:ok, but not terribly useful]",page,,,,,,,,
ev_T4_slope_ahmad2018_1,ahmad_2018,agroforestry,agroforestry__cross_family,slope,"{""direction"": ""negative"", ""thresholds_pct"": [{""label"": ""High"", ""range"": ""<5""}, {""label"": ""Medium"", ""range"": ""5-15""}, {""label"": ""Low"", ""range"": "">15""}], ""weight_pct"": 17.2}",,structural_suitability,literature_relationship,table,practice_technology,,high,"Tab.2. Weight factors/ranks for determining Agroforestry suitability mapping 
Agroforestry suitability 
mapping 
Weights % Value/Description Ranks Suitability 
Soil fertility status  45.8 Three categories based 
on weighted average output 
3 
2 
1 
High  
Medium 
Low 
Slope  17.2 <5 
5-15 
>15 
3 
2 
1 
High  
Medium 
Low",8,true,Slope,,,[reviewed 2026-09-18 by peetmate] general — applies cross-family,page,,,,,,,,2026-06-18.section-scope
ev_T4_soc_ahmad2018_1,ahmad_2018,agroforestry,agroforestry__cross_family,soil_organic_carbon,"{""direction"": ""positive"", ""thresholds_pct"": [{""label"": ""High"", ""range"": "">0.75""}, {""label"": ""Medium"", ""range"": ""0.75-0.50""}, {""label"": ""Low"", ""range"": ""<0.50""}], ""weight_in_soil_fertility_composite_pct"": 20}",,structural_suitability,literature_relationship,table,practice_technology,,high,Organic carbon (%) 20 >0.75 0.75-.50 < 0.50 3 2 1 High Medium Low,4,true,Organic carbon (%),,,"[query 2026-09-18 by peetmate; reason:off_scope; note:this table seems to be about determining soil fertility status is this directly related to the papers method for calculating AF sutiabilty? if it is this needs to be noted and explained, if not the claim should be rejected.] [reviewed 2026-08-06 by Namita-J; reason:confirmed_pass] general — applies cross-family",page,,,,,,,,
ev_T4_soilph_ahmad2018_1,ahmad_2018,agroforestry,agroforestry__cross_family,soil_ph,"{""optimal_range"": ""6.5-8.5"", ""reduced_range"": ""<6.5 or >8.5"", ""weight_in_soil_fertility_composite_pct"": 20}",,structural_suitability,literature_relationship,table,practice_technology,,low,"pH 20 8.5-6.5 <6.5, >8.5 3 2 High Medium",4,false,pH,,,[dropped 2026-09-18 by peetmate] general — applies cross-family,page,,,,,,,dropped,2026-06-18.section-scope
ev_T4_canopy_ahmad2018_1,ahmad_2018,agroforestry,agroforestry__cross_family,tree_canopy_cover,"{""direction"": ""positive"", ""thresholds"": [{""label"": ""Low"", ""range"": ""<0.2""}, {""label"": ""Medium"", ""range"": ""0.2-0.5""}, {""label"": ""High"", ""range"": "">0.5""}], ""weight_pct"": 14.4}",,structural_suitability,literature_relationship,table,practice_technology,,low,NDVI 14.4 <0.2 0.2-0.5 >0.5 1 2 3 Low Medium High,8,false,NDVI,,,[VERIFY-FLAG scope: cannot_expand — narrow; no fuller verbatim context] NDVI used as vegetation density proxy for agroforestry suitability scoring; general — applies cross-family,page,,,,,,,,2026-06-18.section-scope
ev_T4_landcover_ahmad2018_1,ahmad_2018,agroforestry,agroforestry__cross_family,land_cover,"{""agriculture_pct_in_very_high_suitability"": 86.4, ""open_area_pct_in_very_high_suitability"": 30.2}",,structural_suitability,literature_relationship,primary_measured,practice_technology,,high,86.4 % (agriculture) and 30.2% (open area) of land falls into very high agroforestry suitable,10,false,Land Use/Land cover,,,[dropped 2026-09-18 by peetmate; reason:other; note:this is agroforestry suitability in certain LULCs it is not a an evidence source. 86.4% agriculture pct in very high suitability is not an appropriate evidence sources. We need to quote the suitability methods not subsequent overlays.] general — applies cross-family,page,,,,,,,dropped,
ev_t4_lndcov_ahmad2020_1,ahmad_2020,agroforestry,agroforestry__planted_silvoarable,land_cover,"{""direction"": ""positive"", ""threshold_pct_suit"": 50, ""area_fraction"": 0.73}","{""region"": ""South Asia"", ""crop_type"": ""rainfed""}",structural_suitability,literature_relationship,table,practice_technology,,high,Approximately 73% of the rainfed area showed agroforestry suitability greater than 50% which gives adequate opportunity to harness agroforestry practices such as the silivi-pastoral system with better soil management,11,false,rainfed cropland agroforestry suitability,,,"[dropped 2026-09-18 by peetmate; reason:off_scope; note:seems to be a description of mapped suitability for an area, this is not at all useful for implementing a suitability analysis. BAD MISTAKE LEARN NOT TO DO THIS AGAIN.]",page,,,,,,,dropped,2026-06-18.section-scope
ev_t4_arid_ahmad2020_1,ahmad_2020,agroforestry,agroforestry__planted_silvoarable,aridity_index,,"{""region"": ""South Asia""}",structural_suitability,scoping_candidate,primary_measured,practice_technology,,medium,"The northwest parts of the South Asian region are mostly having less than 25% agroforestry suitability categories due to low soil fertility, low precipitation and dry environment (low aridity index values).",7,true,aridity index,,,"[query 2026-09-18 by peetmate; reason:confirmed_pass; note:this is an interesting paper but it is hard to get any variable relationships out of it it, there is a lot of information hhidden in the figures. If you did not interpret the figures you may need to ask me to procide you sscreengrabs. Inpaeticular Fig8 and Table2.] [reviewed 2026-06-22 by peetmate; reason:confirmed_pass; note:this is an interesting paper but it is hard to get any variable relationships out of it it, there is a lot of information hhidden in the figures. If you did not interpret the figures you may need to ask me to procide you sscreengrabs. Inpaeticular Fig8 and Table2.]",page,,,,,,,,
ev_t4_tcc_ahmad2020_1,ahmad_2020,agroforestry,agroforestry__planted_silvoarable,tree_canopy_cover,"{""threshold_pct"": 10, ""area_fraction_above"": 0.195}","{""region"": ""South Asia"", ""year"": 2000}",structural_suitability,literature_relationship,primary_measured,practice_technology,,high,Tree cover percent greater than 10% (which represents the forest as per definition by FAO 2010) occupied 19.5% of the total geographical area.,7,false,tree cover percent,,,"[dropped 2026-09-18 by peetmate; reason:off_scope; note:tree cover != agroforestry, bad mistake, avoid in future. This is general description of a global trend or study area.]",page,,,,,,,dropped,
ev_t4_tcc_brandt2015_1,brandt_2015,agroforestry,agroforestry__planted_silvoarable,tree_canopy_cover,"{""abs_max"": 10, ""unit"": ""%"", ""direction"": ""suitable_below""}","{""country"": ""Kenya""}",structural_suitability,literature_relationship,table,practice_technology,,medium,"Proxy dataset: percentage of cropland area (Fritz et al., 2015) restricted to regions with a tree cover b10% (Hansen et al., 2013).
Assumption: regions with higher proportions of cropland show potential for integrating trees into agricultural landscapes that lack a minimum tree cover aligning this CSA practice with the national policy target in Kenya to achieve a tree cover of at least 10%
(Government of Kenya, 2007).",6,true,tree cover,,,"[reviewed 2026-09-18 by peetmate; reason:confirmed_pass] Government of Kenya, 2007. Kenya Vision 2030.",page,,,,,Used as proxy for agroforestry suitability: cropland areas with <10% tree cover indicate potential for integrating trees.,6,,
ev_t4_lc_brandt2015_1,brandt_2015,agroforestry,agroforestry__planted_silvoarable,land_cover,,"{""country"": ""Kenya""}",structural_suitability,scoping_candidate,table,practice_technology,,low,Agroforestry integrates trees into croplands and pastures.,6,false,cropland area,,,[dropped 2026-09-18 by peetmate; reason:off_scope],page,,,,,Cropland land cover used as system_constraint proxy: cropland areas targeted for integrating agroforestry trees.,6,dropped,2026-06-18.section-scope
ev_t4_prec_brandt2015_1,brandt_2015,agroforestry,agroforestry__cross_family,annual_precipitation,,"{""country"": ""Kenya""}",structural_suitability,scoping_candidate,table,practice_technology,,low,"‘Annual precipitation’ was selected as indicator for water availability and ecosystem
productivity. The availability of water largely determines agricultural productivity.",5,false,Annual precipitation,,,[dropped 2026-09-18 by peetmate; reason:off_scope] general — applies cross-family,page,,,,,Annual precipitation used as biophysical vulnerability indicator; water availability determines agricultural productivity.,5,dropped,2026-06-18.section-scope
ev_t4_soc_brandt2015_1,brandt_2015,agroforestry,agroforestry__planted_silvoarable,soil_organic_carbon,,"{""country"": ""Kenya""}",structural_suitability,scoping_candidate,cited_secondary,practice_technology,,low,"Regions with low soil organic carbon need CSA practices that alleviate nutrient depletion
such as measures to stop erosion to build up soil carbon through organic fertilizers and
integrated practices such as agroforestry (Lal et al., 2011).",5,false,Soil organic matter,,,"[dropped 2026-09-18 by peetmate; reason:wrong_practice; note:This talks about CSA, which contains Agroforestry, but is an umbrella for many of practices too, there is no direct link here to Planted silvoarable in this table it is too generic.] Lal et al., 2011",page,,,,,Soil organic matter used as vulnerability indicator; low SOC indicates demand for agroforestry as a soil-fertility CSA practice.,5,dropped,
ev_t4_att_brandt2015_1,brandt_2015,agroforestry,agroforestry__planted_silvoarable,accessibility_travel_time,,"{""country"": ""Kenya""}",structural_suitability,scoping_candidate,table,practice_technology,,low,"Connectivity through transport infrastructure
Degree of connection between places across Kenya, based on time needed for travelling
to the next city N50,000 inhabitants (Uchida and Nelson, 2009).",5,false,Connectivity through transport infrastructure,,"Uchida and Nelson, 2009 agglomeration index","[dropped 2026-09-18 by peetmate; reason:off_scope] Uchida and Nelson, 2009",page,,,,,"Travel time to nearest city (>50,000 pop) used as proxy for market and extension access; reduced access = higher vulnerability.",5,dropped,2026-06-18.section-scope
ev_t4_ai_brandt2015_1,brandt_2015,agroforestry,agroforestry__planted_silvoarable,aridity_index,,"{""country"": ""Kenya""}",structural_suitability,scoping_candidate,table,practice_technology,,low,"Proxy dataset: aridity index (Zomer et al., 2008)",6,false,aridity index,,"Zomer et al., 2008 aridity index","[dropped 2026-09-18 by peetmate; reason:off_scope] Zomer et al., 2008",page,,,,,Aridity index used as proxy for water-harvesting CSA practice suitability; drylands have high demand for water management.,6,dropped,2026-06-18.section-scope
ev_t4_soil_drain_castle2025_1,castle_2025,agroforestry,agroforestry__cross_family,soil_drainage,"{""type"": ""binary_threshold"", ""rating"": ""Binary suitable/not suitable""}",,structural_suitability,literature_relationship,table,practice_technology,,high,"Soil drainage class SSURGO [60] and AgTiles [61] Soil's ability to drain or maintain water, 30 m spatial resolution, using drainage tiles data to adjust drainage class Binary suitable/not suitable rating (All criteria need to be met, see table S1)",7,true,Soil drainage class,,,[reviewed 2026-09-18 by peetmate; reason:confirmed_pass] general — applies cross-family,page,,,,,,,,
ev_t4_soil_ph_castle2025_1,castle_2025,agroforestry,agroforestry__cross_family,soil_ph,{},,structural_suitability,scoping_candidate,table,practice_technology,,low,"Soil pH Soil properties (SSURGO, STATSGO) [56] Acidity or alkalinity of soil, 800 m spatial resolution",7,false,Soil pH,,,[dropped 2026-09-18 by peetmate; reason:off_scope] general — applies cross-family,page,,,,,,,dropped,2026-06-18.section-scope
ev_t4_ann_precip_castle2025_1,castle_2025,agroforestry,agroforestry__cross_family,annual_precipitation,"{""unit"": ""mm/year"", ""resolution_km"": 4.6}",,structural_suitability,literature_relationship,table,practice_technology,,low,"Precipitation PRISM Monthly Spatial Climate Dataset [36] Average annual rainfall (mm/year), 4.6 km spatial resolution",7,false,Precipitation,,,[dropped 2026-09-18 by peetmate; reason:off_scope] general — applies cross-family,page,,,,,,,dropped,2026-06-18.section-scope
ev_t4_mat_castle2025_1,castle_2025,agroforestry,agroforestry__cross_family,mean_annual_temperature,"{""unit"": ""days"", ""resolution_m"": 30, ""variable_note"": ""frost_free_period, not mean_annual_temperature""}",,structural_suitability,literature_relationship,table,practice_technology,,low,"Frost-free period SSURGO [62] Expected number of days between last freeze in spring and first freeze in fall, 30 m spatial resolution",7,false,Frost-free period,,,"[VERIFY-FLAG mismatch: Variable tagged mean_annual_temperature but quote describes frost-free period (days between last spring freeze and first fall freeze), a distinct variable. Unit 'days' and resolution 30 m are correct for the quote but the variable label is wrong.] general — applies cross-family",page,,,,,,,,
ev_t4_land_cover_castle2025_1,castle_2025,agroforestry,agroforestry__cross_family,land_cover,"{""gating_condition"": ""cropland or pasture/grassland; exclude existing tree crops""}",,structural_suitability,literature_relationship,table,practice_technology,,high,Areas currently in cropland or pasture/grassland use. Excluding lands that are currently planted with tree crops. Alley cropping on pasture/grasslands would consist of growing forage between the tree rows without grazing animals.,8,true,Agricultural extent — Alley cropping,,,[reviewed 2026-09-18 by peetmate] general — applies cross-family,page,,,,,,,,
ev_t4_land_cover_castle2025_2,castle_2025,agroforestry,agroforestry__silvopastoral,land_cover,"{""gating_condition"": ""pasture/grassland""}",,structural_suitability,literature_relationship,table,practice_technology,,high,Areas currently in pasture/grassland use. Silvopasture includes growing any arrangement of trees and forage with grazing animals.,8,false,Agricultural extent — Silvopasture,,,[query 2026-09-18 by peetmate; note:sure land cover is important but how it be actioned? what classes are in or out?],page,,,,,,,,
ev_t4_tenure_castle2025_1,castle_2025,agroforestry,agroforestry__cross_family,tenure_security,"{""direction"": ""negative"", ""metric"": ""percent of acres rented""}",,operational_risk,literature_relationship,table,practice_technology,,high,"Higher rates of rented land may lower agroforestry acceptability since farmers are typically less likely to adopt agroforestry on rented lands. Insecure tenure presents a challenge for adopting practices that require multiple years to become profitable. Prior literature has shown that secure land tenure is linked with higher rates of agroforestry adoption [47, 48].",5,false,Rented lands,,,"[query 2026-09-18 by peetmate; reason:other; note:I think this is table 3/next steps not table 4 structural suitability.] general — applies cross-family; cited secondary refs [47, 48]",page,,,,,,,,
ev_t4_labour_castle2025_1,castle_2025,agroforestry,agroforestry__cross_family,labour_availability,"{""direction"": ""positive""}",,operational_risk,literature_relationship,table,practice_technology,,high,"Agroforestry practices with harvestable products are more labor intensive, so regions with existing labor markets are likely to be more suitable for these practices [50].",6,false,Hired labor,,,general — applies cross-family; cited secondary ref [50],page,,,,,,,,
ev_t4_protected_castle2025_1,castle_2025,agroforestry,agroforestry__cross_family,protected_area_status,{},,structural_suitability,scoping_candidate,primary_measured,practice_technology,,low,"logically suitable (e.g. not replacing a native tallgrass prairie or primary forest with agroforestry), using appropriate tree species, and where landowners and operators will likely maintain them as a long-term practice",3,false,Ecological suitability exclusion,,,[VERIFY-FLAG scope: none — Quote gestures at exclusion logic (not replacing native prairie/primary forest) which maps loosely to protected-area/land-suitability constr] general — applies cross-family,page,,,,,,,,2026-06-18.section-scope
ev_t4_finance_castle2025_1,castle_2025,agroforestry,agroforestry__cross_family,finance_credit_access,"{""value"": 60, ""unit"": ""million USD"", ""area_target_acres"": 30000}",,structural_suitability,literature_relationship,primary_measured,practice_technology,,low,"In 2022, the USDA funded over $60 million in grants to scale agroforestry up by at least 30 000 acres, with the long-term goal of expanding agro- forestry to 10% of US farmland [10].",3,false,USDA agroforestry grants,,,[dropped 2026-09-18 by peetmate; reason:off_scope] general — applies cross-family,page,,,,,,,dropped,2026-06-18.section-scope
ev_t4_finance_castle2025_2,castle_2025,agroforestry,agroforestry__planted_silvoarable,finance_credit_access,"{""direction"": ""positive"", ""condition"": ""appropriate policies and financial incentives""}",,operational_risk,scoping_candidate,cited_secondary,practice_technology,,medium,"Agroforestry can maintain or improve productivity and profitabil- ity, especially when appropriate policies and financial incentives exist [16–19].",2,true,Financial incentives condition,,,"[query 2026-09-18 by peetmate; reason:other; note:nees to be associated with references 16-19.
IS this T4? or T3 project risk and implementation gudiances for next steps?] [reviewed 2026-06-22 by peetmate; reason:other; note:nees to be associated with references 16-19.
IS this T4? or T3 project risk and implementation gudiances for next steps?] cited secondary refs [16–19]",page,,,,,,,,
ev_t4_market_castle2025_1,castle_2025,agroforestry,agroforestry__planted_silvoarable,market_value_chain,"{""direction"": ""negative"", ""barrier_type"": ""lack of market linkages""}",,operational_risk,literature_relationship,cited_secondary,practice_technology,,high,"Some important agro- forestry barriers identified in previous studies include lack of knowledge, financial risk and uncertainty, lack of technical skills, insecure land access, and lack of market linkages for agroforestry products [79].",15,true,Market linkages barrier,,,[query 2026-09-18 by peetmate; note:is this T4 or T3 project risk/enabling environment and/or implementation and next steps?] [reviewed 2026-06-22 by peetmate; note:is this T4 or T3 project risk/enabling environment and/or implementation and next steps?] cited from previous studies [79],page,,,,,,,,
ev_t4_extension_castle2025_1,castle_2025,agroforestry,agroforestry__planted_silvoarable,extension_governance,"{""direction"": ""negative"", ""barrier_type"": ""lack of knowledge; lack of technical skills""}",,operational_risk,literature_relationship,cited_secondary,practice_technology,,high,"Some important agro- forestry barriers identified in previous studies include lack of knowledge, financial risk and uncertainty, lack of technical skills, insecure land access, and lack of market linkages for agroforestry products [79].",15,true,Knowledge and technical skills barrier,,,[query 2026-09-18 by peetmate; note:again is this T4 or T3 project risk/enablers and nextsteps for implementation?] [reviewed 2026-06-22 by peetmate; note:again is this T4 or T3 project risk/enablers and nextsteps for implementation?] cited from previous studies [79],page,,,,,,,,
ev_T4_slope_chuma21_1,chuma_2021,agroforestry,agroforestry__cross_family,slope,"{""very_high_suitability_slope_pct"": ""<5"", ""high_suitability_slope_pct"": ""5–20"", ""moderate_suitability_slope_pct"": "">20"", ""suitability_index_very_high"": ""0.8–1.0"", ""suitability_index_high"": ""0.6–0.8"", ""suitability_index_moderate"": ""0.6–0.1"", ""unit"": ""%slope""}","{""study_location"": ""eastern DR Congo"", ""study_income_group"": ""low_income""}",structural_suitability,literature_relationship,table,practice_technology,,high,Aspects Very strong aptitude < 5% 9766 34.9 0.8-1.0 Strong aptitude 5 a 20% 7387 26.4 0.6-0.8 Moderate ability > 20% 10830 38.7 0.6-0.1,6,true,Aspects,,,"[reviewed 2026-09-18 by Namita-J,peetmate] Table 3, Chuma et al. 2021; general — applies cross-family",page,,,,,,,,
ev_T4_land_cover_chuma21_1,chuma_2021,agroforestry,agroforestry__cross_family,land_cover,{},"{""study_location"": ""eastern DR Congo"", ""study_income_group"": ""low_income""}",structural_suitability,scoping_candidate,primary_measured,practice_technology,,low,"The variables used in land suitability analysis included the land use and land cover, the slope (in %), elevation (in m), and slope aspect.",3,false,land use and land cover,,,"[VERIFY-FLAG scope: methods — Methods description listing the variables used in the suitability analysis (LULC, slope, elevation, aspect). No land-cover class, threshold,] general — applies cross-family [AUTO-QUARANTINE off_scope:land_cover_no_classes]",page,,,,,,,dropped,2026-06-18.section-scope
ev_T4_distance_to_road_chuma21_1,chuma_2021,agroforestry,agroforestry__cross_family,distance_to_road,"{""very_high_suitability_km"": ""<5"", ""high_suitability_km"": ""5–10"", ""moderate_suitability_km"": ""10–20"", ""low_suitability_km"": ""20–30"", ""marginal_km"": "">30"", ""suitability_index_very_high"": ""0.8–1.0"", ""unit"": ""km""}","{""study_location"": ""eastern DR Congo"", ""study_income_group"": ""low_income""}",operational_risk,literature_relationship,table,practice_technology,,high,Euclidean distance to the road Very high <5 km 13040 46.6 0.8–1.0 High 5 to 10 km 6799 24.3 0.6–0.8 Moderate 10 to 20 km 5232 18.7 0.6–0.4 Low 20 to 30 km 1762 6.3 0.4–0.2 Marginal > 30 km 1147 4.1 0.2–0,6,false,Euclidean distance to the road,,,"Table 3, Chuma et al. 2021; general — applies cross-family",page,,,,,,,,
ev_T4_distance_to_road_chuma21_2,chuma_2021,agroforestry,agroforestry__cross_family,distance_to_road,"{""very_high_suitability_threshold_km"": ""<5"", ""unsuitable_threshold_km"": "">30"", ""unit"": ""km""}","{""study_location"": ""eastern DR Congo"", ""study_income_group"": ""low_income""}",structural_suitability,literature_relationship,primary_measured,practice_technology,,low,More than ~46.6% of the area were classified as easily accessible by road (< 5 km) and were considered as very highly suitable for agroforestery. Only ~4.1% lands were classified as unsuitable because they were at more than 30 km from the road.,4,false,distance to road,,,[VERIFY-FLAG mismatch: Quote says areas >30 km were 'classified as unsuitable' — relationship encodes this as 'marginal_threshold_km'. 'Unsuitable' and 'marginal' are distinct suitability classes; the key label smuggles a downgraded class not stated in the quote.] general — applies cross-family [AUTO-QUARANTINE off_scope:results_description],page,,,,,,,dropped,
ev_T4_accessibility_travel_time_chuma21_1,chuma_2021,agroforestry,agroforestry__cross_family,accessibility_travel_time,"{""climate_weight_pct"": ""28.9"", ""distance_rivers_weight_pct"": ""20.1"", ""villages_airports_weight_pct"": ""15"", ""roads_weight_pct"": ""10"", ""combined_top4_weight_pct"": ""84"", ""note"": ""These are AHP factor weights, not travel-time thresholds; variable should be relabelled to reflect factor-weight evidence""}","{""study_location"": ""eastern DR Congo"", ""study_income_group"": ""low_income""}",operational_risk,literature_relationship,primary_measured,practice_technology,,low,"Nine factors were combined to assess suitability for agroforestry, and from these factors, four had contributed up to 84% of the suitability. These were climate types (~28.9%), Euclidean distance to rivers (~20.1%), to local villages, local airports (15%) and roads (10%).",6,false,Euclidean distance to villages/airports/roads,,,"[VERIFY-FLAG mismatch: Variable is labelled 'accessibility_travel_time' but the quote describes AHP factor weights (%, contribution to suitability score) for climate, rivers, villages/airports, and roads — not travel-time thresholds or accessibility distances. Mislabeled variable; the encoded numbers are factor weight percentages, which the quote does support.] general — applies cross-family",page,,,,,,,,
ev_T4_conflict_fragility_index_chuma21_1,chuma_2021,agroforestry,agroforestry__cross_family,conflict_fragility_index,{},"{""study_location"": ""eastern DR Congo"", ""study_income_group"": ""low_income""}",structural_suitability,scoping_candidate,primary_measured,practice_technology,,low,the presence of active armed rebel groups across these areas making them unsafe for producers,6,false,armed rebel groups,,,"[VERIFY-FLAG scope: study_site — Describes presence of armed rebel groups making areas unsafe — a study-area context/security observation, not a threshold or class governing] general — applies cross-family",page,,,,,,,,2026-06-18.section-scope
ev_T4_market_value_chain_chuma21_1,chuma_2021,agroforestry,agroforestry__cross_family,market_value_chain,{},"{""study_location"": ""eastern DR Congo"", ""study_income_group"": ""low_income""}",operational_risk,scoping_candidate,primary_measured,practice_technology,,low,"These latter areas had almost impracticable roads, making it difficult to access production inputs.",6,false,road access to production inputs,,,"[VERIFY-FLAG scope: study_site — Narrative observation that some areas had impracticable roads making input access difficult — site description, not a suitability rule/thres] general — applies cross-family",page,,,,,,,,2026-06-18.section-scope
ev_T4_slope_haile2024_1,haile_2024,agroforestry,agroforestry__cross_family,slope,"{""unit"": ""%"", ""classes"": ""very_high:<4%, high:4-7%, medium:7-9%, low:>9%"", ""opt_high"": null}","{""study_area"": ""Genale sub-basin, Oromia, Ethiopia"", ""aez"": ""semi-arid to sub-humid""}",structural_suitability,literature_relationship,table,practice_technology,,low,"The slope data was derived from the Aster Digital Elevation Model (DEM) and subsequently categorized into four classifications: less than 4%, between 4% and 7%, between 7% and 9%, and greater than 9%. These categories were assigned ranks of 4, 3, 2, and 1, corresponding to very high, high, medium, and low suitability for plant growth, respectively",7,true,Slope,,,[reviewed 2026-09-18 by peetmate] general — applies cross-family; GIS-AHP land suitability study,page,,,,,,,,
ev_T4_slope_haile2024_2,haile_2024,agroforestry,agroforestry__cross_family,slope,"{""direction"": ""negative"", ""mechanism"": ""erosion and nutrient loss at high slope""}","{""study_area"": ""Genale sub-basin, Oromia, Ethiopia""}",structural_suitability,literature_relationship,primary_measured,practice_technology,,medium,"Slope percentage plays a significant role in influencing plant growth. Steeper slopes facilitate the rapid movement of water, which can lead to increased soil erosion and loss of soil nutrients.",7,true,Slope percentage,,,[reviewed 2026-09-18 by peetmate] general — applies cross-family,page,,,,,,,,
ev_T4_precip_haile2024_1,haile_2024,agroforestry,agroforestry__cross_family,annual_precipitation,"{""opt_low"": 800, ""opt_high"": 1200, ""unit"": ""mm"", ""classes"": ""low:<600mm, medium:600-800mm, high:800-1200mm, very_high:>1200mm""}","{""study_area"": ""Genale sub-basin, Oromia, Ethiopia"", ""data_period"": ""1993-2023""}",structural_suitability,literature_relationship,primary_measured,practice_technology,,low,"rainfall map was categorized into four classes (<600mm, 600-800mm, 800mm-1200mm, >1200 mm), which were assigned ranks of 1, 2, 3, and 4, corresponding to low, medium, high and very high rainfall levels, respectively",8,false,Mean annual rainfall,,,[dropped 2026-09-18 by peetmate] general — applies cross-family,page,,,,,,,dropped,
ev_T4_precip_haile2024_2,haile_2024,agroforestry,agroforestry__cross_family,annual_precipitation,"{""opt_low"": 800, ""opt_high"": 1200, ""unit"": ""mm"", ""ahp_weight_pct"": 12, ""classes"": ""low:<600mm, medium:600-800mm, high:800-1200mm, very_high:>1200mm""}","{""study_area"": ""Genale sub-basin, Oromia, Ethiopia""}",structural_suitability,literature_relationship,table,practice_technology,,low,"Rainfall 
12 
<600mm 
1 
Low 
600mm-800mm 
2 
Medium 
800mm-1200mm 
3 
High 
>1200mm 
4 
Very high",5,false,Rainfall,,,"[query 2026-09-18 by peetmate; reason:insufficient_context; note:table caption missing, possibly because split across pages] [VERIFY-FLAG mismatch: Same abs_min: 600 defect as ev_T4_precip_haile2024_1 — <600 mm = rank 1 (Low), not excluded. The 12 in the quote ('Rainfall \n12') is plausibly an AHP weight %, and ahp_weight_pct: 12 is quote-consistent, but abs_min: 600 and the /year unit suffix remain unsupported by this quote.] general — applies cross-family; AHP weight 12%",page,,,,,,,,
ev_T4_ph_haile2024_1,haile_2024,agroforestry,agroforestry__cross_family,soil_ph,"{""opt_low"": 6.6, ""opt_high"": 7.3, ""unit"": ""pH"", ""classes"": ""low:<5_OR_>8, medium:5.1-5.5_OR_8-8.3, high:7.4-8.4_OR_6.5-5.6, very_high:6.6-7.3""}","{""study_area"": ""Genale sub-basin, Oromia, Ethiopia""}",structural_suitability,literature_relationship,table,practice_technology,,low,"Soil pH(H2O) 
20 
<5OR >8 
1 
Low 
5.1-5.5 OR 8-8.3 
2 
Medium 
7.4-8.4 OR 6.5-5.6 
3 
High 
6.6-7.3 
4 
Very high",6,false,Soil pH(H2O),,,"[VERIFY-FLAG mismatch: abs_min: 5.0 and abs_max: 8.0 both misread the quote. The quote assigns <5 OR >8 to rank 1 (Low suitability), not excluded — so exclusion thresholds are not stated. Furthermore the rank-3 (High) class includes up to 8.4 (7.4–8.4), contradicting abs_max: 8.0 as any kind of upper bound. opt_low: 6.6 and opt_high: 7.3 (rank 4, Very high) are correctly read from the quote.] general — applies cross-family; FAO standards cited for plant growth",page,,,,,,,,
ev_T4_soc_haile2024_1,haile_2024,agroforestry,agroforestry__cross_family,soil_organic_carbon,"{""unit"": ""%"", ""classes"": ""low:<0.5, medium:0.5-0.7""}","{""study_area"": ""Genale sub-basin, Oromia, Ethiopia""}",structural_suitability,literature_relationship,table,practice_technology,,low,"Soil Organic Carbon 
20 
<0.5 
1 
Low 
0.5-0.7 
2 
Medium",5,false,Soil Organic Carbon,,,"[VERIFY-FLAG mismatch: abs_min: 0.5 misreads the quote — <0.5 = rank 1 (Low), not excluded. opt_low: 0.7 asserts an optimum lower bound but the quote is truncated after rank 2 (Medium: 0.5–0.7); higher suitability classes are absent, so no optimum range can be encoded from this quote alone.] general — applies cross-family; table continues on next page (0.7-0.75 high, >0.75 very high)",page,,,,,,,,
ev_T4_slope_haris2021_1,haris_2021,agroforestry,agroforestry__planted_silvoarable,slope,"{""threshold_upper_pct"": 8, ""direction"": ""optimum below threshold"", ""unit"": ""%""}","{""location"": ""Indonesia, Tanralili District, Maros Regency"", ""note"": ""Indonesian land evaluation handbook; sengon tree component of peanut-sengon agroforestry""}",structural_suitability,literature_relationship,cited_secondary,species_specific,,high,Sengon can grow optimally in areas with slopes below 8% [12].,6,true,slope,Falcataria moluccana,,"[dropped 2026-09-18 by peetmate; reason:species_envelope; note:Sengon is a agroforestry species/] [reclassified 2026-07-14 by peetmate → species_specific; taxon:Falcataria moluccana; note:2026-07 sweep-retro: restore species/crop evidence (keep + bank for reuse, not dropped)] Hardjowigeno S and Widiatmaka 2011 Evaluasi Kesesuaian Lahan dan Perencanaan Tata Guna Lahan, Gadjah Mada University Press",page,,,,,,,dropped,
ev_T4_slope_haris2021_2,haris_2021,agroforestry,agroforestry__planted_silvoarable,slope,"{""range_lower_pct"": 8, ""range_upper_pct"": 15, ""limiting_factor"": ""slope (inhibiting)"", ""unit"": ""%""}","{""location"": ""Indonesia, Tanralili District, Maros Regency"", ""note"": ""8-15% slope classified as limiting for sengon in field evaluation""}",structural_suitability,literature_relationship,primary_measured,species_specific,,low,The slope factor which is inhibiting in land unit 3 is classified as a slightly slope class around 8% - 15%.,6,false,slope,Falcataria moluccana,,"[query 2026-09-18 by peetmate; reason:insufficient_context; note:cannot interpret what land classes mean.] [VERIFY-FLAG mismatch: suitability_class 'S2 (moderately suitable, slope limiting)' is smuggled — quote says 'inhibiting' and 'slightly slope class around 8%-15%' but never mentions S2 or 'moderately suitable'. Numeric range and unit are correct.]",page,,,,,,,,
ev_T4_slope_haris2021_3,haris_2021,agroforestry,agroforestry__planted_silvoarable,slope,"{""threshold_pct"": 45, ""direction"": ""above threshold"", ""unit"": ""%"", ""suitability_class"": ""VII""}","{""location"": ""Indonesia, Tanralili District, Maros Regency"", ""note"": ""Capability class VII (>45%) excluded from all agroforestry cultivation""}",structural_suitability,literature_relationship,primary_measured,practice_technology,,low,"in class VII, there are steep slopes, with a slope of more than 45%.",5,false,slope,,,"[query 2026-09-18 by peetmate; reason:other; note:suitability class VII is uninterpretable, needs to qualified to something that can be combined in synthesis.] [VERIFY-FLAG mismatch: direction label 'unsuitable for agricultural/forestry cultivation' is not in the quote — quote only names class VII and 'steep slopes'. The parenthetical '(unsuitable)' and the cultivation inference are smuggled. Numeric threshold 45% and above-threshold direction are directly stated.]",page,,,,,,,,
ev_T4_soildrainage_haris2021_1,haris_2021,agroforestry,agroforestry__planted_silvoarable,soil_drainage,"{""suitability_class"": ""IV (subclass IVd)"", ""limiting_factor"": ""drainage""}","{""location"": ""Indonesia, Tanralili District, Maros Regency"", ""note"": ""Poor drainage (inundation) downgrades land to capability class IV for agroforestry""}",structural_suitability,literature_relationship,primary_measured,practice_technology,,low,"In class IV, there is one land unit 6. The inhibiting factor is drainage, so it is included in the IVd sub-class.",3,false,drainage,,,"[query 2026-09-18 by peetmate; reason:insufficient_context; note:I do not understand what class IV is. Is this related to agroforestry or something else?] [VERIFY-FLAG mismatch: suitability_class parenthetical '(limited cultivation — heavy restrictions)' is not in the quote — quote says class IV and subclass IVd with drainage as inhibiting factor, nothing about cultivation limits or restriction severity.]",page,,,,,,,,
ev_T4_annualprecip_haris2021_1,haris_2021,agroforestry,agroforestry__planted_silvoarable,annual_precipitation,"{""limiting_factor"": ""water availability / annual rainfall"", ""suitability_class"": ""S2 (moderately suitable)""}","{""location"": ""Indonesia, Tanralili District, Maros Regency"", ""note"": ""Water availability linked to annual rainfall is a limiting factor for sengon at S2 class sites; no specific threshold quantified""}",structural_suitability,scoping_candidate,primary_measured,species_specific,,medium,"The land suitability classes for Sengon in land units 10, 9, and 3 are quite suitable, but have a limiting factor, it is water availability related to annual rainfall.",6,true,water availability related to annual rainfall,Falcataria moluccana,,"[query 2026-09-18 by peetmate; reason:other; note:I think this can be used as a vote count for annual precipitatoin, but the Sengon land units are not a useful variable for VONT and there is useable evidence for classification of a sutiablity variable here,] [reviewed 2026-06-22 by peetmate; reason:other; note:I think this can be used as a vote count for annual precipitatoin, but the Sengon land units are not a useful variable for VONT and there is useable evidence for classification of a sutiablity variable here,]",page,,,,,,,,
ev_t4_slope_jawarneh2025_1,jawarneh_2025,agroforestry,agroforestry__silvopastoral,slope,"{""suitability_class"": {""S1"": ""0–16"", ""S2"": ""16–35"", ""S3"": ""35–50"", ""N1"": "">50""}, ""unit"": ""%""}","{""livestock"": ""sheep and goats"", ""system"": ""rangeland grazing"", ""location"": ""Jordan steppe""}",structural_suitability,literature_relationship,table,practice_technology,,high,"Table 2. Rangeland evaluation criteria and their suitability classes for sheep and goats. Suitability classes are defined as: highly suitable (S1), moderately suitable (S2), marginally suitable (S3), and not suitable (N1).
Criteria	S1	S2	S3	N1
Av. Soil Organic Matter	>5	3–5	1–3	<1
Av. Soil moisture content (%)	20–30	10–20	5–10	<5
Slope (%)	0–16	16–35	35–50	>50",10,false,Slope (%),,,"[dropped 2026-09-18 by peetmate; reason:off_scope; note:suitability for sheep and goats, not agroforestry.]",page,,,,,,,dropped,2026-06-18.section-scope
ev_t4_soc_jawarneh2025_1,jawarneh_2025,agroforestry,agroforestry__silvopastoral,soil_organic_carbon,"{""suitability_class"": {""S1"": "">5"", ""S2"": ""3–5"", ""S3"": ""1–3"", ""N1"": ""<1""}, ""unit"": ""% soil organic matter"", ""note"": ""variable should be soil_organic_matter, not soil_organic_carbon""}","{""livestock"": ""sheep and goats"", ""system"": ""rangeland grazing"", ""location"": ""Jordan steppe""}",structural_suitability,literature_relationship,table,practice_technology,,low,Av. Soil Organic Matter | >5 3–5 1–3 <1,10,false,Av. Soil Organic Matter,,,"[dropped 2026-09-18 by peetmate; reason:species_envelope; note:rnageland suitability for sheep and goats!!! Nothing to do with NbS suitability at all. BAD mistake.] SOM (loss-on-ignition), used as proxy for soil organic carbon suitability",page,,,,,,,dropped,
ev_t4_drainage_jawarneh2025_1,jawarneh_2025,agroforestry,agroforestry__silvopastoral,soil_drainage,"{""suitability_class"": {""S1"": ""20–30"", ""S2"": ""10–20"", ""S3"": ""5–10"", ""N1"": ""<5""}, ""unit"": ""% volumetric soil moisture"", ""note"": ""variable should be soil_moisture_content, not soil_drainage""}","{""livestock"": ""sheep and goats"", ""system"": ""rangeland grazing"", ""location"": ""Jordan steppe""}",structural_suitability,literature_relationship,table,practice_technology,,low,Av. Soil moisture content (% | ) 20–30 10–20 5–10 <5,10,false,Av. Soil moisture content (%),,,[dropped 2026-09-18 by peetmate; reason:species_envelope] Soil moisture content used as proxy for available water/drainage adequacy,page,,,,,,,dropped,
ev_t4_canopy_jawarneh2025_1,jawarneh_2025,agroforestry,agroforestry__silvopastoral,tree_canopy_cover,"{""suitability_class"": {""S1"": "">0.4"", ""S2"": ""0.4–0.3"", ""S3"": ""0.3–0.1"", ""N1"": ""<0.1""}, ""unit"": ""NDVI dimensionless"", ""note"": ""variable should be ndvi or vegetation_density, not tree_canopy_cover""}","{""livestock"": ""sheep and goats"", ""system"": ""rangeland grazing"", ""location"": ""Jordan steppe""}",structural_suitability,literature_relationship,table,practice_technology,,low,Av. NDVI-based vegetation | density >0.4 0.4–0.3 0.3–0.1 <0.1,10,false,Av. NDVI-based vegetation density,,,[dropped 2026-09-18 by peetmate; reason:species_envelope] NDVI used as proxy for vegetation/canopy density,page,,,,,,,dropped,
ev_t4_road_jawarneh2025_1,jawarneh_2025,agroforestry,agroforestry__silvopastoral,distance_to_road,"{""suitability_class"": {""S1"": ""<1"", ""S2"": ""1–3"", ""S3"": ""3–5"", ""N1"": "">5""}, ""unit"": ""M (units ambiguous — likely km)"", ""note"": ""variable should be distance_to_water or water_accessibility, not distance_to_road""}","{""livestock"": ""sheep and goats"", ""system"": ""rangeland grazing"", ""location"": ""Jordan steppe""}",operational_risk,literature_relationship,table,practice_technology,,low,Wateraccessibility(M) | <1 1–3 3–5 >5,10,false,Water accessibility (M),,,"[VERIFY-FLAG mismatch: Quote measures 'Water accessibility (M)' — proximity to water, not roads. Variable encoded as 'distance_to_road' and unit as 'km from water source' is self-contradictory. The variable is entirely mislabeled.] Water accessibility distance — used as proxy for access constraint; not road distance",page,,,,,,,,
ev_t4_slope_kizir_1,kiziridis_2026,agroforestry,agroforestry__silvopastoral,slope,,"{""suitability_dimension"": ""operational_constraint"", ""source_table"": ""Table 2 predictor rationale""}",structural_suitability,scoping_candidate,modelled,practice_technology,,high,Slope 1 km (aggregated) Limits accessibility for livestock and mechanised management EU-DEM [57],7,true,,,,[reviewed 2026-09-18 by peetmate],page,,,,,,,,
ev_t4_slope_kizir_2,kiziridis_2026,agroforestry,agroforestry__silvopastoral,slope,"{""threshold_values_degrees"": [1, 3, 5, 7, 10, 15, 20], ""direction"": ""minimum threshold — higher = more restrictive""}","{""suitability_dimension"": ""operational_constraint"", ""note"": ""Scenario parameter grid, EU27 Mediterranean silvopastoral.""}",structural_suitability,literature_relationship,modelled,practice_technology,,high,"Minimum slope: We tested thresholds of 1◦, 3◦, 5◦, 7◦, 10◦, 15◦, and 20◦. Pixel slope was given from the continuous version of the slope raster (Figure S4c).",13,true,,,,[reviewed 2026-09-18 by peetmate; reason:confirmed_pass; note:this is technically correct but figure 7 e-k offer the clearest information on variable vs suitability.],page,,,,,,,,
ev_t4_slope_kizir_3,kiziridis_2026,agroforestry,agroforestry__silvopastoral,slope,"{""threshold_degrees"": 8, ""direction"": ""slope > 8° characterises high-potential silvopastoral areas""}","{""suitability_dimension"": ""operational_constraint"", ""note"": ""General — applies cross-family for silvopastoral. EU27 Mediterranean.""}",structural_suitability,literature_relationship,modelled,practice_technology,,high,"Key drivers include steep slopes (greater than 8◦), low baseline tree cover (less than 30%), and minimal livestock density (less than 15 LSU ha−1).",23,false,,,,"[query 2026-09-18 by peetmate; reason:wrong_table; note:carbon sequestration potential - potentially relevant to T6, but not practice suitability per se.]",page,,,,,,,,
ev_t4_tcc_kizir_1,kiziridis_2026,agroforestry,agroforestry__silvopastoral,tree_canopy_cover,"{""max_threshold_range_pct_low"": 10, ""max_threshold_range_pct_high"": 60, ""increment_pct"": 10, ""direction"": ""maximum threshold — lower = targets areas with less existing tree cover""}","{""suitability_dimension"": ""system_constraint""}",structural_suitability,literature_relationship,modelled,practice_technology,,high,"3. Maximum tree cover density: Thresholds ranged from 10% to 60% with a 10% increment. Tree cover density for the study area was derived from 2021 GLOBMAP Fractional Tree Cover tiles [84]. We applied a mosaicking of all MODIS sinusoidal tiles intersecting the area of interest, reprojecting the mosaic to the EPSG:3035 grid, and resampling it to 1 km resolution. Remaining data gaps were filled using an 11×11 median focal filter and global mean fallback (Figure S16).",13,false,,,,[VERIFY-FLAG scope: off-scope signal 'study_site' from check_scope re-eval 2026-06-22 — confirm/keep] [AUTO-QUARANTINE off_scope:study_site],page,,,,,,,dropped,2026-06-18.section-scope
ev_t4_tcc_kizir_2,kiziridis_2026,agroforestry,agroforestry__silvopastoral,tree_canopy_cover,"{""threshold_pct"": 30, ""direction"": ""tree cover < 30% characterises high-potential silvopastoral areas""}","{""suitability_dimension"": ""system_constraint"", ""note"": ""General — applies cross-family. EU27 Mediterranean.""}",structural_suitability,literature_relationship,modelled,practice_technology,,high,"Key drivers include steep slopes (greater than 8◦), low baseline tree cover (less than 30%), and minimal livestock density (less than 15 LSU ha−1).",23,false,,,,[query 2026-09-18 by peetmate; reason:speculative_evidence; note:section is about drivers of carbon sequestration potential are we certain this is equivocal to the NbS?],page,,,,,,,,
ev_t4_lc_kizir_1,kiziridis_2026,agroforestry,agroforestry__silvopastoral,land_cover,"{""permutation_importance_pct"": 61.3, ""direction"": ""land cover is primary predictor of silvopastoral suitability""}","{""suitability_dimension"": ""system_constraint""}",structural_suitability,literature_relationship,modelled,practice_technology,,high,"Permutation importance identified CLC as the strongest contributor (61.3%), followed by population density (11.6%) and precipitation seasonality (7.5%).",8,false,,,,"[query 2026-09-18 by peetmate; reason:other; note:technically correct, but how useable is this insight? we need to know WHAT land cover classes.]",page,,,,,,,,
ev_t4_lc_kizir_2,kiziridis_2026,agroforestry,agroforestry__silvopastoral,land_cover,,"{""suitability_dimension"": ""system_constraint"", ""note"": ""Hard exclusion classes.""}",structural_suitability,scoping_candidate,modelled,practice_technology,,high,"We excluded wetlands, urban areas, and intensive croplands. Exclusions were based on ecological unsuitability (e.g., wetland hydrology), prohibitive conversion costs, or high conflict with existing intensive land uses, making silvopastoral introduction infeasible.",5,false,,,,"[query 2026-09-18 by peetmate; note:sure land cover is important, but what classes are in or out? how can this information be actioned?]",page,,,,,,,,
ev_t4_precip_kizir_1,kiziridis_2026,agroforestry,agroforestry__silvopastoral,annual_precipitation,,"{""suitability_dimension"": ""biophysical_constraint"", ""note"": ""Table 2 predictor.""}",structural_suitability,scoping_candidate,modelled,practice_technology,,medium,Annual precipitation (BIO12) 1 km (from 30′′) Indicates water availability for biomass productivity WorldClim 2.1 [56],7,false,,,,[VERIFY-FLAG scope: off-scope signal 'carbon_biomass' from check_scope re-eval 2026-06-22 — confirm/keep] [AUTO-QUARANTINE off_scope:carbon_biomass],page,,,,,,,dropped,
ev_t4_temp_kizir_1,kiziridis_2026,agroforestry,agroforestry__silvopastoral,mean_annual_temperature,,"{""suitability_dimension"": ""biophysical_constraint"", ""note"": ""Table 2 predictor.""}",structural_suitability,scoping_candidate,modelled,practice_technology,,low,Annual mean temperature (BIO1) 1 km (from 30′′) Captures climate suitability for woody vegetation and livestock WorldClim 2.1 [56],7,false,,,,[query 2026-09-18 by peetmate; reason:other; note:variable should at least be counted even if there is no directionality or description of relationship with suitability] [VERIFY-FLAG scope: methods — Methods/dataset table entry naming mean annual temperature as a model input ('Captures climate suitability for woody vegetation and livestoc],page,,,,,,,,2026-06-18.section-scope
ev_t4_temp_kizir_2,kiziridis_2026,agroforestry,agroforestry__silvopastoral,mean_annual_temperature,,"{""suitability_dimension"": ""biophysical_constraint""}",structural_suitability,scoping_candidate,cited_secondary,practice_technology,,low,"the unique climatic stressors of the Mediterranean, such as water scarcity and high temperatures, naturally constrain productivity and carbon accumulation [96,97]",24,false,,,,[dropped 2026-09-18 by peetmate] Ruiz-Peinado et al. 2017 (ref 96); Van Der Woude et al. 2023 (ref 97),page,,,,,,,dropped,2026-06-18.section-scope
ev_t4_soc_kizir_1,kiziridis_2026,agroforestry,agroforestry__silvopastoral,soil_organic_carbon,,"{""suitability_dimension"": ""biophysical_constraint"", ""note"": ""Table 2 predictor.""}",structural_suitability,scoping_candidate,modelled,practice_technology,,low,Topsoil organic carbon (TOC) 1 km (reclassified) Indicator of soil fertility and biomass retention potential ESDB [58],7,false,,,,[query 2026-09-18 by peetmate; reason:insufficient_context; note:I cannot interpret the table full the caption has been cropped off] [VERIFY-FLAG scope: methods — Methods/dataset table entry naming topsoil organic carbon as a model input ('Indicator of soil fertility and biomass retention potential ESD] [AUTO-QUARANTINE off_scope:carbon_biomass],page,,,,,,,,2026-06-18.section-scope
ev_t4_pa_kizir_1,kiziridis_2026,agroforestry,agroforestry__silvopastoral,protected_area_status,,"{""suitability_dimension"": ""operational_constraint"", ""note"": ""Two regimes tested across 4064 scenarios.""}",structural_suitability,scoping_candidate,modelled,practice_technology,,low,"Land protection status (strict versus relaxed): We hypothesised two protection regimes: strict versus relaxed. Initially, a protected areas map was created by merging the Natura 2000 sites (Birds and Habitats Directives; types B and C) [85], and the CDDA national designations (IUCN Ia–III and equivalent strict conservation categories) [86].",14,false,,,,[VERIFY-FLAG unsupported: Quote only describes map construction methodology and names two hypothesised regimes; it never states the relaxed regime's exclusion rule (LSU_density > 0 LSU/ha) — that rule is smuggled from elsewhere in the paper.] [AUTO-QUARANTINE off_scope:speculation],page,,,,,,,dropped,
ev_t4_tenure_kizir_1,kiziridis_2026,agroforestry,agroforestry__silvopastoral,tenure_security,,"{""suitability_dimension"": ""operational_constraint""}",operational_risk,scoping_candidate,cited_secondary,practice_technology,,low,"Recent quantitative studies consistently identify specific variables that are crucial for uptake, such as secure land tenure (a prerequisite for long-term investment), access to technical training, the influence of neighboring adopters, and farmers' perceptions of profitability and system complexity [110,125,126].",26,false,,,,"[VERIFY-FLAG scope: problem_intro — General literature-review statement listing variables crucial for uptake (secure tenure, training, neighbour influence, profitability percep] cited as refs 110, 125, 126 in Kiziridis et al. 2026",page,,,,,,,,2026-06-18.section-scope
ev_t4_labour_kizir_1,kiziridis_2026,agroforestry,agroforestry__silvopastoral,labour_availability,,"{""suitability_dimension"": ""operational_constraint"", ""note"": ""Table 2 predictor. Proxy for labour availability.""}",operational_risk,scoping_candidate,modelled,practice_technology,,low,"Employment rate (ages 15–64) 1 km (rasterised) Represents socio-economic conditions supporting farming Eurostat (2022) [61,62]",7,false,,,,[VERIFY-FLAG scope: methods — Methods/dataset table entry: 'Employment rate (ages 15-64) ... Eurostat'. Names a proxy for socio-economic conditions but gives no threshold],page,,,,,,,,2026-06-18.section-scope
ev_t4_labour_kizir_2,kiziridis_2026,agroforestry,agroforestry__silvopastoral,labour_availability,,"{""suitability_dimension"": ""operational_constraint"", ""note"": ""Acknowledged adoption barrier.""}",operational_risk,scoping_candidate,modelled,practice_technology,,low,"the costs of transitioning—including labour, planting materials, and potential short-term income loss—are not included in our model, yet they constitute potential barriers for land managers.",26,false,,,,"[VERIFY-FLAG scope: problem_intro — Caveat that transition costs (labour, planting materials, short-term income loss) were not modelled but are potential barriers. Limitations/]",page,,,,,,,,2026-06-18.section-scope
ev_t4_ext_kizir_1,kiziridis_2026,agroforestry,agroforestry__silvopastoral,extension_governance,,"{""suitability_dimension"": ""operational_constraint""}",operational_risk,scoping_candidate,cited_secondary,practice_technology,,low,"Recent quantitative studies consistently identify specific variables that are crucial for uptake, such as secure land tenure (a prerequisite for long-term investment), access to technical training, the influence of neighboring adopters, and farmers' perceptions of profitability and system complexity [110,125,126].",26,false,,,,"[VERIFY-FLAG scope: problem_intro — Same general literature-review sentence on uptake drivers (training access, neighbour influence, etc.) reused for extension_governance. Back] cited as refs 110, 125, 126 in Kiziridis et al. 2026",page,,,,,,,,2026-06-18.section-scope
ev_T4_slope_marinis22_1,marinis_2022,agroforestry,agroforestry__planted_silvoarable,slope,,"{""aez"": ""humid_tropics"", ""country"": ""DRC"", ""region"": ""North Kivu""}",structural_suitability,expert,table,practice_technology,,medium,"High | 4 4 4 4 2 3 5
Mediu | m 4 3 3 3 2 3 4",8,false,Slope (SL) suitability scores — LUT order: CattleGrazing Banana Bean Manioc PalmOil Sorghum Forestry (Table 3),,,"[dropped 2026-09-18 by peetmate; reason:off_scope; note:convoluted pathway, not enough context to understand how LUTs relate to agroforestry if at all.] Expert elicitation: 3 local agronomists, 1 pedologist, 1 rural development expert + collective interview with 6 farmers, Katoyi, DRC (De Marinis et al. 2022 Table 3). Forestry scores: High=5, Medium=4 on 1-5 scale.",page,,,,,,,dropped,
ev_T4_slope_marinis22_2,marinis_2022,agroforestry,agroforestry__silvopastoral,slope,,"{""aez"": ""humid_tropics"", ""country"": ""DRC"", ""region"": ""North Kivu""}",structural_suitability,expert,table,practice_technology,,medium,"High | 4 4 4 4 2 3 5
Mediu | m 4 3 3 3 2 3 4",8,false,Slope (SL) suitability scores — LUT order: CattleGrazing Banana Bean Manioc PalmOil Sorghum Forestry (Table 3),,,"[dropped 2026-09-18 by peetmate; reason:off_scope; note:these are sutiability for land uses? not agroforestry per se?] Expert elicitation: 3 local agronomists, 1 pedologist, 1 rural development expert + collective interview with 6 farmers, Katoyi, DRC (De Marinis et al. 2022 Table 3). CattleGrazing scores: High=4, Medium=4 on 1-5 scale.",page,,,,,,,dropped,
ev_T4_accesstraveltime_marinis22_1,marinis_2022,agroforestry,agroforestry__cross_family,accessibility_travel_time,,"{""aez"": ""humid_tropics"", ""country"": ""DRC"", ""region"": ""North Kivu""}",operational_risk,scoping_candidate,primary_measured,practice_technology,,low,"we calculated ﬁve accessibility classes (AC) (Figure 6): • High, with a CDi less than",10,false,accessibility classes (AC) — cost-distance from nearest road (walking time equivalent),,,"[VERIFY-FLAG scope: methods — Quote is a methods description of how five accessibility classes were calculated (a CDi cutoff), not a suitability threshold governing where] general — applies cross-family; built on Hippoliti [55] access time criterion, updated by Grigolato et al. [56] and Laschi et al. [57]",page,,,,,,,,2026-06-18.section-scope
ev_t4_slope_moisa25_1,moisa_2025,agroforestry,agroforestry__cross_family,slope,{},"{""study_country"": ""Ethiopia"", ""study_income_group"": ""low_income""}",structural_suitability,scoping_candidate,primary_measured,practice_technology,,low,"eight key parameters were considered:
slope, land surface temperature (lST), agro-ecological zone (aeZ), rainfall, land use/land
cover (lUlc), distance to streams, distance to roads, and distance to markets",2,false,slope,,,"[VERIFY-FLAG scope: methods — Quote merely lists the eight parameters considered in the analysis (slope, LST, AEZ, etc.). It is a methods/parameter inventory, not a suita] general — applies cross-livestock; highest AHP weight (0.24) in this study",page,,,,,,,,2026-06-18.section-scope
ev_t4_slope_moisa25_2,moisa_2025,agroforestry,agroforestry__silvopastoral,slope,"{""ahp_weight"": 0.24, ""unit"": ""normalised_weight""}","{""study_country"": ""Ethiopia"", ""study_income_group"": ""low_income""}",structural_suitability,literature_relationship,table,practice_technology,,high,Pairwise comparison of the parameters. Factors Slope LST AEZ Rainfall LULC Stream Road Market Weight Slope 1 2 2 2 2 3 3 4 0.24 LST ½ 1 2 2 2 3 3 4 0.2 AEZ ½ ½ 1 2 2 2 3 3 0.15 Rai,9,true,Slope,,,[reviewed 2026-09-18 by peetmate; reason:confirmed_pass] AHP normalised weight for slope in livestock land suitability model; Table 3 caption,page,,,,,,,,
ev_t4_precip_moisa25_1,moisa_2025,agroforestry,agroforestry__silvopastoral,annual_precipitation,{},"{""study_country"": ""Ethiopia"", ""study_income_group"": ""low_income""}",structural_suitability,scoping_candidate,primary_measured,practice_technology,,low,"eight key parameters were considered:
slope, land surface temperature (lST), agro-ecological zone (aeZ), rainfall, land use/land
cover (lUlc), distance to streams, distance to roads, and distance to markets",2,false,rainfall,,,"[VERIFY-FLAG scope: methods — Identical parameter-list quote; just enumerates rainfall among the eight inputs. No threshold, range, or relationship for precipitation.] rainfall listed as suitability parameter for livestock; AHP weight=0.13 (Table 3, not in this passage)",page,,,,,,,,2026-06-18.section-scope
ev_t4_lcover_moisa25_1,moisa_2025,agroforestry,agroforestry__silvopastoral,land_cover,{},"{""study_country"": ""Ethiopia"", ""study_income_group"": ""low_income""}",structural_suitability,scoping_candidate,primary_measured,practice_technology,,low,"eight key parameters were considered:
slope, land surface temperature (lST), agro-ecological zone (aeZ), rainfall, land use/land
cover (lUlc), distance to streams, distance to roads, and distance to markets",2,false,land use/land cover (LULC),,,"[VERIFY-FLAG scope: methods — Same parameter-list quote naming LULC among inputs. No land-cover suitability rule or class.] LULC used as system constraint; grassland=S1, cultivated=S3, forest/settlement=SN per Table 2 (not in this passage) [AUTO-QUARANTINE off_scope:land_cover_no_classes]",page,,,,,,,dropped,2026-06-18.section-scope
ev_t4_road_moisa25_1,moisa_2025,agroforestry,agroforestry__silvopastoral,distance_to_road,{},"{""study_country"": ""Ethiopia"", ""study_income_group"": ""low_income""}",operational_risk,scoping_candidate,primary_measured,practice_technology,,low,"eight key parameters were considered:
slope, land surface temperature (lST), agro-ecological zone (aeZ), rainfall, land use/land
cover (lUlc), distance to streams, distance to roads, and distance to markets",2,false,distance to roads,,,"[VERIFY-FLAG scope: methods — Same parameter-list quote naming distance to roads. No threshold or relationship for distance_to_road.] distance to roads as operational suitability constraint; AHP weight=0.06; 0–5 km=S1, >20 km=SN per Table 2",page,,,,,,,,2026-06-18.section-scope
ev_t4_market_moisa25_1,moisa_2025,agroforestry,agroforestry__silvopastoral,market_value_chain,{},"{""study_country"": ""Ethiopia"", ""study_income_group"": ""low_income""}",operational_risk,scoping_candidate,primary_measured,practice_technology,,low,"eight key parameters were considered:
slope, land surface temperature (lST), agro-ecological zone (aeZ), rainfall, land use/land
cover (lUlc), distance to streams, distance to roads, and distance to markets",2,false,distance to markets,,,"[VERIFY-FLAG scope: methods — Same parameter-list quote naming distance to markets. No market suitability threshold or relationship.] market proximity as operational suitability constraint; AHP weight=0.04; 0–10 km=S1, >30 km=SN per Table 2",page,,,,,,,,2026-06-18.section-scope
ev_t4_slope_mucida23_1,mucida_2023,agroforestry,agroforestry__silvopastoral,slope,"{""threshold_plane_max_pct"": 3, ""threshold_smooth_wavy_max_pct"": 8, ""threshold_mod_wavy_max_pct"": 20, ""threshold_strong_wavy_max_pct"": 45}","{""study_region"": ""Minas Gerais, Brazil"", ""study_income_group"": ""upper_middle"", ""data_source"": ""SRTM 30m"", ""note"": ""PCU scores decline monotonically with slope; 0-3%=highest aptitude (score 4.2-5); >45%=lowest aptitude (score 1.0-1.8)""}",structural_suitability,literature_relationship,table,practice_technology,,low,"The slope values were then categorised into a plane (0 to 3%), smooth wavy (3 to 8%), moderately wavy to wavy (8 to 20%), strong wavy (20 to 45%), and mountainous to steep (> 45%)",2,false,terrain slope categories,,,"[VERIFY-FLAG mismatch: Suitability labels (optimal/suitable/unsuitable) smuggled — quote gives only terrain category names (plane, smooth wavy, etc.); direction=negative also absent from this quote. Numeric bounds (3, 8, 20, 45) are correct.]",page,,,,,,,,
ev_t4_slope_mucida23_2,mucida_2023,agroforestry,agroforestry__silvopastoral,slope,"{""slope_weight_pct"": 50, ""soil_class_weight_pct"": 39, ""lithology_weight_pct"": 11}","{""study_region"": ""Minas Gerais, Brazil"", ""study_income_group"": ""upper_middle""}",structural_suitability,literature_relationship,primary_measured,practice_technology,,low,"considering weights of 50% (w1= 0,50) for slope, 39% (w2=0,39) for soil class, and 11% (w3= 0,11) for lithology",4,false,slope weight in PCU AHP,,,[VERIFY-FLAG mismatch: method=AHP not stated in quote; quote only gives the three weights (50/39/11). AHP is smuggled from elsewhere.],page,,,,,,,,
ev_t4_slope_mucida23_3,mucida_2023,agroforestry,agroforestry__silvopastoral,slope,"{""slope_weight_pct"": 50, ""data_source"": ""SRTM""}","{""study_region"": ""Minas Gerais, Brazil"", ""study_income_group"": ""upper_middle""}",structural_suitability,literature_relationship,primary_measured,practice_technology,,low,"The slope is the main layer in the PCU spatial distribution. In addition to the high weight (50%), it is the layer with the highest resolution and detail and the only layer derived from numerical and continuous in­formation (i.e., SRTM).",5,false,slope as main PCU layer,,,[VERIFY-FLAG mismatch: direction=negative not stated in this quote; quote only affirms high weight (50%) and SRTM source. Direction is from a different part of the paper.],page,,,,,,,,
ev_t4_drain_mucida23_1,mucida_2023,agroforestry,agroforestry__silvopastoral,soil_drainage,"{""direction"": ""positive"", ""score_high"": 5, ""note"": ""Soils with drainage balance, more clayey, deeper, and fertile score closer to 5; poor drainage scores lower""}","{""study_region"": ""Minas Gerais, Brazil"", ""study_income_group"": ""upper_middle"", ""soil_class_weight_pct"": 39}",structural_suitability,literature_relationship,cited_secondary,practice_technology,,low,"Soils are weighted according to drainage attributes, texture, effective depth, and fertility. Soils with drainage balance, more clayey texture, and more profound and fertile had notes closer to five",2,false,soil drainage attributes in PCU,,,"[VERIFY-FLAG mismatch: Note smuggles specific soil taxonomy names (Oxisols, Nitosols, Spodzols, Histosols, Entisols) absent from the quote. score_low=1 not explicit in quote (only ""closer to five"" stated). score_high=5 is quote-supported.] Costa et al. (2019)",page,,,,,,,,
ev_t4_lc_mucida23_1,mucida_2023,agroforestry,agroforestry__silvopastoral,land_cover,"{""threshold_min"": 3, ""direction"": ""positive"", ""note"": ""PCU >=3 = agrosilvopastoral aptitude; PCU <3 = biodiversity conservation/exclusion""}","{""study_region"": ""Minas Gerais, Brazil"", ""study_income_group"": ""upper_middle"", ""note"": ""PCU = composite of slope (50%), soil class (39%), lithology (11%)""}",structural_suitability,literature_relationship,primary_measured,practice_technology,,low,Costa et al. (2019) divided the PCU into five classes regarding the potential for conservation use. This work adopted the most straightfor­ward division for analysing the fitness for use: PCU ≥3 indicated apti­tude for agrosilvopastoral activities and PCU<3 for biodiversity conservation,8,false,PCU aptitude threshold for agrosilvopastoral,,,"[query 2026-09-18 by peetmate; reason:insufficient_context; note:I do not understand what PCU is, needs a definition if to be useful.] [VERIFY-FLAG mismatch: scale_range=1-5 not stated in this quote (comes from elsewhere in paper); smuggled. threshold_min=3 and the aptitude split are quote-faithful.]",page,,,,,,,,
ev_t4_pa_mucida23_1,mucida_2023,agroforestry,agroforestry__silvopastoral,protected_area_status,"{""direction"": ""negative"", ""note"": ""PPAs are legal exclusion zones reducing agrosilvopastoral footprint within high-PCU areas""}","{""study_region"": ""Minas Gerais, Brazil"", ""study_income_group"": ""upper_middle"", ""legal_reference"": ""Brazil Lei 12.727/2012""}",structural_suitability,scoping_candidate,primary_measured,practice_technology,,medium,"Land use data subdivided by administrative regions indicate lower use than suitable areas (Table 4). However, part of the eligible areas consists of Permanent Protection Areas (PPA), regulated by federal laws (Brazil, 2012). Regions in the north-central of the Minas Gerais state (North, Northwest, Jequitinhonha, Mucuri) have lower land use percentual compared to the other areas.",5,true,Permanent Protection Areas (PPA),,,"[reviewed 2026-09-18 by peetmate; reason:other; note:This is borderline, I think it is technically correct, but not terribly helpful.]",page,,,,,,,,2026-06-18.section-scope
ev_t4_slope_mushtaq2023_1,mushtaq_2023,agroforestry,agroforestry__shaded_perennial,slope,"{""opt_high"": 10, ""mod_high"": 20, ""marginal_high"": 30, ""not_suitable_above"": 40, ""unit"": ""degrees"", ""direction"": ""lower_better""}",,structural_suitability,literature_relationship,table,crop_specific,,low,"Slope (°)	Below 10	17.4	8	0.271	27.10
10–20	37.4	5
20–30	15.23	3
30–40	20.55	2
Above 40	9.42	1",13,false,Slope (°),Morus spp.,,"[VERIFY-FLAG mismatch: abs_max: 40 is wrong — the quote has an 'Above 40' bin (score 1), so 40 is not the ceiling; values >40 exist and score as not-suitable. The three classes above mod_high (20-30, 30-40, >40) are collapsed into a single abs_max, losing the 20-30 and 30-40 intermediate grades.] AHP weights from expert interviews and literature (Bera 2002; FAO 2007; Handique et al. 2016; Uniyall 2014) as stated p.5",page,,,,,,,,
ev_t4_mat_mushtaq2023_1,mushtaq_2023,agroforestry,agroforestry__shaded_perennial,mean_annual_temperature,"{""opt_low"": 20, ""opt_high"": 24, ""mod_high"": 28, ""not_suitable_below"": 20, ""not_suitable_above"": 32, ""unit"": ""degrees_C""}",,structural_suitability,literature_relationship,table,crop_specific,,low,"Temperature °c	20–24	15.08	7	0.2287	22.87
24–28	21.06	4
28–32	62.22	2
< 20 and > 32	0.9	1",13,false,Temperature °c,Morus spp.,,"[VERIFY-FLAG mismatch: abs_min: 20 is wrong — the quote has a '< 20' bin (score 1), meaning sub-20 values exist and are scored as not-suitable; 20 is not an absolute floor. abs_max: 32 has the same problem: '> 32' is a not-suitable class, not an absolute ceiling.] AHP weights from expert interviews and literature (Bera 2002; FAO 2007; Handique et al. 2016; Uniyall 2014) as stated p.5",page,,,,,,,,
ev_t4_precip_mushtaq2023_1,mushtaq_2023,agroforestry,agroforestry__shaded_perennial,annual_precipitation,"{""opt_low"": 500, ""opt_high"": 750, ""mod_high"": 2000, ""not_suitable_below"": 500, ""not_suitable_above"": 3400, ""unit"": ""mm_yr""}",,structural_suitability,literature_relationship,table,crop_specific,,low,"Rainfall (mm)	500–750	5.59	7	0.1498	14.98
750–2000	17.75	5
2000–3400	52.4	3
< 500 and > 3400	23.26	1",13,false,Rainfall (mm),Morus spp.,,"[query 2026-09-18 by peetmate; reason:insufficient_context; note:table caption is cropped off, cannot correctly interpret table without it] [VERIFY-FLAG mismatch: abs_min: 500 is wrong — the quote has a '< 500' bin (score 1), meaning values below 500 exist and score as not-suitable; 500 is not a hard floor. abs_max: 3400 has the same defect: '> 3400' is a not-suitable class, not an absolute ceiling.] AHP weights from expert interviews and literature (Bera 2002; FAO 2007; Handique et al. 2016; Uniyall 2014) as stated p.5",page,,,,,,,,
ev_t4_soilph_mushtaq2023_1,mushtaq_2023,agroforestry,agroforestry__shaded_perennial,soil_ph,"{""opt_low"": 6.5, ""opt_high"": 7.5, ""mod_low"": 5.5, ""mod_high"": 8.5, ""abs_max"": 9.5, ""unit"": ""pH""}",,structural_suitability,literature_relationship,table,crop_specific,,low,"Soil pH	6.5–7.5	14.46	8	0.029	2.9
5.5–6.5, 7.5–8.5	20.85	7
8.5–9.5	46.1	3
> 4.5, < 9.5	18.59	1",13,false,Soil pH,Morus spp.,,"[query 2026-09-18 by peetmate; reason:insufficient_context; note:table caption is cropped, cannot interperet the table -> always retain the table caption] [VERIFY-FLAG mismatch: Lower-side moderate class (5.5–6.5) is omitted — the quote shows a symmetric second bin '5.5–6.5, 7.5–8.5' (score 7) but the relationship only encodes the upper side (mod_high: 8.5). No mod_low or abs_min is given despite the quote implying ~4.5 as a lower bound. abs_max: 9.5 follows from '> 9.5' being out of range but that class in the quote reads '> 4.5, < 9.5' which is ambiguous and may mean the not-suitable fringe; the encoding is partially recoverable but the lower-side moderate bound must be added.] AHP weights from expert interviews and literature (Bhandari et al. 2014; Bera 2002) as stated p.6",page,,,,,,,,
ev_t4_soildrain_mushtaq2023_1,mushtaq_2023,agroforestry,agroforestry__shaded_perennial,soil_drainage,"{""opt_class"": ""well_drained"", ""direction"": ""well_drained_preferred""}",,structural_suitability,literature_relationship,table,crop_specific,,high,"Soil drainage	Well drained	12.85	7	0.0485	4.85
Moderate drained	18.82	5
Excessively drained	49.2	2
Poorly drained	19.13	1",13,true,Soil drainage,Morus spp.,,"[dropped 2026-09-18 by peetmate; reason:species_envelope; note:read the captions for the Table: Table 4 Normalized weight and area (%) for eight selected parameters based on AHP and rank assigned to their sub-classes based on mulberry suitability -> it states this is Mulberry suitability not general agroforestry suitability.] [reclassified 2026-07-14 by peetmate → crop_specific; taxon:Morus spp.; note:2026-07 sweep-retro: restore species/crop evidence (keep + bank for reuse, not dropped)] AHP weights from expert interviews and literature (Bhandari et al. 2014) as stated p.6",page,,,,,,,dropped,
ev_t4_lulc_mushtaq2023_1,mushtaq_2023,agroforestry,agroforestry__shaded_perennial,land_cover,"{""highly_suitable_classes"": [""Agriculture"", ""Scrubland""], ""marginal_classes"": [""Wasteland"", ""Forest""], ""not_suitable_classes"": [""Water"", ""Built up area"", ""Snow/glacier"", ""Dense forest""]}",,structural_suitability,literature_relationship,table,crop_specific,,low,"LULC	Agriculture	17.73	8	0.179	17.9
Scrubland	9.88	7
Wasteland	6.02	4
Water	0.59	1
Built up area	2.44	1
Snow/glacier	4.21	1
Dense forest	43.4	1
Forest	15.72	2",13,false,LULC,Morus spp.,,"[VERIFY-FLAG mismatch: 'Forest' (score 2, marginal) is incorrectly included in not_suitable_classes alongside score-1 classes. Scrubland (score 7) and Wasteland (score 4) are omitted entirely. The relationship collapses a multi-class suitability table into a binary split that misrepresents the source.] AHP weights from expert interviews and literature (Bera 2002; FAO 2007; Handique et al. 2016; Uniyall 2014) as stated p.5",page,,,,,,,,
ev_t4_soilph_mushtaq2023_2,mushtaq_2023,agroforestry,agroforestry__shaded_perennial,soil_ph,"{""opt_low"": 6.5, ""opt_high"": 7.5, ""unit"": ""pH""}",,structural_suitability,literature_relationship,primary_measured,crop_specific,,high,The ideal soil conditions for mulberry production include a soil depth ranging from 75 to 100 cm and a pH level between 6.5 and 7.5 (S1).,16,true,soil pH S1,Morus spp.,,"[dropped 2026-09-18 by peetmate; reason:species_envelope; note:this is mulberry agroforestry very obviously species specific and not general, it is concerning that this extract passed the instructions to agents need tightening, include this as an example of something that should have been excluded.] [reclassified 2026-07-14 by peetmate → crop_specific; taxon:Morus spp.; note:2026-07 sweep-retro: restore species/crop evidence (keep + bank for reuse, not dropped)]",page,,,,,,,dropped,
ev_t4_soilph_mushtaq2023_3,mushtaq_2023,agroforestry,agroforestry__shaded_perennial,soil_ph,"{""opt_low"": 6.5, ""opt_high"": 8.5, ""unit"": ""pH""}",,structural_suitability,literature_relationship,primary_measured,crop_specific,,medium,"Mulberry agroforestry has the ability to withstand both high soil alkalinity and acidity, as mentioned in Bera (2002). It can thrive in soils that are moderately alkaline or acidic. However, for optimal mulberry growth, a soil pH range of 6.5 to 8.5 is considered ideal.",16,true,soil pH optimal range,Morus spp.,,"[dropped 2026-09-18 by peetmate; reason:species_envelope] [reclassified 2026-07-14 by peetmate → crop_specific; taxon:Morus spp.; note:2026-07 sweep-retro: restore species/crop evidence (keep + bank for reuse, not dropped)]",page,,,,,,,dropped,2026-06-18.section-scope
ev_t4_mat_mushtaq2023_2,mushtaq_2023,agroforestry,agroforestry__shaded_perennial,mean_annual_temperature,"{""opt_low"": 20, ""opt_high"": 30, ""unit"": ""degrees_C""}",,structural_suitability,literature_relationship,cited_secondary,practice_technology,Ahmad et al. (2019). Agroforestry suitability mapping of India. Agroforestry Systems 93(4):1319–1336.,medium,"Agroforestry-friendly climates are characterized by mean annual precipitation exceeding 1200 mm and mean annual temperatures ranging from 20 to 30 °C (Ahmad et al., 2019).",17,false,mean annual temperature (general agroforestry),,,"[query 2026-09-18 by peetmate; reason:species_envelope; note:the paper is about mulberry, ensure this reference is general not crop specific. The insight should not be generalized beyond it's context, clearly agroforestry in different contexts is perfectly viable in areas with rainfall <1200mm, the same is probably true of temperature (but I am not so sure on this).] Ahmad et al. 2019",page,,,,,,,,
ev_t4_precip_mushtaq2023_2,mushtaq_2023,agroforestry,agroforestry__shaded_perennial,annual_precipitation,"{""favorable_above"": 1200, ""unit"": ""mm_yr""}",,structural_suitability,literature_relationship,cited_secondary,practice_technology,Ahmad et al. (2019). Agroforestry suitability mapping of India. Agroforestry Systems 93(4):1319–1336.,low,"Agroforestry-friendly climates are characterized by mean annual precipitation exceeding 1200 mm and mean annual temperatures ranging from 20 to 30 °C (Ahmad et al., 2019).",17,true,mean annual precipitation (general agroforestry),,,[reviewed 2026-09-18 by peetmate; reason:other] Ahmad et al. 2019,page,,,,,,,,
ev_t4_mat_mushtaq2023_3,mushtaq_2023,agroforestry,agroforestry__shaded_perennial,mean_annual_temperature,"{""opt_low"": 20, ""opt_high"": 24, ""mod_high"": 28, ""not_suitable_below"": 20, ""not_suitable_above"": 32, ""unit"": ""degrees_C""}",,structural_suitability,literature_relationship,primary_measured,crop_specific,,low,"The mean temperature during the growing season (°C) was categorized into four groups: highly suitable (20–24), moderately suitable (24–28), marginally acceptable (28–32), and not suitable (< 20 and > 32)",17,false,mean temperature during growing season,Morus spp.,,"[VERIFY-FLAG mismatch: abs_min: 20 and abs_max: 32 are wrong. The quote explicitly names '< 20 and > 32' as the 'not suitable' class — these are suitability score boundaries, not absolute thermodynamic limits. Encoding them as abs_min/abs_max implies values outside this range are impossible, but the quote merely calls them not suitable.]",page,,,,,,,,
ev_t4_precip_mushtaq2023_3,mushtaq_2023,agroforestry,agroforestry__shaded_perennial,annual_precipitation,"{""opt_low"": 500, ""opt_high"": 750, ""mod_high"": 2000, ""not_suitable_below"": 500, ""not_suitable_above"": 3400, ""unit"": ""mm_yr""}",,structural_suitability,literature_relationship,primary_measured,crop_specific,,low,"The classification of rainfall maps was based on four categories: highly suitable (500–750 mm), moderately suitable (750–2000 mm), marginally acceptable (2000–3400 mm), and not suitable (< 500 and > 3400 mm).",17,true,rainfall classification,Morus spp.,,"[dropped 2026-09-18 by peetmate; reason:species_envelope] [reclassified 2026-07-14 by peetmate → crop_specific; taxon:Morus spp.; note:2026-07 sweep-retro: restore species/crop evidence (keep + bank for reuse, not dropped)]",page,,,,,,,dropped,
ev_t4_slope_mushtaq2023_2,mushtaq_2023,agroforestry,agroforestry__shaded_perennial,slope,,,structural_suitability,scoping_candidate,primary_measured,crop_specific,,low,"According to the reclassification map based on slope, 17.4% of the Anantnag district is deemed highly suitable for mulberry agroforestry. The majority of the land has moderate suitability (37.4%) and marginal suitability (15.23%) for mulberry production. However, a significant portion (29.97%) is deemed unsuitable for mulberry agroforestry",17,true,slope suitability area statistics,Morus spp.,,"[dropped 2026-09-18 by peetmate; reason:species_envelope] [reclassified 2026-07-14 by peetmate → crop_specific; taxon:Morus spp.; note:2026-07 sweep-retro: restore species/crop evidence (keep + bank for reuse, not dropped)]",page,,,,,,,dropped,
ev_t4_meanann_nath21_01,nath_2021,agroforestry,agroforestry__cross_family,mean_annual_temperature,"{""very_good_min_C"": 20, ""very_good_max_C"": 25.5, ""good_min_C"": 15, ""good_max_C"": 20, ""moderate_min_C"": 10, ""moderate_max_C"": 15, ""marginal_min_C"": 5, ""marginal_max_C"": 10, ""unsuitable_threshold_C"": 5, ""variable_weight_pct"": 35, ""criteria_weight_pct"": 35}",,structural_suitability,literature_relationship,table,practice_technology,,medium,Annual mean temperature °C -19.5 to 25.5 20-25.5 15-20 10-15 5-10 < 5 35% 35%,11,true,Annual mean temperature,,,"[reviewed 2026-09-18 by peetmate; reason:confirmed_pass] general — applies cross-family (Nath et al. 2021 MCDA study, EIHR)",page,,,,,,,,
ev_t4_annualp_nath21_02,nath_2021,agroforestry,agroforestry__cross_family,annual_precipitation,"{""very_good_min_mm"": 2000, ""good_min_mm"": 1500, ""good_max_mm"": 2000, ""moderate_min_mm"": 1300, ""moderate_max_mm"": 1500, ""marginal_min_mm"": 1000, ""marginal_max_mm"": 1300, ""unsuitable_threshold_mm"": 1000, ""variable_weight_pct"": 35}",,structural_suitability,literature_relationship,table,practice_technology,,medium,Total annual precipitation mm 235 to 9312 > 2000 2000-1500 1500-1300 1300-1000 < 1000 35%,11,false,Total annual precipitation,,,"[query 2026-09-18 by peetmate; reason:other; note:this precipitation amount must be very context specific to region/country/AEZ as there are vast areas of farmland that get <1000mm rainfall per year that are highly suitable for agroforestry elsewhere in the world. This is not a ""global"" generalizable number.] general — applies cross-family (Nath et al. 2021 MCDA study, EIHR)",page,,,,,,,,
ev_t4_aridity_nath21_03,nath_2021,agroforestry,agroforestry__cross_family,aridity_index,"{""very_good_min"": 35000, ""good_min"": 15000, ""good_max"": 35000, ""moderate_min"": 10000, ""moderate_max"": 15000, ""marginal_min"": 5000, ""marginal_max"": 10000, ""unsuitable_threshold"": 5000, ""variable_weight_pct"": 15}",,structural_suitability,literature_relationship,table,practice_technology,,medium,"Table 2
Suitability classes and weights assigned to variables and respective criteria as per the available literature and knowledge of domain experts.
Criteria (c) Variable (v) Unit of measurement Range/Code Suitability classes for agroforestry (1: Very good, 2: Good, 3: Moderate, 4: Marginal, 5: Unsuitable) Weight for variable (w v ) Weight for criteria (w c) 1 2 3 4 5
Climate Annual mean temperature °C -19.5 to 25.5 20-25.5 15-20 10-15 5-10 < 5 35% 35%
Total annual precipitation mm 235 to 9312 > 2000 2000-1500 1500-1300 1300-1000 < 1000 35%
Reference Evapotranspiration mm/day 73-1663 1450-1663 1250-1450 1100-1250 1000-1100 < 1000 15%
Aridity Index unitless 2442-70313 35000 > 15000-35000 10000-15000 5000-10000 < 5000 15%",11,false,Aridity Index,,,"[query 2026-09-18 by peetmate; reason:other; note:be sure to note what aridity index they are using, there are different types and ultimately we will need to harmonize.] general — applies cross-family (Nath et al. 2021 MCDA study, EIHR)",page,,,,,,,,2026-06-18.section-scope
ev_t4_soilph_nath21_01,nath_2021,agroforestry,agroforestry__cross_family,soil_ph,"{""very_good_min"": 5.5, ""very_good_max"": 7.2, ""next_class_min"": 7.2, ""next_class_max"": 7.4}",,structural_suitability,literature_relationship,table,practice_technology,,low,Topsoil pH Nutrient availability in topsoil -log(H+) 4.6 to 7.6 5.5-7.2 7.2-7.4,11,false,Topsoil pH,,,"[query 2026-09-18 by peetmate; reason:insufficient_context; note:I cannot see the full table the caption is cropped off.] [VERIFY-FLAG mismatch: Quote shows only two named ranges (5.5-7.2, 7.2-7.4); bounds 4.6-5.5 assigned as 'good_lower' and 7.4-7.6 assigned as 'moderate' are inferred from the data-range endpoints, not from explicit suitability-class labels in the quote. variable_weight_pct: 25 is not present anywhere in the quote.] general — applies cross-family (Nath et al. 2021 MCDA study, EIHR)",page,,,,,,,,
ev_t4_soilorg_nath21_01,nath_2021,agroforestry,agroforestry__cross_family,soil_organic_carbon,"{""very_good_min_pct"": 2.0, ""very_good_max_pct"": 3.71, ""good_min_pct"": 1.0, ""good_max_pct"": 2.0, ""moderate_min_pct"": 0.6, ""moderate_max_pct"": 1.0, ""unsuitable_threshold_pct"": 0.6, ""variable_weight_pct"": 25}",,structural_suitability,literature_relationship,table,practice_technology,,low,Organic carbon % weight 0.56 to 3.71 2.0-3.71 1.0-2.0 0.6-1.0 < 0.6 25%,11,false,Organic carbon,,,"[query 2026-09-18 by peetmate; note:be careful with this table the wieght for the variable is 25% within topsoil group and there are 5 groups of which topsoil is %20. This does seem like a very useful table overall and high priority publicatoin we need to make sure this table is captured in full.] [VERIFY-FLAG scope: cannot_expand — narrow; no fuller verbatim context] general — applies cross-family (Nath et al. 2021 MCDA study, EIHR)",page,,,,,,,,2026-06-18.section-scope
ev_t4_soildra_nath21_01,nath_2021,agroforestry,agroforestry__cross_family,soil_drainage,"{""very_good_code"": 4, ""good_codes"": ""3,6"", ""moderate_code"": 2, ""marginal_code"": 1, ""variable_weight_pct"": 20}",,structural_suitability,literature_relationship,table,practice_technology,,medium,"Table 2 Suitability classes and weights assigned to variables and respective criteria as per the available literature and knowledge of domain experts. Criteria (c) Variable (v) Unit of measurement Range/Code Suitability classes for agroforestry (1: Very good, 2: Good, 3: Moderate, 4: Marginal, 5: Unsuitable) Weight for variable (wv) Weight for criteria (wc) 1 2 3 4 5 ... Soil Drainage Code 1,2,3,4,6 4 3,6 2 1 - - 20%",11,false,Soil Drainage,,,"[query 2026-09-18 by peetmate; reason:other; note:the soil drainage codes are not interpretable as ordinal values, more information is needed as to what exactly the codes refer to if we are going to be able to use this practically. we need an issue that refers to this type of probelm] general — applies cross-family (Nath et al. 2021 MCDA study, EIHR)",page,,,,,,,,2026-06-18.section-scope
ev_t4_slope_nath21_01,nath_2021,agroforestry,agroforestry__cross_family,slope,"{""very_good_max_deg"": 5, ""good_min_deg"": 5, ""good_max_deg"": 10, ""moderate_min_deg"": 10, ""moderate_max_deg"": 15, ""marginal_min_deg"": 15, ""marginal_max_deg"": 20, ""unsuitable_min_deg"": 20, ""variable_weight_pct"": 40}",,structural_suitability,literature_relationship,table,practice_technology,,medium,Slope degree 0 to 44 0 to 5 5 to 10 10 to 15 15 to 20 20 to 44 40%,11,true,Slope,,,"[reviewed 2026-09-18 by peetmate; reason:confirmed_pass] general — applies cross-family (Nath et al. 2021 MCDA study, EIHR)",page,,,,,,,,
ev_t4_treecan_nath21_01,nath_2021,agroforestry,agroforestry__cross_family,tree_canopy_cover,"{""suitable_classes"": ""Non-forest, Scrub, OF"", ""restricted_classes"": ""Water, MDF & VDF"", ""variable_weight_pct"": 50}",,structural_suitability,literature_relationship,table,practice_technology,,low,"Forest Cover map Category Water, NF, Scrub, Forest Non-forest, Scrub, OF - - - Water, MDF & VDF 50%",11,false,Forest Cover map,,,"[VERIFY-FLAG mismatch: Quote uses abbreviations 'OF', 'MDF', 'VDF'; relationship silently expands these to 'Open Forest', 'Moderately Dense Forest', 'Very Dense Forest' — expansions not stated in the quote and should be flagged as inferred, not verified.] general — applies cross-family (Nath et al. 2021 MCDA study, EIHR)",page,,,,,,,,
ev_t4_distance_nath21_01,nath_2021,agroforestry,agroforestry__cross_family,distance_to_road,"{""very_good_max_m_or_km_unresolved"": 3, ""good_min"": 3, ""good_max"": 6, ""moderate_min"": 6, ""moderate_max"": 10, ""marginal_min"": 10, ""marginal_max"": 20, ""unsuitable_min"": 20, ""variable_weight_pct"": 34, ""unit_note"": ""quote header says 'm'; whether class bounds are m or km is unresolvable from quote alone""}",,operational_risk,literature_relationship,table,practice_technology,,low,Distance from Roads m 0-43140 0-3 3-6 6-10 10-20 > 20 34%,11,false,Distance from Roads,,,"[VERIFY-FLAG mismatch: Quote header states unit as 'm' (metres) with data range 0-43140 m; relationship encodes values with '_km' suffix (e.g. very_good_max_km: 3). If the suitability-class values (0-3, 3-6, 6-10, 10-20, >20) are in km, the unit label contradicts the quote's 'm' header. Unit cannot be verified from the quote alone.] general — applies cross-family (Nath et al. 2021 MCDA study, EIHR)",page,,,,,,,,
ev_t4_landcov_nath21_01,nath_2021,agroforestry,agroforestry__cross_family,land_cover,,,structural_suitability,scoping_candidate,table,practice_technology,,low,NDVI Unitless 0 to 1 0.6-0.9 0.4-0.6 0.2-0.4 0.1-0.2 > 0.1 50% 10%,11,false,NDVI,,,"[query 2026-09-18 by peetmate; note:ok needs correction to NVDI then] [VERIFY-FLAG mismatch: Three defects: (1) variable is labelled 'land_cover' but quote describes NDVI — variable is mislabelled; (2) quote contains two weight values '50% 10%' but relationship only captures variable_weight_pct: 50, dropping the 10%; (3) the final class token '> 0.1' in the quote is almost certainly a transcription error for '< 0.1' (unsuitable), but no unsuitable class is encoded in the relationship regardless.] general — applies cross-family (Nath et al. 2021 MCDA study, EIHR)",page,,,,,,,,
ev_t4_treecanopy_palma2007_01,palma_2007,agroforestry,agroforestry__planted_silvoarable,tree_canopy_cover,"{""density_low"": 50, ""density_high"": 113, ""unit"": ""trees ha-1"", ""direction"": ""range tested""}","{""region"": ""Europe"", ""countries"": ""Spain, France, The Netherlands""}",structural_suitability,literature_relationship,modelled,practice_technology,,low,silvoarable scenarios allocated a proportion of the hypothetical farms (10 or 50%) to silvoarable agroforestry at two different tree densities (50 or 113 trees ha−1) on two different qualities of land (best or worst quality land),2,false,tree density,,,"[VERIFY-FLAG scope: methods — Quote describes a modelling scenario design (proportion of farm allocated to silvoarable at 50 or 113 trees/ha on best/worst land), not a su]",page,,,,,,,,2026-06-18.section-scope
ev_t4_treecanopy_palma2007_02,palma_2007,agroforestry,agroforestry__planted_silvoarable,tree_canopy_cover,"{""density_low"": 50, ""density_high"": 113, ""unit"": ""trees ha-1"", ""spacing_low"": ""40x5 m"", ""spacing_high"": ""22x4 m""}","{""region"": ""Europe""}",structural_suitability,literature_relationship,modelled,practice_technology,,low,"Scenarios comprised hypothetical farms with SAF at two densities (50 and 113 trees ha−1, 40×5 m and 22×4 m respectively) on 10 and 50% of the total agricultural area, starting with either the best and worst quality land.",3,false,tree density,,,[dropped 2026-09-18 by peetmate],page,,,,,,,dropped,2026-06-18.section-scope
ev_t4_landcover_palma2007_01,palma_2007,agroforestry,agroforestry__planted_silvoarable,land_cover,"{""direction"": ""SAF compared to current agricultural land use / status quo""}","{""region"": ""Europe""}",structural_suitability,literature_relationship,modelled,practice_technology,,low,Current agricultural land use was also modeled to provide a comparison with the status quo.,3,false,current agricultural land use,,,[VERIFY-FLAG mismatch: Relationship says 'silvoarable vs conventional arable compared' but quote only says 'current agricultural land use' / 'status quo' — neither 'silvoarable' nor 'conventional arable' labels appear in this quote.] [AUTO-QUARANTINE off_scope:land_cover_no_classes],page,,,,,,,dropped,
ev_t4_market_palma2007_01,palma_2007,agroforestry,agroforestry__planted_silvoarable,market_value_chain,"{""direction"": ""high-value timber species improves SAF financial performance""}","{""region"": ""France"", ""taxa_examples"": ""Juglans hybr., Populus sp.""}",operational_risk,literature_relationship,modelled,practice_technology,,high,"This was in part due to relatively high financial returns from the timber produced in the SAF systems, since the trees selected were valuable (walnut, Juglans hybr.) or produced rapid returns (poplar, Populus sp.)",6,true,financial returns from timber,,,"[query 2026-09-18 by peetmate; reason:other; note:This is an interesting finding, perhaps relevant to the next steps module of the toolkit, but the variable itself might need some more scrutiny. Market_value_chain does suggest there is some way of selling timber from agroforestry so that is a start] [reviewed 2026-06-22 by peetmate; reason:other; note:This is an interesting finding, perhaps relevant to the next steps module of the toolkit, but the variable itself might need some more scrutiny. Market_value_chain does suggest there is some way of selling timber from agroforestry so that is a start]",page,,,,,,,,
ev_t4_finance_palma2007_01,palma_2007,agroforestry,agroforestry__planted_silvoarable,finance_credit_access,"{""direction"": ""capital access constraint limits SAF adoption""}","{""region"": ""Europe""}",structural_suitability,scoping_candidate,primary_measured,practice_technology,,medium,"Further research is needed to refine the approach presented here. For example, the financial analysis assumed that farmers would have access to capital that could be used for establishing SAF plantations, but lack of such access could limit SAF, especially in poorer areas of Europe.",8,false,access to capital,,,"[dropped 2026-09-18 by peetmate; reason:other; note:this is neither used in suitability analysis nor measured in any quantitative or qualitative way, it is a reflection and assumption that relates to something they think could be important but they do not know at present. Therefore we should reject this as the evidence is not strong enough, used or first (or even second) hand.]",page,,,,,,,dropped,2026-06-18.section-scope
ev_T4_precip_seja2022_1,seja_2022,agroforestry,agroforestry__planted_silvoarable,annual_precipitation,"{""abs_min"": 821, ""abs_max"": 1505, ""unit"": ""mm/year""}","{""location"": ""Uluguru Mountain northern slope, Morogoro, Tanzania"", ""elevation_m"": ""495-1750""}",structural_suitability,literature_relationship,primary_measured,practice_technology,,low,"minimum and maximum annual rainfall of 821 mm and 1505 mm respectively (Ernest et al., 2017).",5,false,annual rainfall,,,"[VERIFY-FLAG scope: study_site — Quote describes the study area's observed climate ('The area has ... minimum and maximum annual rainfall of 821 mm and 1505 mm'), a site-cha] Ernest et al., 2017",page,,,The study area is located at the northern slope of Uluguru mountain,5,Rainfall was one of the six AHP criteria used to evaluate agroforestry land use suitability,11,,2026-06-18.section-scope
ev_T4_temp_seja2022_1,seja_2022,agroforestry,agroforestry__planted_silvoarable,mean_annual_temperature,"{""abs_min"": 16, ""abs_max"": 33, ""unit"": ""°C""}","{""location"": ""Uluguru Mountain northern slope, Morogoro, Tanzania""}",structural_suitability,literature_relationship,primary_measured,practice_technology,,low,"The area has average minimum and maximum temperature of 16˚C and 33˚C respectively with minimum and maximum annual rainfall of 821 mm and 1505 mm respectively (Ernest et al., 2017).",5,false,temperature,,,"[VERIFY-FLAG scope: study_site — Same site-description sentence giving the area's average min/max temperature (16-33C) and rainfall — study-site characteristics, not a suita] Ernest et al., 2017",page,,,,,Temperature was one of the six AHP criteria used to evaluate agroforestry land use suitability,11,,2026-06-18.section-scope
ev_T4_slope_seja2022_1,seja_2022,agroforestry,agroforestry__planted_silvoarable,slope,"{""abs_min"": 8, ""abs_max"": 72, ""unit"": ""%""}","{""location"": ""Uluguru Mountain, Morogoro, Tanzania"", ""note"": ""Five land mapping units; agroforestry most suitable LU2-LU4 (12-38%)""}",structural_suitability,literature_relationship,table,practice_technology,,medium,"Slope 
8% - 12% 
12% - 20% 
20% - 28% 
28% - 38% 
38% - 72%",11,true,Slope,,,"[query 2026-09-18 by peetmate; reason:other; note:I find it hard to understand this methodology, the slope is for different Land Use units they have identified, but the rationale for their selection is unclear, this may not represent the full potential for AF and the 8% min slope is a red flag. However the 72% upper bound is interesting too, although perhaps totally unfeasible. This is borderline.] [reviewed 2026-06-22 by peetmate; reason:other; note:I find it hard to understand this methodology, the slope is for different Land Use units they have identified, but the rationale for their selection is unclear, this may not represent the full potential for AF and the 8% min slope is a red flag. However the 72% upper bound is interesting too, although perhaps totally unfeasible. This is borderline.]",page,,,,,Slope was one of the six AHP criteria used to evaluate agroforestry suitability; ranges per land unit presented in Table 5,11,,
ev_T4_precip_seja2022_2,seja_2022,agroforestry,agroforestry__planted_silvoarable,annual_precipitation,"{""abs_min"": 770, ""abs_max"": 1111, ""unit"": ""mm""}","{""location"": ""Uluguru Mountain, Morogoro, Tanzania"", ""note"": ""By land unit LU1-LU5; agroforestry mainly LU2-LU4 (770-953 mm)""}",structural_suitability,literature_relationship,table,practice_technology,,low,"Rainfall 
770 - 886 mm 
770 - 886 mm 
886 - 953 mm 
886 - 953 mm 
1023 - 1111 mm",11,false,Rainfall,,,[VERIFY-FLAG mismatch: unit encoded as mm/year but quote only says 'mm'; annual context is from paper not this quote snippet],page,,,,,Rainfall was an AHP criterion for evaluating agroforestry land use suitability by land unit,11,,
ev_T4_temp_seja2022_2,seja_2022,agroforestry,agroforestry__planted_silvoarable,mean_annual_temperature,"{""abs_min"": 16.2, ""abs_max"": 21.3, ""unit"": ""°C""}","{""location"": ""Uluguru Mountain, Morogoro, Tanzania"", ""note"": ""By land unit LU1-LU5; agroforestry mainly LU2-LU4 (16.2-19.1°C)""}",structural_suitability,literature_relationship,table,practice_technology,,medium,"Temperature 17.9˚C - 21.3˚C 
17.9˚C - 19.1˚C 
16.2˚C - 17.8˚C 
16.2˚C - 17.8˚C 
16.2˚C - 17.8˚C",11,false,Temperature,,,"[dropped 2026-09-18 by peetmate; reason:off_scope; note:I don't think this directly relates to agroforestry suitability, I think these are just zones for potential agroforestry implementation that are being described.]",page,,,,,Temperature was an AHP criterion for evaluating agroforestry land use suitability by land unit,11,dropped,
ev_T4_landcover_seja2022_1,seja_2022,agroforestry,agroforestry__planted_silvoarable,land_cover,"{""threshold"": 4.49, ""unit"": ""% suitability area, LU1 (slope 8-12%)""}","{""land_unit"": ""LU1"", ""elevation_m"": ""499-702"", ""slope_pct"": ""8-12"", ""method"": ""AHP+GIS weighted overlay""}",structural_suitability,literature_relationship,modelled,practice_technology,,low,"The ratios of suitability on this Land map unit for settlement, conservation agriculture, agroforestry and forest were 45.74%, 49.78%, 4.49% and 0%.",12,false,compatible land use allocation,,,[dropped 2026-09-18 by peetmate],page,,,,,"AHP-weighted overlay of slope, temperature, rainfall, soil, SMI, LST criteria for agroforestry suitability by land unit",12,dropped,
ev_T4_landcover_seja2022_2,seja_2022,agroforestry,agroforestry__planted_silvoarable,land_cover,"{""threshold"": 46.42, ""unit"": ""% suitability area, LU2 (slope 12-20%)""}","{""land_unit"": ""LU2"", ""elevation_m"": ""702-882"", ""slope_pct"": ""12-20"", ""method"": ""AHP+GIS weighted overlay""}",structural_suitability,literature_relationship,modelled,practice_technology,,low,"the compatible land use allocation on land map unit 2 produced the ratio of
6.87%, 46.29%, 46.42% and 0.41% of coverage for settlement, conservation agri-
culture, agroforestry and forest respectively.",12,false,compatible land use allocation,,,[VERIFY-FLAG mismatch: unit label includes elevation range '702-882 m' which is not in this quote; smuggled from another table/row] [AUTO-QUARANTINE off_scope:allocation_result],page,,,,,"AHP-weighted overlay of slope, temperature, rainfall, soil, SMI, LST criteria for agroforestry suitability by land unit",12,dropped,
ev_T4_landcover_seja2022_3,seja_2022,agroforestry,agroforestry__planted_silvoarable,land_cover,"{""threshold"": 11.32, ""unit"": ""% suitability area, LU3 (slope 20-28%)""}","{""land_unit"": ""LU3"", ""elevation_m"": ""882-1094"", ""slope_pct"": ""20-28"", ""method"": ""AHP+GIS weighted overlay""}",structural_suitability,literature_relationship,modelled,practice_technology,,low,"a pro-
posed land use with area coverage of 0.67%, 84.46%, 11.32% and 3.54% for set-
tlement, conservation agriculture, agroforestry and forest respectively.",12,false,compatible land use allocation,,,[VERIFY-FLAG mismatch: unit label includes elevation range '882-1094 m' which is not in this quote; smuggled from another table/row],page,,,,,"AHP-weighted overlay of slope, temperature, rainfall, soil, SMI, LST criteria for agroforestry suitability by land unit",12,,
ev_T4_landcover_seja2022_4,seja_2022,agroforestry,agroforestry__planted_silvoarable,land_cover,"{""threshold"": 3.83, ""unit"": ""% suitability area, LU4 (slope 28-38%)""}","{""land_unit"": ""LU4"", ""elevation_m"": ""1094-1341"", ""slope_pct"": ""28-38"", ""method"": ""AHP+GIS weighted overlay""}",structural_suitability,literature_relationship,modelled,practice_technology,,low,"compatible land use area coverage dis-
tribution ratio of 4.34%, 10.11%, 3.83% and 81.72% for settlement, conservation
agriculture, agroforestry and forest respectively.",13,false,compatible land use allocation,,,[VERIFY-FLAG mismatch: unit label includes elevation range '1094-1341 m' which is not in this quote; smuggled from another table/row],page,,,,,"AHP-weighted overlay of slope, temperature, rainfall, soil, SMI, LST criteria for agroforestry suitability by land unit",13,,
ev_T4_landcover_seja2022_5,seja_2022,agroforestry,agroforestry__planted_silvoarable,land_cover,"{""threshold"": 6.27, ""unit"": ""% suitability area, LU5 (slope 38-72%)""}","{""land_unit"": ""LU5"", ""elevation_m"": ""1341-1772"", ""slope_pct"": ""38-72"", ""method"": ""AHP+GIS weighted overlay""}",structural_suitability,literature_relationship,modelled,practice_technology,,low,"compatible land use distribution ratio on this land map unit obtained
through AHP is 0.47%, 5.70%, 6.27% and 87.55% for settlement, conservation
agriculture, agroforestry and forest respectively.",13,false,compatible land use allocation,,,[VERIFY-FLAG mismatch: unit label includes elevation range '1341-1772 m' which is not in this quote; smuggled from another table/row] [AUTO-QUARANTINE off_scope:allocation_result],page,,,,,"AHP-weighted overlay of slope, temperature, rainfall, soil, SMI, LST criteria for agroforestry suitability by land unit",13,dropped,
ev_T4_tenure_singh24_1,singh_2024,agroforestry,agroforestry__planted_silvoarable,tenure_security,"{""direction"": ""positive"", ""note"": ""insecure tenure reduces long-term tree investment""}",,operational_risk,scoping_candidate,cited_secondary,practice_technology,,medium,"Land tenure: Lack of land ownership 
deeds in SSA disincentivizes smallholders 
from making long-term investments in 
trees [8].",2,true,land tenure security,,,[query 2026-09-18 by peetmate; reason:other; note:is this T4 or T3 risk/enabling factors and next steps?] [reviewed 2026-06-22 by peetmate; reason:other; note:is this T4 or T3 risk/enabling factors and next steps?] Abdulai AN et al. (ref [8]),page,,,,,,,,
ev_T4_market_singh24_1,singh_2024,agroforestry,agroforestry__planted_silvoarable,market_value_chain,"{""direction"": ""positive"", ""note"": ""weak market linkages constrain agroforestry adoption""}",,operational_risk,scoping_candidate,cited_secondary,practice_technology,,medium,"Markets: Weak linkages with input and 
output markets hampers ability to procure 
material as well as process and sell value-
added agroforestry products [7].",2,true,market access / value-chain linkages,,,"[query 2026-09-18 by peetmate; reason:other; note:T4 or T3/next steps?
must be linked to source [7]] ] ] ] ] ] ] ] ] [reviewed 2026-06-22 by peetmate; reason:other; note:T4 or T3/next steps?
must be linked to source [7]] Pham TT et al. (ref [7])",page,,,,,,,,
ev_T4_extgov_singh24_1,singh_2024,agroforestry,agroforestry__planted_silvoarable,extension_governance,"{""direction"": ""positive"", ""note"": ""inadequate extension reduces agroforestry skills and adoption""}",,operational_risk,scoping_candidate,cited_secondary,practice_technology,,medium,"Technical skills: Inadequate knowledge 
on good agroforestry practices related to 
species selection, design, management 
etc. due to lack of extension restricts 
farmer skills [9].",2,true,extension / technical knowledge access,,,[query 2026-09-18 by peetmate; reason:other; note:is this T4 or T3 risk/enabling factors and next steps?] [reviewed 2026-06-22 by peetmate; reason:other; note:is this T4 or T3 risk/enabling factors and next steps?] Dumont AM et al. (ref [9]),page,,,,,,,,
ev_t4_slope_sper24_1,sperandio_2024,agroforestry,agroforestry__planted_silvoarable,slope,"{""importance_pct"": 53, ""cluster"": ""N1"", ""unit"": ""% importance (method not stated in quote)"", ""note"": ""RF label removed — not supported by this quote; requires a quote explicitly naming the importance method""}","{""method"": ""Random Forest"", ""system"": ""agrosilvopastoral"", ""location"": ""Minas Gerais, Brazil"", ""enterprise_scale"": ""small""}",structural_suitability,ml_importance,figure_read,practice_technology,,low,"among the three initial attributes (N1), slope has the highest importance (53 %), followed by lithology (25 %) and soil classes (22 %)",4,false,slope,,SRTM USGS/SRTMGL1_003 30m,"[VERIFY-FLAG mismatch: Unit label '% RF importance' smuggles 'RF' (Random Forest) which is not stated in the quote. Quote says only 'importance (53%)'; the method generating that importance score is not identified in this quote. All numeric values (53, N1) are correct.]",page,,,,,,,,
ev_t4_slope_sper24_2,sperandio_2024,agroforestry,agroforestry__planted_silvoarable,slope,,"{""location"": ""Minas Gerais, Brazil""}",structural_suitability,scoping_candidate,cited_secondary,practice_technology,,medium,"Slope, on the other hand, is related to soil depth and conditions greater susceptibility to erosion and limits land use practices",6,false,slope,,,"[dropped 2026-09-18 by peetmate; reason:off_scope; note:general discussion point not clearly linked to agroforestry.] Everest et al., 2022",page,,,,,,,dropped,
ev_t4_precip_sper24_1,sperandio_2024,agroforestry,agroforestry__planted_silvoarable,annual_precipitation,"{""direction"": ""restricts"", ""after_climate_pct"": 48, ""unit"": ""% area suitable (watersheds)"", ""note"": ""baseline_pct removed — not stated in this quote; requires a separate evidence unit with a direct citation giving the pre-climate-filter baseline""}","{""method"": ""Random Forest"", ""system"": ""agrosilvopastoral"", ""location"": ""Minas Gerais, Brazil""}",structural_suitability,ml_importance,primary_measured,practice_technology,,low,Adding climate attributes (N2) reduced the suitable area to 48 % of the watersheds.,4,false,climatic attributes,,WorldClim/BioclimVars,[dropped 2026-09-18 by peetmate; reason:other; note:this just states 48% of an area was suitable. How is this useful?],page,,,,,,,dropped,
ev_t4_precip_sper24_2,sperandio_2024,agroforestry,agroforestry__planted_silvoarable,annual_precipitation,,"{""system"": ""agrosilvopastoral""}",structural_suitability,scoping_candidate,primary_measured,practice_technology,,low,the most commonly used variables in land suitability modeling are precipitation and temperature,6,false,precipitation,,,[dropped 2026-09-18 by peetmate],page,,,,,,,dropped,2026-06-18.section-scope
ev_t4_mat_sper24_1,sperandio_2024,agroforestry,agroforestry__planted_silvoarable,mean_annual_temperature,,"{""system"": ""agrosilvopastoral""}",structural_suitability,scoping_candidate,primary_measured,practice_technology,,low,the most commonly used variables in land suitability modeling are precipitation and temperature,6,false,temperature,,,[dropped 2026-09-18 by peetmate],page,,,,,,,dropped,2026-06-18.section-scope
ev_t4_soilph_sper24_1,sperandio_2024,agroforestry,agroforestry__planted_silvoarable,soil_ph,,"{""soil_depth_cm"": ""100-200"", ""system"": ""agrosilvopastoral"", ""location"": ""Minas Gerais, Brazil""}",structural_suitability,scoping_candidate,cited_secondary,practice_technology,,low,"Soil density, clay content, and pH are presented as important layers in land suitability modeling",6,false,pH,,EMBRAPA soil attributes 90m,"[dropped 2026-09-18 by peetmate] Akpoti, 2019; Ozalp and Akinci, 2023",page,,,,,,,dropped,2026-06-18.section-scope
ev_t4_soc_sper24_1,sperandio_2024,agroforestry,agroforestry__planted_silvoarable,soil_organic_carbon,,"{""soil_depth_cm"": ""0-200"", ""resolution_m"": 90, ""system"": ""agrosilvopastoral"", ""location"": ""Minas Gerais, Brazil""}",structural_suitability,scoping_candidate,primary_measured,practice_technology,,low,"These attributes include organic carbon content, soil density, pH, cation exchange capacity, sand, silt, and clay content.",3,false,organic carbon content,,EMBRAPA soil attributes 90m,"[query 2026-09-18 by peetmate; reason:insufficient_context; note:the context is truncated as the text flows from the bottom of one column to the top of another and we are only showing the top.] [VERIFY-FLAG scope: methods — Lists soil attributes used as model inputs (organic carbon, density, pH, CEC, texture) — methods/data-layer description, not a SOC suitabili]",page,,,,,,,,2026-06-18.section-scope
ev_t4_road_sper24_1,sperandio_2024,agroforestry,agroforestry__planted_silvoarable,distance_to_road,,"{""road_classes"": [""federal"", ""state"", ""municipal""], ""system"": ""agrosilvopastoral"", ""location"": ""Minas Gerais, Brazil""}",operational_risk,scoping_candidate,primary_measured,practice_technology,,low,"For the data cube, layers were added with the Euclidean distance in relation to each type of road.",3,false,distance to roads,,"IBGE road segments 1:250,000","[VERIFY-FLAG scope: methods — ""layers were added with the Euclidean distance in relation to each type of road"" — describes data-cube construction (methods), not a distanc]",page,,,,,,,,2026-06-18.section-scope
ev_t4_road_sper24_2,sperandio_2024,agroforestry,agroforestry__planted_silvoarable,distance_to_road,,"{""system"": ""agrosilvopastoral"", ""location"": ""Minas Gerais, Brazil""}",operational_risk,scoping_candidate,cited_secondary,practice_technology,,low,Roads are the main predictor for analyzing the anthropic influence on modeling land use and land use change,6,false,roads,,,"[VERIFY-FLAG scope: methods — ""Roads are the main predictor for analyzing the anthropic influence on modeling land use and land use change"" — a variable-importance justif] Akpoti, 2019",page,,,,,,,,2026-06-18.section-scope
ev_t4_lc_sper24_1,sperandio_2024,agroforestry,agroforestry__planted_silvoarable,land_cover,,"{""system"": ""agrosilvopastoral"", ""location"": ""Minas Gerais, Brazil""}",structural_suitability,scoping_candidate,primary_measured,practice_technology,,low,"The data cube comprised 100 geospatial layers, organized into informational plans on soil classes (4 layers), lithology (3 layers), slope (1 layer)",4,false,soil classes,,,[dropped 2026-09-18 by peetmate],page,,,,,"Used as baseline land capability classification layer (N1 cluster baseline, FEAM/SEAPA methodology)",,dropped,2026-06-18.section-scope
ev_T4_mat_unger2023_1,unger_2023,agroforestry,agroforestry__planted_silvoarable,mean_annual_temperature,"{""value"": 9.5, ""unit"": ""degrees_C"", ""period"": ""1991-2020""}","{""geographic_scope"": ""Brandenburg, Germany"", ""study_income_group"": ""high""}",structural_suitability,scoping_candidate,primary_measured,practice_technology,,low,"mean temperature and mean precipitation of the study area
in the long-term average (1991–2020) are 9.5 ◦C [41] and 586 mm, respectively [42].",3,false,mean temperature,,,"[VERIFY-FLAG scope: study_site — Quote gives the study area's long-term average temperature (9.5C) and precipitation (586mm) — site-characteristics description, not a temper] [AUTO-QUARANTINE off_scope:study_site]",page,,,,,,,dropped,2026-06-18.section-scope
ev_T4_precip_unger2023_1,unger_2023,agroforestry,agroforestry__planted_silvoarable,annual_precipitation,"{""value"": 586, ""unit"": ""mm"", ""period"": ""1991-2020""}","{""geographic_scope"": ""Brandenburg, Germany"", ""study_income_group"": ""high""}",structural_suitability,scoping_candidate,primary_measured,practice_technology,,medium,"mean temperature and mean precipitation of the study area
in the long-term average (1991–2020) are 9.5 ◦C [41] and 586 mm, respectively [42].",3,false,mean precipitation,,,[dropped 2026-09-18 by peetmate; reason:off_scope; note:this is about a study area not suitability!],page,,,,,,,dropped,
ev_T4_prot_unger2023_1,unger_2023,agroforestry,agroforestry__planted_silvoarable,protected_area_status,,"{""geographic_scope"": ""Brandenburg, Germany"", ""study_income_group"": ""high""}",structural_suitability,scoping_candidate,table,practice_technology,,low,Located in protected area,7,false,Located in protected area,,,"[VERIFY-FLAG mismatch: Quote is the table-row label only ('Located in protected area'); the criterion value 'No' and the meaning 'AFS sited outside protected areas only' are smuggled from the table cell, not present in the quoted text fragment.] [AUTO-QUARANTINE off_scope:study_site]",page,,,,,,,dropped,
ev_T4_lc_unger2023_1,unger_2023,agroforestry,agroforestry__planted_silvoarable,land_cover,"{""required_cover"": ""Arable land""}","{""geographic_scope"": ""Brandenburg, Germany"", ""study_income_group"": ""high"", ""table"": ""Table 2 AFS column""}",structural_suitability,literature_relationship,table,practice_technology,,low,"Type of agricultural area
Arable land",7,true,Type of agricultural area: Arable land,,,[reviewed 2026-09-18 by peetmate],page,,,,,,,,2026-06-18.section-scope
ev_T4_lc_unger2023_2,unger_2023,agroforestry,agroforestry__planted_silvoarable,land_cover,"{""criterion"": ""Top 10%""}","{""geographic_scope"": ""Brandenburg, Germany"", ""study_income_group"": ""high""}",structural_suitability,literature_relationship,table,practice_technology,,low,"Size of agricultural parcel
Top 10%",7,false,Size of agricultural parcel: Top 10%,,,[dropped 2026-09-18 by peetmate; reason:other],page,,,,,,,dropped,
ev_T4_soil_unger2023_1,unger_2023,agroforestry,agroforestry__planted_silvoarable,soil_drainage,"{""standard_soil_value_pts_low"": 30, ""standard_soil_value_pts_high"": 40}","{""geographic_scope"": ""Brandenburg, Germany"", ""study_income_group"": ""high"", ""note"": ""pts = German standard soil valuation (Bodenpunkte); sandy soils chosen for AFS due to wind erosion susceptibility""}",structural_suitability,literature_relationship,table,practice_technology,,low,"Standard soil values
30–40 pt",7,false,Standard soil values for AFS,,,[dropped 2026-09-18 by peetmate; reason:insufficient_context; note:standard soil values as a variable is uninterpretable],page,,,,,,,dropped,
ev_T4_fin_unger2023_1,unger_2023,agroforestry,agroforestry__planted_silvoarable,finance_credit_access,"{""barrier"": ""high investment costs""}","{""geographic_scope"": ""Brandenburg, Germany"", ""study_income_group"": ""high""}",operational_risk,literature_relationship,primary_measured,practice_technology,,low,"establishment of land use
systems (e.g., agroforestry systems) that may lead to land use synergies can be associated
with high investment costs [58].",14,false,high investment costs of agroforestry,,,[VERIFY-FLAG scope: off_scope — off-scope / not a suitability claim],page,,,,,,,,2026-06-18.section-scope
ev_T4_gov_unger2023_1,unger_2023,agroforestry,agroforestry__planted_silvoarable,extension_governance,"{""barrier"": ""no legal basis at European or national levels for promotion of agroforestry systems"", ""period"": ""until end of 2022""}","{""geographic_scope"": ""Brandenburg, Germany"", ""study_income_group"": ""high""}",structural_suitability,literature_relationship,primary_measured,practice_technology,,high,"At the same time, until the end of 2022, there was no legal basis, either at the European or national levels, for the promotion of agroforestry systems or areas with agri-photovoltaic systems.",14,false,absence of legal basis for AFS promotion,,,"[dropped 2026-09-18 by peetmate; reason:other; note:Too high level and hand-wavy, indirect and assumed causation, no qualitative or quantitative evidence presented.]",page,,,,,,,dropped,2026-06-18.section-scope
ev_T4_gov_unger2023_2,unger_2023,agroforestry,agroforestry__planted_silvoarable,extension_governance,"{""barrier"": ""lack of knowledge transfer about mutual positive effects of AFS""}","{""geographic_scope"": ""Brandenburg, Germany"", ""study_income_group"": ""high""}",structural_suitability,literature_relationship,primary_measured,practice_technology,,low,"lack of knowledge transfer
about the mutual positive effects can also be assumed to be a reason for this",14,false,lack of knowledge transfer about agroforestry synergies,,,[VERIFY-FLAG scope: off_scope — off-scope / not a suitability claim] [AUTO-QUARANTINE off_scope:speculation],page,,,,,,,dropped,2026-06-18.section-scope
ev_T4_slope_wotlolan2021_1,wotlolan_2021,agroforestry,agroforestry__planted_silvoarable,slope,"{""threshold"": 35, ""unit"": ""%"", ""direction"": ""exclude_above""}",,structural_suitability,literature_relationship,table,practice_technology,,low,"a sixth was added to
ﬁlter out raster cells with slope greater than 35%",5,false,slope greater than 35%,,,"[query 2026-09-18 by peetmate; reason:insufficient_context; note:publications often have a two column format, this extraction fails to follow the bottom of column 1 to the top of column 2] [VERIFY-FLAG scope: cannot_expand — narrow; no fuller verbatim context]",page,,,,,,,,2026-06-18.section-scope
ev_T4_soilph_wotlolan2021_1,wotlolan_2021,agroforestry,agroforestry__planted_silvoarable,soil_ph,"{""lower"": 5.1, ""upper"": 8.5, ""unit"": ""pH""}",,structural_suitability,literature_relationship,cited_secondary,crop_specific,,low,"Cutnut (Barringtonia
spp.)
vutu
5.1–8.5",6,true,Soil pH,Barringtonia procera,,"[reclassified 2026-07-14 by peetmate → species_specific; taxon:Barringtonia procera; note:2026-07 sweep-retro: definitional mis-tag fix (taxon present, claim_scope was practice_technology) — species envelope, keep + bank] Species Profiles for Pacific Island Agroforestry (Elevitch 1997-2019)",page,,,,,,,,2026-06-18.section-scope
ev_T4_soilph_wotlolan2021_2,wotlolan_2021,agroforestry,agroforestry__planted_silvoarable,soil_ph,"{""lower"": 6.1, ""upper"": 7.4, ""unit"": ""pH""}",,structural_suitability,literature_relationship,cited_secondary,crop_specific,,low,"Breadfruit (Artocarpus
altilis)
uto,
kulu
6.1–7.4",6,true,Soil pH,Artocarpus altilis,,"[reclassified 2026-07-14 by peetmate → species_specific; taxon:Artocarpus altilis; note:2026-07 sweep-retro: definitional mis-tag fix (taxon present, claim_scope was practice_technology) — species envelope, keep + bank] Species Profiles for Pacific Island Agroforestry (Elevitch 1997-2019)",page,,,,,,,,2026-06-18.section-scope
ev_T4_soilph_wotlolan2021_3,wotlolan_2021,agroforestry,agroforestry__planted_silvoarable,soil_ph,"{""lower"": 6.0, ""upper"": 7.0, ""unit"": ""pH""}",,structural_suitability,literature_relationship,cited_secondary,crop_specific,,low,"Lemon (Citrus limon)
moli
6.0–7.0",6,true,Soil pH,Citrus limon,,"[reclassified 2026-07-14 by peetmate → species_specific; taxon:Citrus limon; note:2026-07 sweep-retro: definitional mis-tag fix (taxon present, claim_scope was practice_technology) — species envelope, keep + bank] Species Profiles for Pacific Island Agroforestry (Elevitch 1997-2019)",page,,,,,,,,2026-06-18.section-scope
ev_T4_soilph_wotlolan2021_4,wotlolan_2021,agroforestry,agroforestry__planted_silvoarable,soil_ph,"{""lower"": 6.1, ""upper"": 7.4, ""unit"": ""pH""}",,structural_suitability,literature_relationship,cited_secondary,species_specific,,low,"Sandalwood (Santalum
yasi)
yasi
6.1–7.4",6,true,Soil pH,Santalum yasi,,"[reclassified 2026-07-14 by peetmate → species_specific; taxon:Santalum yasi; note:2026-07 sweep-retro: definitional mis-tag fix (taxon present, claim_scope was practice_technology) — species envelope, keep + bank] Species Profiles for Pacific Island Agroforestry (Elevitch 1997-2019)",page,,,,,,,,2026-06-18.section-scope
ev_T4_soilph_wotlolan2021_5,wotlolan_2021,agroforestry,agroforestry__planted_silvoarable,soil_ph,"{""lower"": 4.0, ""upper"": 8.5, ""unit"": ""pH""}",,structural_suitability,literature_relationship,cited_secondary,crop_specific,,low,"Tropical almond
(Terminalia catappa)
tavola,
tivi
4.0–8.5",6,true,Soil pH,Terminalia catappa,,"[reclassified 2026-07-14 by peetmate → species_specific; taxon:Terminalia catappa; note:2026-07 sweep-retro: definitional mis-tag fix (taxon present, claim_scope was practice_technology) — species envelope, keep + bank] Species Profiles for Pacific Island Agroforestry (Elevitch 1997-2019)",page,,,,,,,,2026-06-18.section-scope
ev_T4_soilph_wotlolan2021_6,wotlolan_2021,agroforestry,agroforestry__planted_silvoarable,soil_ph,"{""lower"": 5.0, ""upper"": null, ""unit"": ""pH"", ""note"": ""upper bound 14.0 is physically impossible; likely OCR/table-parsing artifact — verify against source table""}",,structural_suitability,literature_relationship,cited_secondary,crop_specific,,low,"Tahitian chestnut
(Inocarpus fagifer)
ivi
5.0–14.0",6,true,Soil pH,Inocarpus fagifer,,"[dropped 2026-09-18 by peetmate; reason:species_envelope] [reclassified 2026-07-14 by peetmate → species_specific; taxon:Inocarpus fagifer; note:2026-07 sweep-retro: restore species/crop evidence (keep + bank for reuse, not dropped)] Species Profiles for Pacific Island Agroforestry (Elevitch 1997-2019)",page,,,,,,,dropped,
ev_T4_soilph_wotlolan2021_7,wotlolan_2021,agroforestry,agroforestry__planted_silvoarable,soil_ph,"{""lower"": 6.1, ""upper"": 7.4, ""unit"": ""pH""}",,structural_suitability,literature_relationship,cited_secondary,species_specific,,low,"Vesi (Intsia bijua)
vesi
6.1–7.4",6,true,Soil pH,Intsia bijua,,"[reclassified 2026-07-14 by peetmate → species_specific; taxon:Intsia bijua; note:2026-07 sweep-retro: definitional mis-tag fix (taxon present, claim_scope was practice_technology) — species envelope, keep + bank] Species Profiles for Pacific Island Agroforestry (Elevitch 1997-2019)",page,,,,,,,,2026-06-18.section-scope
ev_T4_soildrain_wotlolan2021_1,wotlolan_2021,agroforestry,agroforestry__planted_silvoarable,soil_drainage,"{""drainage_class"": ""Poor"", ""direction"": ""tolerates_poor_drainage""}",,structural_suitability,literature_relationship,table,crop_specific,,low,"Tahitian chestnut is the only
crop to thrive in poorly drained soils",6,true,Drainage,Inocarpus fagifer,,"[reclassified 2026-07-14 by peetmate → species_specific; taxon:Inocarpus fagifer; note:2026-07 sweep-retro: definitional mis-tag fix (taxon present, claim_scope was practice_technology) — species envelope, keep + bank]",page,,,,,,,,2026-06-18.section-scope
ev_T4_mat_wotlolan2021_1,wotlolan_2021,agroforestry,agroforestry__planted_silvoarable,mean_annual_temperature,"{""lower"": 26, ""upper"": 28, ""unit"": ""degrees_C""}",,structural_suitability,literature_relationship,cited_secondary,crop_specific,,low,"Cutnut (Barringtonia
spp.)
vutu
5.1–8.5
Well
26–28",6,true,Mean annual temp. (C),Barringtonia procera,,"[reclassified 2026-07-14 by peetmate → species_specific; taxon:Barringtonia procera; note:2026-07 sweep-retro: definitional mis-tag fix (taxon present, claim_scope was practice_technology) — species envelope, keep + bank] Species Profiles for Pacific Island Agroforestry (Elevitch 1997-2019)",page,,,,,,,,2026-06-18.section-scope
ev_T4_mat_wotlolan2021_2,wotlolan_2021,agroforestry,agroforestry__planted_silvoarable,mean_annual_temperature,"{""lower"": 21, ""upper"": 32, ""unit"": ""degrees_C""}",,structural_suitability,literature_relationship,cited_secondary,crop_specific,,low,"Breadfruit (Artocarpus
altilis)
uto,
kulu
6.1–7.4
Well
21–32",6,true,Mean annual temp. (C),Artocarpus altilis,,"[reclassified 2026-07-14 by peetmate → species_specific; taxon:Artocarpus altilis; note:2026-07 sweep-retro: definitional mis-tag fix (taxon present, claim_scope was practice_technology) — species envelope, keep + bank] Species Profiles for Pacific Island Agroforestry (Elevitch 1997-2019)",page,,,,,,,,2026-06-18.section-scope
ev_T4_mat_wotlolan2021_3,wotlolan_2021,agroforestry,agroforestry__planted_silvoarable,mean_annual_temperature,"{""lower"": 25, ""upper"": 30, ""unit"": ""degrees_C""}",,structural_suitability,literature_relationship,cited_secondary,crop_specific,,low,"Lemon (Citrus limon)
moli
6.0–7.0
Well
25–30",6,true,Mean annual temp. (C),Citrus limon,,"[reclassified 2026-07-14 by peetmate → species_specific; taxon:Citrus limon; note:2026-07 sweep-retro: definitional mis-tag fix (taxon present, claim_scope was practice_technology) — species envelope, keep + bank] Species Profiles for Pacific Island Agroforestry (Elevitch 1997-2019)",page,,,,,,,,2026-06-18.section-scope
ev_T4_mat_wotlolan2021_4,wotlolan_2021,agroforestry,agroforestry__planted_silvoarable,mean_annual_temperature,"{""lower"": 23, ""upper"": 29, ""unit"": ""degrees_C""}",,structural_suitability,literature_relationship,cited_secondary,species_specific,,low,"Sandalwood (Santalum
yasi)
yasi
6.1–7.4
Well
23–29",6,true,Mean annual temp. (C),Santalum yasi,,"[dropped 2026-09-18 by peetmate; reason:species_envelope] [reclassified 2026-07-14 by peetmate → species_specific; taxon:Santalum yasi; note:2026-07 sweep-retro: restore species/crop evidence (keep + bank for reuse, not dropped)] Species Profiles for Pacific Island Agroforestry (Elevitch 1997-2019)",page,,,,,,,dropped,2026-06-18.section-scope
ev_T4_mat_wotlolan2021_5,wotlolan_2021,agroforestry,agroforestry__planted_silvoarable,mean_annual_temperature,"{""lower"": 23, ""upper"": 28, ""unit"": ""degrees_C""}",,structural_suitability,literature_relationship,cited_secondary,crop_specific,,low,"Tropical almond
(Terminalia catappa)
tavola,
tivi
4.0–8.5
Well
23–28",6,true,Mean annual temp. (C),Terminalia catappa,,"[dropped 2026-09-18 by peetmate; reason:species_envelope] [reclassified 2026-07-14 by peetmate → species_specific; taxon:Terminalia catappa; note:2026-07 sweep-retro: restore species/crop evidence (keep + bank for reuse, not dropped)] Species Profiles for Pacific Island Agroforestry (Elevitch 1997-2019)",page,,,,,,,dropped,2026-06-18.section-scope
ev_T4_mat_wotlolan2021_6,wotlolan_2021,agroforestry,agroforestry__planted_silvoarable,mean_annual_temperature,"{""lower"": 26, ""upper"": 28, ""unit"": ""degrees_C""}",,structural_suitability,literature_relationship,cited_secondary,crop_specific,,low,"Tahitian chestnut
(Inocarpus fagifer)
ivi
5.0–14.0
Poor
26–28",6,true,Mean annual temp. (C),Inocarpus fagifer,,"[dropped 2026-09-18 by peetmate; reason:species_envelope] [reclassified 2026-07-14 by peetmate → species_specific; taxon:Inocarpus fagifer; note:2026-07 sweep-retro: restore species/crop evidence (keep + bank for reuse, not dropped)] Species Profiles for Pacific Island Agroforestry (Elevitch 1997-2019)",page,,,,,,,dropped,2026-06-18.section-scope
ev_T4_mat_wotlolan2021_7,wotlolan_2021,agroforestry,agroforestry__planted_silvoarable,mean_annual_temperature,"{""lower"": 26, ""upper"": 27, ""unit"": ""degrees_C""}",,structural_suitability,literature_relationship,cited_secondary,practice_technology,,low,"Vesi (Intsia bijua)
vesi
6.1–7.4
Well
26–27",6,false,Mean annual temp. (C),Intsia bijua,,[dropped 2026-09-18 by peetmate] Species Profiles for Pacific Island Agroforestry (Elevitch 1997-2019),page,,,,,,,dropped,2026-06-18.section-scope
ev_T4_prec_wotlolan2021_1,wotlolan_2021,agroforestry,agroforestry__planted_silvoarable,annual_precipitation,"{""lower"": 1500, ""upper"": 4300, ""unit"": ""mm/year""}",,structural_suitability,literature_relationship,cited_secondary,crop_specific,,low,"Cutnut (Barringtonia
spp.)
vutu
5.1–8.5
Well
26–28
\ 600
1500–4300",6,true,Mean annual rainfall (mm),Barringtonia procera,,"[reclassified 2026-07-14 by peetmate → species_specific; taxon:Barringtonia procera; note:2026-07 sweep-retro: definitional mis-tag fix (taxon present, claim_scope was practice_technology) — species envelope, keep + bank] Species Profiles for Pacific Island Agroforestry (Elevitch 1997-2019)",page,,,,,,,,2026-06-18.section-scope
ev_T4_prec_wotlolan2021_2,wotlolan_2021,agroforestry,agroforestry__planted_silvoarable,annual_precipitation,"{""lower"": 1500, ""upper"": 3000, ""unit"": ""mm/year""}",,structural_suitability,literature_relationship,cited_secondary,crop_specific,,low,"Breadfruit (Artocarpus
altilis)
uto,
kulu
6.1–7.4
Well
21–32
\ 650
1500–3000",6,true,Mean annual rainfall (mm),Artocarpus altilis,,"[reclassified 2026-07-14 by peetmate → species_specific; taxon:Artocarpus altilis; note:2026-07 sweep-retro: definitional mis-tag fix (taxon present, claim_scope was practice_technology) — species envelope, keep + bank] Species Profiles for Pacific Island Agroforestry (Elevitch 1997-2019)",page,,,,,,,,2026-06-18.section-scope
ev_T4_prec_wotlolan2021_3,wotlolan_2021,agroforestry,agroforestry__planted_silvoarable,annual_precipitation,"{""lower"": 900, ""upper"": 3000, ""unit"": ""mm/year""}",,structural_suitability,literature_relationship,cited_secondary,crop_specific,,low,"Lemon (Citrus limon)
moli
6.0–7.0
Well
25–30
\ 1600
900–3000",6,true,Mean annual rainfall (mm),Citrus limon,,"[reclassified 2026-07-14 by peetmate → species_specific; taxon:Citrus limon; note:2026-07 sweep-retro: definitional mis-tag fix (taxon present, claim_scope was practice_technology) — species envelope, keep + bank] Species Profiles for Pacific Island Agroforestry (Elevitch 1997-2019)",page,,,,,,,,2026-06-18.section-scope
ev_T4_prec_wotlolan2021_4,wotlolan_2021,agroforestry,agroforestry__planted_silvoarable,annual_precipitation,"{""lower"": 1400, ""upper"": 2500, ""unit"": ""mm/year""}",,structural_suitability,literature_relationship,cited_secondary,species_specific,,low,"Sandalwood (Santalum
yasi)
yasi
6.1–7.4
Well
23–29
\ 300
1400–2500",6,true,Mean annual rainfall (mm),Santalum yasi,,"[reclassified 2026-07-14 by peetmate → species_specific; taxon:Santalum yasi; note:2026-07 sweep-retro: definitional mis-tag fix (taxon present, claim_scope was practice_technology) — species envelope, keep + bank] Species Profiles for Pacific Island Agroforestry (Elevitch 1997-2019)",page,,,,,,,,2026-06-18.section-scope
ev_T4_prec_wotlolan2021_5,wotlolan_2021,agroforestry,agroforestry__planted_silvoarable,annual_precipitation,"{""lower"": 1000, ""upper"": 3500, ""unit"": ""mm/year""}",,structural_suitability,literature_relationship,cited_secondary,crop_specific,,low,"Tropical almond
(Terminalia catappa)
tavola,
tivi
4.0–8.5
Well
23–28
\ 400
1000–3500",6,true,Mean annual rainfall (mm),Terminalia catappa,,"[reclassified 2026-07-14 by peetmate → species_specific; taxon:Terminalia catappa; note:2026-07 sweep-retro: definitional mis-tag fix (taxon present, claim_scope was practice_technology) — species envelope, keep + bank] Species Profiles for Pacific Island Agroforestry (Elevitch 1997-2019)",page,,,,,,,,2026-06-18.section-scope
ev_T4_prec_wotlolan2021_6,wotlolan_2021,agroforestry,agroforestry__planted_silvoarable,annual_precipitation,"{""lower"": 1500, ""upper"": 4300, ""unit"": ""mm/year""}",,structural_suitability,literature_relationship,cited_secondary,crop_specific,,low,"Tahitian chestnut
(Inocarpus fagifer)
ivi
5.0–14.0
Poor
26–28
\ 500
1500–4300",6,true,Mean annual rainfall (mm),Inocarpus fagifer,,"[reclassified 2026-07-14 by peetmate → species_specific; taxon:Inocarpus fagifer; note:2026-07 sweep-retro: definitional mis-tag fix (taxon present, claim_scope was practice_technology) — species envelope, keep + bank] Species Profiles for Pacific Island Agroforestry (Elevitch 1997-2019)",page,,,,,,,,2026-06-18.section-scope
ev_T4_prec_wotlolan2021_7,wotlolan_2021,agroforestry,agroforestry__planted_silvoarable,annual_precipitation,"{""lower"": 1500, ""upper"": 2300, ""unit"": ""mm/year""}",,structural_suitability,literature_relationship,cited_secondary,species_specific,,low,"Vesi (Intsia bijua)
vesi
6.1–7.4
Well
26–27
\ 450
1500–2300",6,true,Mean annual rainfall (mm),Intsia bijua,,"[reclassified 2026-07-14 by peetmate → species_specific; taxon:Intsia bijua; note:2026-07 sweep-retro: definitional mis-tag fix (taxon present, claim_scope was practice_technology) — species envelope, keep + bank] Species Profiles for Pacific Island Agroforestry (Elevitch 1997-2019)",page,,,,,,,,2026-06-18.section-scope
ev_T4_landcover_wotlolan2021_1,wotlolan_2021,agroforestry,agroforestry__planted_silvoarable,land_cover,"{""direction"": ""exclude"", ""classes"": ""Forest, Mangrove, Pine Plantation, Hardwood Plantation, Shrubland, Water, Urban, Settlement""}",,structural_suitability,literature_relationship,table,practice_technology,,high,"For this project we reclassiﬁed a GIS dataset of current land uses in the study area into three classes: Not suitable (Forest, Mangrove, Pine Plantation, Hardwood Plantation, Shrubland, Water, Urban, Settlement),",3,true,land use classes,,,[reviewed 2026-09-18 by peetmate; reason:confirmed_pass],page,,,,,,,,2026-06-18.section-scope
ev_T4_tenure_wotlolan2021_1,wotlolan_2021,agroforestry,agroforestry__planted_silvoarable,tenure_security,,,operational_risk,scoping_candidate,primary_measured,practice_technology,,low,"Land tenure, in Fiji in particular, is a challenging
policy issue because much of Fiji’s land is commu-
nally owned.",9,false,Land tenure,,,"[VERIFY-FLAG unsupported: Quote describes a qualitative policy challenge (communal land tenure in Fiji) but asserts no quantitative shape or directional suitability relationship. The relationship direction 'constrains_suitability' is a reasonable inference but is not explicitly stated in the quote — the quote describes a policy challenge, not a suitability constraint. No correctable numeric relationship exists.]",page,,,,,,,,
ev_T4_labour_wotlolan2021_1,wotlolan_2021,agroforestry,agroforestry__planted_silvoarable,labour_availability,"{""ahp_weight"": 0.154, ""applies_to"": ""maintenance_sub_criterion"", ""note"": ""weight is for Maintenance (low labour requirements) sub-criterion, not labour_availability top-level variable""}",,operational_risk,literature_relationship,primary_measured,practice_technology,,low,"0.154 for Maintenance (low
labour requirements)",12,false,Maintenance (low labour requirements),,,"[VERIFY-FLAG mismatch: Weight 0.154 in the quote is the AHP sub-criterion weight for 'Maintenance' (a labour sub-category), not a weight for the variable 'labour_availability' as a whole. Encoding it as a bare ahp_weight for labour_availability smuggles a sub-criterion weight into a variable-level slot. The relationship should identify that this weight applies to the maintenance sub-criterion.]",page,,,,,,,,
ev_t4_mat_yadav24_1,yadav_2024,agroforestry,agroforestry__cross_family,mean_annual_temperature,"{""variable"": ""Bio1_mean_annual_temperature"", ""unit"": ""degrees_C"", ""group1_temperate_warm"": {""18-20"": 4, ""20-22"": 3, ""22-24"": 2, ""24-50"": 1}, ""group2_temperate_hot"": {""18-20"": 3, ""20-22"": 4, ""22-24"": 2, ""24-50"": 1}, ""group3_arid_hot"": {""18-20"": 3, ""20-22"": 4, ""22-24"": 2, ""24-50"": 1}}","{""region"": ""Punjab, India"", ""climate_classification"": ""Cwa/BSh"", ""ranking_scale"": ""4=very high, 3=high, 2=moderate, 1=low"", ""method"": ""AHP-GIS""}",structural_suitability,literature_relationship,table,practice_technology,,low,"Bio1
18–20
4
3
3
(in ◦C)
20–22
3
4
4
22–24
2
2
2
24–50
1
1
1",7,false,Bio1 (Mean Annual Temperature),,,"[VERIFY-FLAG mismatch: Relationship selectively encodes group1 score=4 at 18-20 and group2/3 score=4 at 20-22, but omits group2=3 and group3=3 at 18-20, omits group1=3 at 20-22, and entirely omits the 22-24 row (scores 2,2,2). Direction statement is a partial inference not fully derived from quoted values.] general agroforestry tree species for Punjab — applies cross-family; rankings from CABI digital library and Luna 1996 Plantation Trees",page,,,,,,,,
ev_t4_precip_yadav24_2,yadav_2024,agroforestry,agroforestry__cross_family,annual_precipitation,"{""variable"": ""Bio12_mean_annual_precipitation"", ""unit"": ""mm_per_year"", ""group1_temperate_warm"": {""0-450"": 1, ""450-1000"": 2, ""1000-1700"": 3, ""1700-5000"": 4}, ""group2_temperate_hot"": {""0-450"": 1, ""450-1000"": 2, ""1000-1700"": 4, ""1700-5000"": 3}, ""group3_arid_hot"": {""0-450"": 3, ""450-1000"": 4, ""1000-1700"": 2, ""1700-5000"": 1}}","{""region"": ""Punjab, India"", ""ranking_scale"": ""4=very high, 3=high, 2=moderate, 1=low"", ""method"": ""AHP-GIS""}",structural_suitability,literature_relationship,table,practice_technology,,low,"Bio12
0–450
1
1
3
(in mm)
450–1000
2
2
4
1000–1700
3
4
2
1700–5000
4
3
1",7,false,Bio12 (Mean Annual Precipitation),,,[query 2026-09-18 by peetmate; reason:insufficient_context; note:I cannot interpret the table properly the caption has been cropped off. Always show the full table.] [VERIFY-FLAG mismatch: AHP_weight 0.054 is not present in this quote (page 7 suitability table). It appears in the page 6 AHP matrix quote (ev_t4_precip_yadav24_5). Smuggled from a separate table/quote.] general agroforestry tree species for Punjab — applies cross-family; arid species suit <1000mm; temperate species >1000mm,page,,,,,,,,
ev_t4_soc_yadav24_3,yadav_2024,agroforestry,agroforestry__cross_family,soil_organic_carbon,"{""variable"": ""soil_organic_carbon"", ""unit"": ""dg_per_kg"", ""group1_temperate_warm"": {""0-111"": 4, ""111-132"": 3, ""132-180"": 2, ""180-2000"": 1}, ""group2_temperate_hot"": {""0-111"": 1, ""111-132"": 2, ""132-180"": 3, ""180-2000"": 4}, ""group3_arid_hot"": {""0-111"": 1, ""111-132"": 4, ""132-180"": 3, ""180-2000"": 2}}","{""region"": ""Punjab, India"", ""dataset"": ""ISRIC soil grids 250m"", ""ranking_scale"": ""4=very high, 3=high, 2=moderate, 1=low""}",structural_suitability,literature_relationship,table,practice_technology,,low,"SOC
(dg/kg)
0–111
4
1
1
111–132
3
2
4
132–180
2
3
3
180–2000
1
4
2",7,false,SOC (Soil Organic Carbon in dg/kg),,,[dropped 2026-09-18 by peetmate; reason:species_envelope] general agroforestry tree species for Punjab — applies cross-family; rankings from CABI digital library and Luna 1996,page,,,,,,,dropped,
ev_t4_mat_yadav24_4,yadav_2024,agroforestry,agroforestry__cross_family,mean_annual_temperature,"{""AHP_weight_TmaxMay"": 0.44, ""AHP_weight_Bio1_mean_annual_temperature"": 0.087, ""note"": ""Tmax May highest weighted variable; temperature variables dominate over precipitation and soil""}","{""region"": ""Punjab, India"", ""method"": ""AHP pair-wise comparison scale 1-9""}",structural_suitability,literature_relationship,table,practice_technology,,low,"Variables
Tmax May
Bio1
SOC
Sand
Tmax Jan
Bio12
BD
Weight
Tmax May
1
5
6
4
3
6
5
0.44
Bio1
0.2
1
0.333
2
0.5
2
2
0.087",6,false,AHP pair-wise comparison matrix weights,,,"[VERIFY-FLAG scope: methods — AHP pairwise-comparison weight matrix giving relative importance weights (Tmax May 0.44, Bio1 0.087). This is a methods/weighting artifact, ] general agroforestry tree species for Punjab — applies cross-family",page,,,,,,,,2026-06-18.section-scope
ev_t4_precip_yadav24_5,yadav_2024,agroforestry,agroforestry__cross_family,annual_precipitation,"{""AHP_weight_Bio12_annual_precipitation"": 0.054}","{""region"": ""Punjab, India"", ""method"": ""AHP pair-wise comparison""}",structural_suitability,literature_relationship,table,practice_technology,,low,"Bio12
0.167
0.5
1.25
1
0.25
1
0.5
0.054",6,true,Bio12 AHP weight,,,[reviewed 2026-09-18 by peetmate] general agroforestry tree species for Punjab — applies cross-family,page,,,,,,,,
ev_t4_soc_yadav24_6,yadav_2024,agroforestry,agroforestry__cross_family,soil_organic_carbon,"{""AHP_weight_SOC"": 0.099}","{""region"": ""Punjab, India"", ""method"": ""AHP pair-wise comparison""}",structural_suitability,literature_relationship,table,practice_technology,,low,"SOC
0.167
3
1
2
0.4
0.8
1.667
0.099",6,true,SOC AHP weight,,,[reviewed 2026-09-18 by peetmate] general agroforestry tree species for Punjab — applies cross-family,page,,,,,,,,2026-06-18.section-scope
ev_t4_mat_yadav24_7,yadav_2024,agroforestry,agroforestry__planted_silvoarable,mean_annual_temperature,"{""direction"": ""temperature variables hold greater significance than rainfall variables in determining species distributions""}","{""application"": ""tree species suitability / agroforestry DSS"", ""region"": ""Punjab, India""}",structural_suitability,literature_relationship,cited_secondary,practice_technology,,low,"Bio1 (Mean Annual Temperature): This variable is widely recognized as a strong predictor in species distribution models [33]. It provides crucial information about the overall thermal conditions experienced by tree species throughout the year. Additionally, Bio1, along with Bio12, is considered highly important in larger ecological studies. However, research indicates that temperature variables often hold greater significance than rainfall variables in determining species distributions [34].",5,false,Bio1 (Mean Annual Temperature),,,[VERIFY-FLAG scope: methods — Variable-selection justification explaining why Bio1 is a good predictor in species distribution models and that temperature variables outwe] citing refs [33] and [34] — not identified by name in this paper,page,,,,,,,,2026-06-18.section-scope
ev_t4_precip_yadav24_8,yadav_2024,agroforestry,agroforestry__planted_silvoarable,annual_precipitation,"{""direction"": ""rainfall distribution critical for grouping tree species by water requirements""}","{""region"": ""Punjab, India / Sub-Saharan Africa (cited secondary)"", ""application"": ""tree species suitability mapping""}",structural_suitability,scoping_candidate,cited_secondary,practice_technology,,low,"Bio12 (Mean Annual Precipitation): This variable was included in the suitability mapping process because rainfall distribution is crucial for grouping tree species based on their water requirements and ecological preferences. Bio12 represents the mean annual precipitation, providing essential data on the amount of rainfall received by a region annually. In similar dry deciduous regions, such as those in Sub-Saharan Africa, Bio12 has been identified as a critical variable influencing the distribution and ecological niche of tree species [35].",5,false,Bio12 (Mean Annual Precipitation),,,[VERIFY-FLAG scope: methods — Variable-inclusion rationale for Bio12 (why rainfall distribution matters for grouping species). Methods/justification text with no precipit] citing ref [35] — dry deciduous Sub-Saharan Africa finding,page,,,,,,,,2026-06-18.section-scope
ev_t4_soildrain_yadav24_9,yadav_2024,agroforestry,agroforestry__cross_family,soil_drainage,,"{""region"": ""Punjab, India"", ""dataset"": ""ISRIC soil grids 250m""}",structural_suitability,scoping_candidate,primary_measured,practice_technology,,low,"Bulk Density: Bulk density is a crucial variable included in the model to assess soil compaction, drainage conditions, and overall soil quality [31]. It provides insights into the density and porosity of the soil, influencing root growth, water movement, and nutrient availability for tree species.",6,false,Bulk Density (cg/cm3),,,"[query 2026-09-18 by peetmate; reason:other; note:bulk density should be counted as a contributing variable, but there is not obvious relationship with suitability specified.] [VERIFY-FLAG unsupported: Quote is narrative-only: describes bulk density as a proxy for drainage/compaction/porosity but states no numeric breakpoints, no suitability scores, and no AHP weight. All quantitative values in the relationship (0-134/134-144/144-146/146-200 breakpoints, suitability labels, AHP_weight 0.064) are absent from this quote and smuggled from elsewhere.] general agroforestry tree species for Punjab — applies cross-family",page,,,,,,,,
ev_t4_landcov_yadav24_12,yadav_2024,agroforestry,agroforestry__planted_silvoarable,land_cover,"{""agricultural_cropland_fraction_pct"": "">81"", ""direction"": ""cropland is the key enabling land cover for agroforestry expansion where forest cover is low""}","{""region"": ""Punjab, India"", ""area_km2"": 50362, ""forest_cover_pct"": 5}",structural_suitability,scoping_candidate,primary_measured,practice_technology,,low,promoting agroforestry plantations is crucial as over 81% of the land in Punjab is agriculture cropland. This makes agroforestry the only viable option for increasing forest cover or trees outside of forested areas,2,false,agriculture cropland,,,[VERIFY-FLAG scope: problem_intro — Background/problem-framing statement that >81% of Punjab is agricultural cropland making agroforestry the only viable option for increasing ],page,,,,,,,,2026-06-18.section-scope
ev_t4_sysfit_yadav24_13,yadav_2024,agroforestry,agroforestry__planted_silvoarable,mean_annual_temperature,"{""variable"": ""agroforestry_system_type_suitability"", ""suitable_systems_for_temperate_BSh_Cwa"": [""alley_cropping"", ""forest_farming"", ""riparian_buffers"", ""silvopasture"", ""windbreaks""], ""direction"": ""temperate AF systems preferred over tropical AF systems in Cwa/BSh climate zones""}","{""region"": ""Punjab, India"", ""climate"": ""Cwa and BSh (Koppen-Geiger)""}",structural_suitability,literature_relationship,cited_secondary,practice_technology,,low,"temperate agroforestry systems, including alley cropping, forest farming, riparian buffers, silvopasture, and windbreaks, are more suitable for this region rather than tropical agroforestry systems [50].",14,false,temperate agroforestry systems,,,"[dropped 2026-09-18 by peetmate] citing ref [50] — Ramachandran Nair, Mohan Kumar, Nair 2009 (agroforestry as carbon sequestration strategy, J Plant Nutr Soil Sci 172:10-23)",page,,,,,,,dropped,
ev_land_cover_batcheler24_1,batcheler_silvopasture_2024,agroforestry,agroforestry__silvopastoral,land_cover,"{""direction"": ""eligible"", ""qualifier"": ""dryland forest habitat, Interior Columbia Basin""}",,structural_suitability,scoping_candidate,primary_measured,practice_technology,,low,the sites are limited to dryland forest habitats in the Interior Columbia Basin,2,false,land use,,,[dropped 2026-06-18 by peetmate; reason:off_scope; note:the quote describes experimental sites in the methods and is irrelevant to suitability analysis] Batcheler et al. 2024,page,,,,,,,dropped,
ev_slope_batcheler24_1,batcheler_silvopasture_2024,agroforestry,agroforestry__silvopastoral,slope,,,structural_suitability,scoping_candidate,primary_measured,practice_technology,,low,"Slope (mean)
MAP (mm)
MAT (°C)
Elevation above sea level (m)
Management goals
Cheney
Silvopasture
E
3.0
459.5
8.2
711.2",3,false,Slope (mean),,,"[dropped 2026-06-18 by peetmate; reason:off_scope; note:study-site characteristics table, not a suitability claim] Batcheler et al. 2024",page,,,,,,,dropped,
ev_annual_precipitation_batcheler24_1,batcheler_silvopasture_2024,agroforestry,agroforestry__silvopastoral,annual_precipitation,,,structural_suitability,scoping_candidate,primary_measured,practice_technology,,low,"Cheney
Silvopasture
E
3.0
459.5
8.2
711.2
Livestock production, fuels manage-
ment, firewood",3,true,MAP (mm),,,"[reviewed 2026-08-06 by Namita-J] [dropped 2026-06-18 by peetmate; reason:off_scope; note:study-site characteristics table, not a suitability claim] Batcheler et al. 2024",page,,,,,,,,
ev_mean_annual_temperature_batcheler24_1,batcheler_silvopasture_2024,agroforestry,agroforestry__silvopastoral,mean_annual_temperature,,,structural_suitability,scoping_candidate,primary_measured,practice_technology,,low,"Albion
Silvopasture
W–NW
19.6
544.2
8.8
714.6
Livestock production, fuels manage-
ment",3,false,MAT (°C),,,"[dropped 2026-06-18 by peetmate; reason:off_scope; note:study-site characteristics table, not a suitability claim] Batcheler et al. 2024",page,,,,,,,dropped,
ev_tree_canopy_cover_abigaba24_table2_le50,abigaba_2024,agroforestry,agroforestry__shaded_perennial,tree_canopy_cover,"{""abs_max"": 50, ""unit"": ""%"", ""note"": ""shade cover >50% not recommended (N) for both Arabica (a) and Robusta (r); shade cover ≤50% recommended (Y); hard upper threshold in multicriteria decision aid""}","{""country"": ""Uganda"", ""crop_system"": ""coffee_agroforestry""}",structural_suitability,literature_relationship,table,practice_technology,,high,"Shade cover > 50% Na,r Competition for light, reduced yields, increased pest and disease incidence ≤ 50% Ya,r Buffer against extreme events, stabilizing production",14,false,Shade cover,,,[dropped 2026-09-18 by peetmate; reason:species_envelope] [VERIFY-FLAG : species_envelope],page,,,,,,,dropped,2026-06-19.openalex-af
ev_tree_canopy_cover_abigaba24_shading_levels,abigaba_2024,agroforestry,agroforestry__shaded_perennial,tree_canopy_cover,"{""opt_low"": 25, ""opt_high"": 50, ""unit"": ""%"", ""note"": ""25% shading → −2°C max, +0.5°C min; 50% shading → −4°C max, +1°C min; extrapolated from Sarmiento-Soler et al. 2019 experimental data for Cordia africana Uganda""}","{""country"": ""Uganda"", ""tree_species"": ""Cordia africana""}",structural_suitability,literature_relationship,modelled,practice_technology,,medium,"To mimic a 25% and 50% shading effect, the monthly maximum temperature files were adjusted by subtracting 2 °C and 4 °C while adding 0.5 °C and 1 °C on the minimum temperature files, respectively as extrapolated from experimental microclimate regulation results for Cordia africana in Uganda (Sarmiento-Soler et al. 2019).",8,false,shading levels,,,"[dropped 2026-09-18 by peetmate; reason:wrong_table; note:this is not structural suitability, it shows the ability of the NbS to reduce max temperatures which relates to T3 hazard response.] Sarmiento-Soler et al. 2019",page,,,,,,,dropped,2026-06-19.openalex-af
ev_tree_canopy_cover_abigaba24_temp_reduction,abigaba_2024,agroforestry,agroforestry__shaded_perennial,tree_canopy_cover,"{""note"": ""shading reduces max temperature by up to 4°C vs open sun; cited secondary aggregating multiple sources""}","{""crop_system"": ""coffee_agroforestry""}",structural_suitability,literature_relationship,cited_secondary,practice_technology,,medium,Shading in agroforestry can reduce the average maximum temperature by up to 4 °C compared to open sun systems (Charbonnier et al. 2017; Merle et al. 2022; Moreira et al. 2018; Muschler 2001; Soto-Pinto et al. 2000).,8,false,Shading in agroforestry,,,[query 2026-09-18 by peetmate; reason:wrong_table; note:this is for T3 not T4] Charbonnier et al. 2017; Merle et al. 2022; Moreira et al. 2018; Muschler 2001; Soto-Pinto et al. 2000,page,,,,,,,,2026-06-19.openalex-af
ev_mean_annual_temperature_abigaba24_arabica_seasonality,abigaba_2024,agroforestry,agroforestry__shaded_perennial,mean_annual_temperature,,"{""country"": ""Uganda""}",structural_suitability,literature_relationship,modelled,crop_specific,,medium,"Temperature seasonality contributes significantly, with a weight of 60% to the overall suitability model.",9,true,Temperature seasonality,Coffea arabica,WorldClim 2.5 arcmin,"[dropped 2026-09-18 by peetmate; reason:species_envelope] [reclassified 2026-07-14 by peetmate → species_specific; taxon:Coffea arabica; note:2026-07 sweep-retro: restore species/crop evidence (keep + bank for reuse, not dropped)]",page,,,,,,,dropped,2026-06-19.openalex-af
ev_mean_annual_temperature_abigaba24_robusta_lowlands,abigaba_2024,agroforestry,agroforestry__shaded_perennial,mean_annual_temperature,,"{""country"": ""Uganda""}",structural_suitability,literature_relationship,modelled,crop_specific,,medium,"Robusta coffee is suitable in a relatively larger area representing 70% of the total land area. The species is highly suitable in lowlands below 1500masl (Fig. 4c), mostly the country's central and northwestern parts.",9,true,temperature suitability,Coffea canephora,WorldClim 2.5 arcmin,"[dropped 2026-09-18 by peetmate; reason:species_envelope; note:robusta coffee -> this is species specific not general] [reclassified 2026-07-14 by peetmate → species_specific; taxon:Coffea canephora; note:2026-07 sweep-retro: restore species/crop evidence (keep + bank for reuse, not dropped)]",page,,,,,,,dropped,2026-06-19.openalex-af
ev_annual_precipitation_abigaba24_robusta,abigaba_2024,agroforestry,agroforestry__shaded_perennial,annual_precipitation,,"{""country"": ""Uganda""}",structural_suitability,literature_relationship,modelled,crop_specific,,medium,"However, for Robusta coffee, both precipitation and temperature-related variables are essential for its suitability. Precipitation-related variables contribute more (42%) than temperature-related variables (30%).",9,true,precipitation-related variables,Coffea canephora,WorldClim 2.5 arcmin,"[dropped 2026-09-18 by peetmate; reason:species_envelope; note:clearly about robusta coffee not a general agroforestry practice.] [reclassified 2026-07-14 by peetmate → species_specific; taxon:Coffea canephora; note:2026-07 sweep-retro: restore species/crop evidence (keep + bank for reuse, not dropped)]",page,,,,,,,dropped,2026-06-19.openalex-af
ev_annual_precipitation_abigaba24_banana,abigaba_2024,agroforestry,agroforestry__shaded_perennial,annual_precipitation,,"{""country"": ""Uganda""}",structural_suitability,literature_relationship,modelled,crop_specific,,medium,"Though precipitation variables contribute most (approximately 45%) to the suitability of banana, the individual contribution of soil pH and elevation is also high (24 and 13%), respectively (Fig. SI3).",9,true,precipitation variables,Musa spp.,WorldClim 2.5 arcmin,"[dropped 2026-09-18 by peetmate; reason:species_envelope; note:Crop suitability not agroforestry suitability.] [reclassified 2026-07-14 by peetmate → species_specific; taxon:Musa spp.; note:2026-07 sweep-retro: restore species/crop evidence (keep + bank for reuse, not dropped)]",page,,,,,,,dropped,2026-06-19.openalex-af
ev_soil_ph_abigaba24_robusta,abigaba_2024,agroforestry,agroforestry__shaded_perennial,soil_ph,,"{""country"": ""Uganda""}",structural_suitability,literature_relationship,modelled,crop_specific,,medium,"Soil pH is equally vital in the suitability of Robusta coffee, contributing 15% to the overall suitability model.",9,true,Soil pH,Coffea canephora,ISRIC (Hengl et al. 2015),[reviewed 2026-09-18 by peetmate; reason:confirmed_pass] Hengl et al. 2015,page,,,,,,,,2026-06-19.openalex-af
ev_soil_ph_abigaba24_banana,abigaba_2024,agroforestry,agroforestry__shaded_perennial,soil_ph,,"{""country"": ""Uganda""}",structural_suitability,literature_relationship,modelled,crop_specific,,medium,"Though precipitation variables contribute most (approximately 45%) to the suitability of banana, the individual contribution of soil pH and elevation is also high (24 and 13%), respectively (Fig. SI3).",9,true,soil pH,Musa spp.,ISRIC (Hengl et al. 2015),"[dropped 2026-09-18 by peetmate; reason:species_envelope; note:coffee] [reclassified 2026-07-14 by peetmate → species_specific; taxon:Musa spp.; note:2026-07 sweep-retro: restore species/crop evidence (keep + bank for reuse, not dropped)] Hengl et al. 2015",page,,,,,,,dropped,2026-06-19.openalex-af
ev_slope_affan24_table4,affan_2024,agroforestry,agroforestry__shaded_perennial,slope,"{""s1_min_pct"": 0, ""s1_max_pct"": 8, ""s2_min_pct"": 8, ""s2_max_pct"": 25, ""s3_min_pct"": 25, ""s3_max_pct"": 45, ""n_threshold_pct"": 45, ""n_direction"": ""above"", ""unit"": ""percent"", ""class_system"": ""FAO_S1S2S3N""}","{""country"": ""Indonesia"", ""region"": ""East Java"", ""nbs_practice"": ""coffee agroforestry""}",structural_suitability,literature_relationship,table,practice_technology,,high,"No Hamlet Land Characteristics Land Suitability Class S1 S2 S3 N 1 Patokpicis Texture Soil pH Temperature (0C) Slope (%) Sandy loam 5.5-6 22-25 0-8 (3.6) Loamy sandy 6.1-7 (6.9) 25-28 (27) 8-25 Clay 7.1-8 19-22 25-45 Sand >8 <19, >28 >45",4,false,Slope (%),,,[dropped 2026-09-18 by peetmate; reason:species_envelope; note:coffee] [VERIFY-FLAG : species_envelope] Saidi & Suryani (2021) citing Soil and Agroclimate Research Center 1993,page,,,,,,,dropped,2026-06-19.openalex-af
ev_soilph_affan24_table4,affan_2024,agroforestry,agroforestry__shaded_perennial,soil_ph,"{""s1_min_ph"": 5.5, ""s1_max_ph"": 6, ""s2_min_ph"": 6.1, ""s2_max_ph"": 7, ""s3_min_ph"": 7.1, ""s3_max_ph"": 8, ""n_threshold_ph"": 8, ""n_direction"": ""above"", ""unit"": ""pH"", ""class_system"": ""FAO_S1S2S3N""}","{""country"": ""Indonesia"", ""region"": ""East Java""}",structural_suitability,literature_relationship,table,crop_specific,,high,"No Hamlet Land Characteristics Land Suitability Class S1 S2 S3 N 1 Patokpicis Texture Soil pH Temperature (0C) Slope (%) Sandy loam 5.5-6 22-25 0-8 (3.6) Loamy sandy 6.1-7 (6.9) 25-28 (27) 8-25 Clay 7.1-8 19-22 25-45 Sand >8 <19, >28 >45",4,true,Soil pH,Coffea,,"[dropped 2026-09-18 by peetmate; reason:species_envelope; note:specific to coffee] [reclassified 2026-07-14 by peetmate → species_specific; taxon:Coffea; note:2026-07 sweep-retro: restore species/crop evidence (keep + bank for reuse, not dropped)] Saidi & Suryani (2021) citing Soil and Agroclimate Research Center 1993",page,,,,,,,dropped,2026-06-19.openalex-af
ev_soilph_affan24_p5_ideal,affan_2024,agroforestry,agroforestry__shaded_perennial,soil_ph,"{""optimal_min_ph"": 6, ""optimal_max_ph"": 6.5, ""unit"": ""pH"", ""note"": ""stated as 'ideal range'; tolerance extends to ~6.9 based on observations""}","{""country"": ""Indonesia"", ""region"": ""East Java""}",structural_suitability,literature_relationship,primary_measured,crop_specific,,medium,"The ideal pH of coffee plants usually ranges between 6 and 6.5. The data show that the pH of Patokpicis is 6.9, slightly above the ideal range; the pH of Klakah and Bangsri are 6.6 and 6.8, respectively, still within tolerance limits. Under the best conditions, Sumbersuko's pH is 6.2.",5,true,Soil pH (ideal range for coffee),Coffea,,"[dropped 2026-09-18 by peetmate; reason:species_envelope; note:This is general discussion of the study context and some general information about crop preferences for coffee. So it should be dismissed as it is a species envelope not a general suitability characteristic of agroforestry,] [reclassified 2026-07-14 by peetmate → species_specific; taxon:Coffea; note:2026-07 sweep-retro: restore species/crop evidence (keep + bank for reuse, not dropped)]",page,,,,,,,dropped,2026-06-19.openalex-af
ev_temp_affan24_table4,affan_2024,agroforestry,agroforestry__shaded_perennial,mean_annual_temperature,"{""s1_min_degC"": 22, ""s1_max_degC"": 25, ""s2_min_degC"": 25, ""s2_max_degC"": 28, ""s3_min_degC"": 19, ""s3_max_degC"": 22, ""n_threshold_low_degC"": 19, ""n_threshold_high_degC"": 28, ""n_direction"": ""below_low_or_above_high"", ""unit"": ""degrees_Celsius"", ""class_system"": ""FAO_S1S2S3N""}","{""country"": ""Indonesia"", ""region"": ""East Java""}",structural_suitability,literature_relationship,table,crop_specific,,high,"No Hamlet Land Characteristics Land Suitability Class S1 S2 S3 N 1 Patokpicis Texture Soil pH Temperature (0C) Slope (%) Sandy loam 5.5-6 22-25 0-8 (3.6) Loamy sandy 6.1-7 (6.9) 25-28 (27) 8-25 Clay 7.1-8 19-22 25-45 Sand >8 <19, >28 >45",4,true,Temperature (0C),Coffea,,"[dropped 2026-09-18 by peetmate; reason:species_envelope; note:coffee] [reclassified 2026-07-14 by peetmate → species_specific; taxon:Coffea; note:2026-07 sweep-retro: restore species/crop evidence (keep + bank for reuse, not dropped)] Saidi & Suryani (2021) citing Soil and Agroclimate Research Center 1993",page,,,,,,,dropped,2026-06-19.openalex-af
ev_temp_affan24_p4_dahlia,affan_2024,agroforestry,agroforestry__shaded_perennial,mean_annual_temperature,"{""optimal_min_degC"": 20, ""optimal_max_degC"": 24, ""unit"": ""degrees_Celsius""}","{""country"": ""Indonesia""}",structural_suitability,literature_relationship,cited_secondary,crop_specific,,medium,coffee can grow well in land conditions that have an average temperature of 20-24 ° C with a land elevation of 400-900 meters above sea level.,4,true,average temperature,Coffea,,"[dropped 2026-09-18 by peetmate; reason:species_envelope; note:quote is specific to coffee.] [reclassified 2026-07-14 by peetmate → species_specific; taxon:Coffea; note:2026-07 sweep-retro: restore species/crop evidence (keep + bank for reuse, not dropped)] Dahlia et al. (2021)",page,,,,,,,dropped,2026-06-19.openalex-af
ev_temp_affan24_p5_ideal,affan_2024,agroforestry,agroforestry__shaded_perennial,mean_annual_temperature,"{""optimal_min_degC"": 20, ""optimal_max_degC"": 25, ""unit"": ""degrees_Celsius"", ""note"": ""higher temperature = lower yield; observed sites at 27-30C still support growth""}","{""country"": ""Indonesia"", ""region"": ""East Java""}",structural_suitability,literature_relationship,primary_measured,crop_specific,,medium,"The ideal place for coffee growth is usually between 20 and 25 degrees Celsius; in Patokpicis and Bangsri, it is 27 degrees Celsius; in Klakah and Sumbersuko, it is 29 and 30 degrees Celsius. If the temperature is higher, the coffee yield will be lower.",5,true,temperature for coffee growth,Coffea,,"[dropped 2026-09-18 by peetmate; reason:species_envelope; note:BAD. This is clearly a species envelope for single crop -> coffee.] [reclassified 2026-07-14 by peetmate → species_specific; taxon:Coffea; note:2026-07 sweep-retro: restore species/crop evidence (keep + bank for reuse, not dropped)]",page,,,,,,,dropped,2026-06-19.openalex-af
ev_texture_affan24_table4,affan_2024,agroforestry,agroforestry__shaded_perennial,soil_texture_hsg,"{""s1_class"": ""sandy_loam"", ""s2_class"": ""loamy_sand"", ""s3_class"": ""clay"", ""n_class"": ""sand"", ""class_system"": ""FAO_S1S2S3N"", ""note"": ""qualitative texture class ranking; no numeric HSG boundary encoded""}","{""country"": ""Indonesia"", ""region"": ""East Java""}",structural_suitability,literature_relationship,table,practice_technology,,high,"No Hamlet Land Characteristics Land Suitability Class S1 S2 S3 N 1 Patokpicis Texture Soil pH Temperature (0C) Slope (%) Sandy loam 5.5-6 22-25 0-8 (3.6) Loamy sandy 6.1-7 (6.9) 25-28 (27) 8-25 Clay 7.1-8 19-22 25-45 Sand >8 <19, >28 >45",4,false,Texture (soil texture class),,,[dropped 2026-09-18 by peetmate; reason:species_envelope; note:coffee] [VERIFY-FLAG : species_envelope] Saidi & Suryani (2021) citing Soil and Agroclimate Research Center 1993,page,,,,,,,dropped,2026-06-19.openalex-af
ev_soilph_affan24_p3_obs,affan_2024,agroforestry,agroforestry__shaded_perennial,soil_ph,"{""observed_min_ph"": 6.2, ""observed_max_ph"": 6.9, ""observed_mean_ph"": 6.625, ""unit"": ""pH"", ""note"": ""observed range across hamlets, all rated 'good' for coffee growth""}","{""country"": ""Indonesia"", ""region"": ""East Java"", ""n_sites"": 4}",structural_suitability,literature_relationship,primary_measured,crop_specific,,medium,"All sites showed a good soil pH for coffee plant growth, with a pH between 6.2 and 6.9, which is ideal for many plants, and an average pH of 6.625, indicating that overall, the soils at these sites are quite favourable for agriculture.",3,true,soil pH (observed field range),Coffea,,"[dropped 2026-09-18 by peetmate; reason:species_envelope; note:specific to coffee] [reclassified 2026-07-14 by peetmate → species_specific; taxon:Coffea; note:2026-07 sweep-retro: restore species/crop evidence (keep + bank for reuse, not dropped)]",page,,,,,,,dropped,2026-06-19.openalex-af
ev_land_cover_mantino26_01,mantino_2026,agroforestry,agroforestry__silvopastoral,land_cover,,"{""region"": ""Europe"", ""lulc_target"": [""temporary_crops"", ""grasslands"", ""permanent_crops""], ""suitability_dimension"": ""system_constraint"", ""note"": ""Paper maps agricultural parcels (temporary crops dominant, grasslands secondary) as the host system for MF/AF introduction. No hard LULC exclusion threshold — selection required >=50% overlap with pressure raster. GIS criteria defined externally in Gabourel-Landaverde et al. (2025), not reproduced here.""}",structural_suitability,literature_relationship,primary_measured,practice_technology,,medium,The corresponding LULC classes within these refined target parcels were then mapped. The GIS-based landscape suitability assessment was carried out for the municipalities of the six co-design pilots and the ones surrounding them. These areas were selected based on an assessment identifying the highest environmental and climate change pressures.,8,false,land use/land cover (LULC),,national/regional LULC maps (country-specific),"[dropped 2026-09-18 by peetmate; reason:other; note:Yes LULC is a variable used, but this information is too vague to be of any use, we need to know what LULC classes were included and how they were included. Suggest we add reason of ""Insufficent detail"" and refine the agents to deal with this. I suspect the information we need should be contained elsewhere in the paper.]",page,,,,,,,dropped,2026-06-19.openalex-af
ev_soil_ph_singh26,singh_2026,agroforestry,agroforestry__planted_silvoarable,soil_ph,"{""very_high_low"": 6.5, ""very_high_high"": 7.5, ""high_low"": 5.5, ""high_high"": 6.5, ""moderate_low"": 7.5, ""moderate_high"": 8.5, ""unit"": ""pH_units"", ""direction"": ""optimum_band"", ""note"": ""Very High: 6.5–7.5; High: 5.5–6.5; Moderate: 7.5–8.5; Low: not stated""}","{""study_country"": ""India"", ""study_region"": ""Odisha"", ""study_income_group"": ""LMIC""}",structural_suitability,literature_relationship,table,practice_technology,,high,"TABLE 1 List of variables used in the study for agroforestry suitability mapping.
Criteria
Variables
Unit
Agroforestry classes/fuzzy scale for continuous data
Data sources
Very High
High
Moderate
Low
Soil
Soil type
Code
Fine loamy, clayey
Fine mixed
Course loamy, sandy loam
Clay sandy, sandy
NBSS & LUP
Depth
Mod deep
Mod shallow
Shallow
-
Texture
Fine
Fine to course
Course
-
Soil drainage
Very well
Well
Mod well
-
pH
−log(H+)
6.5–7.5
5.5–6.5
7.5–8.5
-
Topography
Slope
Degree
Sigmoidal decreasing
ALOS PALSAR
Climate
Annual mean temperature
°C
Monotonically increasing linear
Worldclim
Annual min. temperature
Annual max. temperature
Rainfall
Mm
Sigmoidal increasing
CHIRPS
Socioeconomic
Distance from forest
meter
Monotonically decreasing linear
LULC
Distance from settlement
Distance from waterbody
Distance from cropland
Distance from road
ORSAC",4,true,pH,,NBSS-LUP soil survey database,[reviewed 2026-09-18 by peetmate] Singh et al. 2022 (pre-trained model applied here to Odisha scale-up),page,,,,,,,,2026-06-19.openalex-af
ev_soil_drainage_singh26,singh_2026,agroforestry,agroforestry__planted_silvoarable,soil_drainage,"{""classes"": {""very_high"": ""Very well"", ""high"": ""Well"", ""moderate"": ""Mod well""}, ""direction"": ""better_drained_more_suitable"", ""note"": ""the study criteria table categorical membership""}","{""study_country"": ""India"", ""study_region"": ""Odisha"", ""study_income_group"": ""LMIC"", ""class_scheme"": ""Very well=VH; Well=H; Mod well=Moderate""}",structural_suitability,literature_relationship,table,practice_technology,,high,"Soil drainage
Very well
Well
Mod well",4,true,soil drainage class,,NBSS-LUP soil survey database,"[query 2026-09-18 by peetmate; reason:other; note:there is some information on drainage, but agree is it is too qualitative to use. But you missed the directionality of the relationship which is a BIG miss. Add issue for this type of error - directionality/relationship missed.] [reviewed 2026-08-06 by Namita-J; reason:confirmed_pass] Singh et al. 2026, Table 1",page,,,,,,,,2026-06-23.relationship-reextract
ev_soil_texture_singh26,singh_2026,agroforestry,agroforestry__planted_silvoarable,soil_texture_hsg,"{""classes"": {""very_high"": ""Fine"", ""high"": ""Fine to course"", ""moderate"": ""Course""}, ""direction"": ""finer_more_suitable"", ""note"": ""the study criteria table categorical membership""}","{""study_country"": ""India"", ""study_region"": ""Odisha"", ""study_income_group"": ""LMIC"", ""class_scheme"": ""Fine=VH; Fine to course=H; Course=Moderate""}",structural_suitability,literature_relationship,table,practice_technology,,high,"Texture
Fine
Fine to course
Course",4,false,soil texture class,,NBSS-LUP soil survey database,"[query 2026-09-18 by peetmate; reason:other; note:very high = fine texture, high = fine to couse, moderate - source -> missed] Singh et al. 2026, Table 1",page,,,,,,,,2026-06-23.relationship-reextract
ev_slope_singh26,singh_2026,agroforestry,agroforestry__planted_silvoarable,slope,"{""shape"": ""sigmoidal_decreasing"", ""direction"": ""negative"", ""note"": ""the study criteria table fuzzy membership — suitability decreases with slope""}","{""study_country"": ""India"", ""study_region"": ""Odisha"", ""study_income_group"": ""LMIC"", ""fuzzy_function"": ""sigmoidal_decreasing"", ""note"": ""Only fuzzy function type stated; no numeric breakpoints given in Table 1""}",structural_suitability,literature_relationship,table,practice_technology,,medium,"Slope
Degree
Sigmoidal decreasing
ALOS PALSAR",4,false,"slope (Degree), sigmoidal decreasing",,ALOS PALSAR DEM 12.5 m,"[query 2026-09-18 by peetmate; reason:other; note:mathematical relationship missed] Singh et al. 2026, Table 1",page,,,,,,,,2026-06-23.relationship-reextract
ev_mat_singh26,singh_2026,agroforestry,agroforestry__planted_silvoarable,mean_annual_temperature,"{""shape"": ""monotonic_increasing_linear"", ""direction"": ""positive"", ""note"": ""the study criteria table fuzzy membership""}","{""study_country"": ""India"", ""study_region"": ""Odisha"", ""study_income_group"": ""LMIC"", ""fuzzy_function"": ""monotonically_increasing_linear"", ""note"": ""Only fuzzy function type stated; no numeric breakpoints given. Study region descriptive range: 20.17–28.27 °C (tropical/subtropical context)""}",structural_suitability,literature_relationship,table,practice_technology,,medium,"Annual mean temperature
°C
Monotonically increasing linear
Worldclim",4,false,"annual mean temperature (°C), monotonically increasing linear",,WorldClim v2 (~1 km),"[query 2026-09-18 by peetmate; reason:other; note:Suitability mathematical relationship missed] Singh et al. 2026, Table 1",page,,,,,,,,2026-06-23.relationship-reextract
ev_precip_singh26,singh_2026,agroforestry,agroforestry__planted_silvoarable,annual_precipitation,"{""shape"": ""sigmoidal_increasing"", ""direction"": ""positive"", ""note"": ""the study criteria table fuzzy membership (rainfall)""}","{""study_country"": ""India"", ""study_region"": ""Odisha"", ""study_income_group"": ""LMIC"", ""fuzzy_function"": ""sigmoidal_increasing"", ""note"": ""Only fuzzy function type stated; no numeric breakpoints given. Study region range: 1,146–2,054 mm/year. Paper treats higher rainfall as more suitable (sigmoidal increasing).""}",structural_suitability,literature_relationship,table,practice_technology,,medium,"Rainfall
Mm
Sigmoidal increasing
CHIRPS",4,false,"rainfall (mm), sigmoidal increasing",,CHIRPS 0.05°,"[query 2026-09-18 by peetmate; reason:other; note:Again there is relationship presented for suitability and the variable, this is VERY IMPORTANT TO CAPTURE AND HAS BEEN MISSED!] Singh et al. 2026, Table 1",page,,,,,,,,2026-06-23.relationship-reextract
ev_dist_road_qual_singh26,singh_2026,agroforestry,agroforestry__planted_silvoarable,distance_to_road,"{""shape"": ""monotonic_decreasing_linear"", ""direction"": ""negative"", ""note"": ""the study criteria table — socioeconomic distance vars; suitability declines with distance from road""}","{""study_country"": ""India"", ""study_region"": ""Odisha"", ""study_income_group"": ""LMIC"", ""fuzzy_function"": ""monotonically_decreasing_linear"", ""note"": ""Closer to road = higher suitability; no numeric breakpoints stated in Table 1""}",operational_risk,literature_relationship,table,practice_technology,,medium,"Distance from forest
meter
Monotonically decreasing linear
LULC
Distance from settlement
Distance from waterbody
Distance from cropland
Distance from road",4,false,"distance from road (m), monotonically decreasing linear",,ORSAC LULC-derived Euclidean distance,"[query 2026-09-18 by peetmate; note:THere are relationships for distance from forest, settlement, waterbody, cropland and road that is montotonically decreasing linear. This is an important relationship to capture and exactly th einformation we need for the suitability mapping. Also note there is no reason that corresponds to this type of issues, please create one.] Singh et al. 2026, Table 1",page,,,,,,,,2026-06-23.relationship-reextract
ev_dist_road_ml_singh26,singh_2026,agroforestry,agroforestry__planted_silvoarable,distance_to_road,"{""variable_importance"": 21.29, ""relative_weight"": 0.28, ""unit"": ""RF_variable_importance_score"", ""note"": ""ML variable importance score from RF model; NOT a suitability threshold""}","{""study_country"": ""India"", ""study_region"": ""Odisha"", ""study_income_group"": ""LMIC"", ""model"": ""Random Forest (RF)"", ""n_vars"": 15}",operational_risk,ml_importance,table,practice_technology,,medium,"TABLE 2 RF estimated weights for different variables (following the weight 
values suggested by Singh et al., 2022).
Sl. No.
Factors
Variable 
importance
Relative 
weight
1
Soil type
1.06
0.01
2
Soil depth
3.41
0.05
3
Soil texture
2.27
0.03
4
Soil drainage 
capacity
0.78
0.01
5
Soil hpH
2.38
0.03
6
Slope
0.85
0.01
7
Mean temperature
2.74
0.04
8
Minimum 
temperature
4.36
0.06
9
Maximum 
temperature
3.14
0.04
10
Precipitation
0.73
0.01
11
Distance from 
settlement
6.04
0.08
12
Distance from road
21.29
0.28
13
Distance from water
1.57
0.02
14
Distance from 
cropland
23.05
0.31
15
Distance from forest
1.03
0.01",8,false,Distance from road,,ORSAC LULC-derived Euclidean distance,[query 2026-09-18 by peetmate; reason:other; note:where is the context to understand the variable importance or weight?? do we need to standardize to compare between studies?] Singh et al. 2022 (pre-trained model applied here to Odisha scale-up),page,,,,,,,,2026-06-19.openalex-af
ev_dist_settlement_qual_singh26,singh_2026,agroforestry,agroforestry__planted_silvoarable,distance_to_settlement,"{""shape"": ""monotonic_decreasing_linear"", ""direction"": ""negative"", ""note"": ""the study criteria table — socioeconomic distance vars; suitability declines with distance from settlement""}","{""study_country"": ""India"", ""study_region"": ""Odisha"", ""study_income_group"": ""LMIC"", ""fuzzy_function"": ""monotonically_decreasing_linear"", ""note"": ""Paper uses Euclidean distance to built-up settlement areas as socioeconomic proximity variable. 'distance_to_settlement' is NOT a VONT canonical; mapped to 'accessibility_travel_time' as closest canonical — flag for VONT review/extension.""}",operational_risk,literature_relationship,table,practice_technology,,low,"Distance from forest
meter
Monotonically decreasing linear
LULC
Distance from settlement",4,true,"distance from settlement (m), monotonically decreasing linear",,ORSAC LULC-derived Euclidean distance to built-up areas,"[query 2026-09-18 by peetmate; reason:other; note:mathematical relationship missing] [reviewed 2026-08-06 by Namita-J; reason:confirmed_pass] Singh et al. 2026, Table 1",page,,,,,,,,2026-06-23.relationship-reextract
ev_dist_settlement_ml_singh26,singh_2026,agroforestry,agroforestry__planted_silvoarable,distance_to_settlement,"{""variable_importance"": 6.04, ""relative_weight"": 0.08, ""unit"": ""RF_variable_importance_score"", ""note"": ""ML variable importance score for 'Distance from settlement'; NOT a suitability threshold. VONT canonical 'accessibility_travel_time' is approximate — flag for extension.""}","{""study_country"": ""India"", ""study_region"": ""Odisha"", ""study_income_group"": ""LMIC"", ""model"": ""Random Forest (RF)"", ""n_vars"": 15}",operational_risk,ml_importance,table,practice_technology,,low,"TABLE 2 RF estimated weights for different variables (following the weight 
values suggested by Singh et al., 2022).
Sl. No.
Factors
Variable 
importance
Relative 
weight
1
Soil type
1.06
0.01
2
Soil depth
3.41
0.05
3
Soil texture
2.27
0.03
4
Soil drainage 
capacity
0.78
0.01
5
Soil hpH
2.38
0.03
6
Slope
0.85
0.01
7
Mean temperature
2.74
0.04
8
Minimum 
temperature
4.36
0.06
9
Maximum 
temperature
3.14
0.04
10
Precipitation
0.73
0.01
11
Distance from 
settlement
6.04
0.08
12
Distance from road
21.29
0.28
13
Distance from water
1.57
0.02
14
Distance from 
cropland
23.05
0.31
15
Distance from forest
1.03
0.01",8,true,Distance from settlement,,ORSAC LULC-derived Euclidean distance to built-up areas,[reviewed 2026-09-18 by peetmate] Singh et al. 2022 (pre-trained model applied here to Odisha scale-up),page,,,,,,,,2026-06-19.openalex-af
ev_land_cover_singh26,singh_2026,agroforestry,agroforestry__planted_silvoarable,land_cover,,"{""study_country"": ""India"", ""study_region"": ""Odisha"", ""study_income_group"": ""LMIC"", ""suitability_dimension"": ""system_constraint"", ""note"": ""LULC (cropland, fallow, wasteland, settlement) used as overlay/masking layer for intervention prescription. Cropland proximity also treated as socioeconomic suitability factor (monotonically decreasing linear). Functions as system_constraint gating layer.""}",structural_suitability,literature_relationship,table,practice_technology,,high,"TABLE 1 List of variables used in the study for agroforestry suitability mapping.
Criteria
Variables
Unit
Agroforestry classes/fuzzy scale for continuous data
Data sources
Very High
High
Moderate
Low
Soil
Soil type
Code
Fine loamy, clayey
Fine mixed
Course loamy, sandy loam
Clay sandy, sandy
NBSS & LUP
Depth
Mod deep
Mod shallow
Shallow
-
Texture
Fine
Fine to course
Course
-
Soil drainage
Very well
Well
Mod well
-
pH
−log(H+)
6.5–7.5
5.5–6.5
7.5–8.5
-
Topography
Slope
Degree
Sigmoidal decreasing
ALOS PALSAR
Climate
Annual mean temperature
°C
Monotonically increasing linear
Worldclim
Annual min. temperature
Annual max. temperature
Rainfall
Mm
Sigmoidal increasing
CHIRPS
Socioeconomic
Distance from forest
meter
Monotonically decreasing linear
LULC
Distance from settlement
Distance from waterbody
Distance from cropland
Distance from road
ORSAC",4,false,Distance from cropland (LULC layer),,Sentinel-2 RF LULC classification (2020); ORSAC,[dropped 2026-09-18 by peetmate; reason:other; note:useless evidence description - landcover is far too vague. again should be an issue that relate to this type of problem.] Singh et al. 2022 (pre-trained model applied here to Odisha scale-up),page,,,,,,,dropped,2026-06-19.openalex-af
ev_slope_inab_aa_def,inab_landcap_guatemala,agroforestry,agroforestry__planted_silvoarable,slope,,"{""country"": ""Guatemala"", ""class_code"": ""Aa""}",structural_suitability,literature_relationship,table,practice_technology,,high,"AGROFORESTERÍA CON CULTIVOS ANUALES (Aa):
Areas con limitaciones de pendiente y/o profundidad efectiva del
suelo, donde se permite la siembra de cultivos agrícolas asocia-
dos con árboles y/o con obras de conservación de suelos y prác-
ticas o técnicas agronómicas de cultivo. (English: AGROFORESTRY WITH ANNUAL CROPS (Aa): Areas with limitations of slope and/or effective soil depth, where planting of agricultural crops associated with trees and/or soil conservation works and agronomic practices/techniques is permitted.)",27,false,Pendiente (%),,,"[dropped 2026-09-18 by peetmate; reason:other; note:difficult to udnerstand the context, poor quality publication.] INAB (Instituto Nacional de Bosques, Guatemala) — methodology adapted from T.C. Sheng / Michaelsen",page,,,,,,,dropped,2026-06-20.grey-af
ev_soildepth_inab_aa_def,inab_landcap_guatemala,agroforestry,agroforestry__planted_silvoarable,soil_depth_to_bedrock,,"{""country"": ""Guatemala"", ""class_code"": ""Aa""}",structural_suitability,literature_relationship,table,practice_technology,,high,"AGROFORESTERÍA CON CULTIVOS ANUALES (Aa):
Areas con limitaciones de pendiente y/o profundidad efectiva del
suelo, donde se permite la siembra de cultivos agrícolas asocia-
dos con árboles y/o con obras de conservación de suelos y prác-
ticas o técnicas agronómicas de cultivo. (English: AGROFORESTRY WITH ANNUAL CROPS (Aa): Areas with limitations of slope and/or effective soil depth, where planting of agricultural crops associated with trees and/or soil conservation works and agronomic practices/techniques is permitted.)",27,true,Profundidad efectiva del suelo (cm),,,"[reviewed 2026-09-18 by peetmate] [dropped 2026-06-24 by peetmate; reason:constrained_aoi; note:INAB Guatemala land-capability classification assigns agroforestry as a residual/marginal-land bucket (what's left after prime agriculture + protection forest) — understates where AF is feasible + constrains the AOI. Down-graded per Pete 2026-06-24; not used for opportunity-space extent.] INAB (Instituto Nacional de Bosques, Guatemala) — methodology adapted from T.C. Sheng / Michaelsen",page,,,,,,,,2026-06-20.grey-af
ev_slope_inab_ap_def,inab_landcap_guatemala,agroforestry,agroforestry__shaded_perennial,slope,,"{""country"": ""Guatemala"", ""class_code"": ""Ap""}",structural_suitability,literature_relationship,table,practice_technology,,high,"AGROFORESTERÍA CON CULTIVOS PERMANENTES (Ap):
Areas con limitaciones de pendiente y profundidad, aptas para el
establecimiento de sistemas de cultivos permanentes asociados
con árboles (aislados, en bloques o plantaciones, ya sean espe-
cies frutales y otras con fines de producción de madera y otros
productos forestales). (English: AGROFORESTRY WITH PERMANENT CROPS (Ap): Areas with limitations of slope and depth, suitable for the establishment of permanent crop systems associated with trees (isolated, in blocks or plantations, whether fruit species and others for purposes of timber and other forest product production).)",27,false,Pendiente (%),,,"[dropped 2026-06-24 by peetmate; reason:constrained_aoi; note:INAB Guatemala land-capability classification assigns agroforestry as a residual/marginal-land bucket (what's left after prime agriculture + protection forest) — understates where AF is feasible + constrains the AOI. Down-graded per Pete 2026-06-24; not used for opportunity-space extent.] INAB (Instituto Nacional de Bosques, Guatemala) — methodology adapted from T.C. Sheng / Michaelsen",page,,,,,,,dropped,2026-06-20.grey-af
ev_soildepth_inab_ap_def,inab_landcap_guatemala,agroforestry,agroforestry__shaded_perennial,soil_depth_to_bedrock,,"{""country"": ""Guatemala"", ""class_code"": ""Ap""}",structural_suitability,literature_relationship,table,practice_technology,,high,"AGROFORESTERÍA CON CULTIVOS PERMANENTES (Ap):
Areas con limitaciones de pendiente y profundidad, aptas para el
establecimiento de sistemas de cultivos permanentes asociados
con árboles (aislados, en bloques o plantaciones, ya sean espe-
cies frutales y otras con fines de producción de madera y otros
productos forestales). (English: AGROFORESTRY WITH PERMANENT CROPS (Ap): Areas with limitations of slope and depth, suitable for the establishment of permanent crop systems associated with trees (isolated, in blocks or plantations, whether fruit species and others for purposes of timber and other forest product production).)",27,false,Profundidad efectiva del suelo (cm),,,"[dropped 2026-06-24 by peetmate; reason:constrained_aoi; note:INAB Guatemala land-capability classification assigns agroforestry as a residual/marginal-land bucket (what's left after prime agriculture + protection forest) — understates where AF is feasible + constrains the AOI. Down-graded per Pete 2026-06-24; not used for opportunity-space extent.] INAB (Instituto Nacional de Bosques, Guatemala) — methodology adapted from T.C. Sheng / Michaelsen",page,,,,,,,dropped,2026-06-20.grey-af
ev_slope_inab_ss_def,inab_landcap_guatemala,agroforestry,agroforestry__silvopastoral,slope,,"{""country"": ""Guatemala"", ""class_code"": ""Ss""}",structural_suitability,literature_relationship,table,practice_technology,,high,"SISTEMAS SILVOPASTORILES (Ss):
Areas con limitaciones de pendiente y/o profundidad, drenaje in-
terno que tienen limitaciones permanentes o transitorias de
pedregosidad y/o drenaje.  Permiten el desarrollo de pastos na-
turales o  cultivados y/o asociados con especies arbóreas. (English: SILVOPASTORAL SYSTEMS (Ss): Areas with limitations of slope and/or depth, internal drainage that have permanent or transitory limitations of stoniness and/or drainage. They permit the development of natural or cultivated pastures and/or those associated with tree species.)",27,false,Pendiente (%),,,"[dropped 2026-06-24 by peetmate; reason:constrained_aoi; note:INAB Guatemala land-capability classification assigns agroforestry as a residual/marginal-land bucket (what's left after prime agriculture + protection forest) — understates where AF is feasible + constrains the AOI. Down-graded per Pete 2026-06-24; not used for opportunity-space extent.] INAB (Instituto Nacional de Bosques, Guatemala) — methodology adapted from T.C. Sheng / Michaelsen",page,,,,,,,dropped,2026-06-20.grey-af
ev_soildepth_inab_ss_def,inab_landcap_guatemala,agroforestry,agroforestry__silvopastoral,soil_depth_to_bedrock,,"{""country"": ""Guatemala"", ""class_code"": ""Ss""}",structural_suitability,literature_relationship,table,practice_technology,,high,"SISTEMAS SILVOPASTORILES (Ss):
Areas con limitaciones de pendiente y/o profundidad, drenaje in-
terno que tienen limitaciones permanentes o transitorias de
pedregosidad y/o drenaje.  Permiten el desarrollo de pastos na-
turales o  cultivados y/o asociados con especies arbóreas. (English: SILVOPASTORAL SYSTEMS (Ss): Areas with limitations of slope and/or depth, internal drainage that have permanent or transitory limitations of stoniness and/or drainage. They permit the development of natural or cultivated pastures and/or those associated with tree species.)",27,false,Profundidad efectiva del suelo (cm),,,"[dropped 2026-06-24 by peetmate; reason:constrained_aoi; note:INAB Guatemala land-capability classification assigns agroforestry as a residual/marginal-land bucket (what's left after prime agriculture + protection forest) — understates where AF is feasible + constrains the AOI. Down-graded per Pete 2026-06-24; not used for opportunity-space extent.] INAB (Instituto Nacional de Bosques, Guatemala) — methodology adapted from T.C. Sheng / Michaelsen",page,,,,,,,dropped,2026-06-20.grey-af
ev_slope_inab_c1_aa,inab_landcap_guatemala,agroforestry,agroforestry__planted_silvoarable,slope,"{""abs_max"": 32, ""unit"": ""pct"", ""note"": ""Aa co-assigned at slope 16–32% with depth >90cm; absent at >32%. CUADRO 1, Llanura Costera del Pacífico.""}","{""country"": ""Guatemala"", ""region"": ""Llanura Costera del Pacífico"", ""class_code"": ""Aa"", ""cuadro"": 1}",structural_suitability,literature_relationship,table,practice_technology,,medium,"CUADRO 1.
PROFUNDIDAD
DEL SUELO (cm)
< 4
4 – 8
 8 - 16
16 – 32
> 32
>90
A
A
Am/Aa
Aa/Ss/Ap
F
50-90
A
A/Am
Am/Aa
Ap/F
F
20-50
Am/Aa
Am/Aa
Ss/Ap
Ap/F
F/Fp
<20
Ss
Ss/Fp
Ss/Fp
F/Fp
Fp (English: CUADRO 1. Matrix of land use capacity for the 'Pacific Coastal Plain Lands' region. SOIL DEPTH (cm) | <4 | 4-8 | 8-16 | 16-32 | >32; >90: A, A, Am/Aa, Aa/Ss/Ap, F; 50-90: A, A/Am, Am/Aa, Ap/F, F; 20-50: Am/Aa, Am/Aa, Ss/Ap, Ap/F, F/Fp; <20: Ss, Ss/Fp, Ss/Fp, F/Fp, Fp)",29,false,Pendiente (%),,,"[dropped 2026-09-18 by peetmate; note:not enough context for me to review] INAB Guatemala, methodology based on T.C. Sheng / Michaelsen",page,,,,,,,dropped,2026-06-20.grey-af
ev_soildepth_inab_c1_aa,inab_landcap_guatemala,agroforestry,agroforestry__planted_silvoarable,soil_depth_to_bedrock,"{""abs_min"": 20, ""unit"": ""cm"", ""note"": ""Aa absent at depth <20cm in all slope classes. Appears at 20-50, 50-90, >90 cm. CUADRO 1, Llanura Costera del Pacífico.""}","{""country"": ""Guatemala"", ""region"": ""Llanura Costera del Pacífico"", ""class_code"": ""Aa"", ""cuadro"": 1}",structural_suitability,literature_relationship,table,practice_technology,,medium,"CUADRO 1.
PROFUNDIDAD
DEL SUELO (cm)
< 4
4 – 8
 8 - 16
16 – 32
> 32
>90
A
A
Am/Aa
Aa/Ss/Ap
F
50-90
A
A/Am
Am/Aa
Ap/F
F
20-50
Am/Aa
Am/Aa
Ss/Ap
Ap/F
F/Fp
<20
Ss
Ss/Fp
Ss/Fp
F/Fp
Fp (English: CUADRO 1. Matrix of land use capacity for the 'Pacific Coastal Plain Lands' region. SOIL DEPTH (cm) | <4 | 4-8 | 8-16 | 16-32 | >32; >90: A, A, Am/Aa, Aa/Ss/Ap, F; 50-90: A, A/Am, Am/Aa, Ap/F, F; 20-50: Am/Aa, Am/Aa, Ss/Ap, Ap/F, F/Fp; <20: Ss, Ss/Fp, Ss/Fp, F/Fp, Fp)",29,false,Profundidad del suelo (cm),,,[dropped 2026-09-18 by peetmate; note:I cannot interpret this table there is no caption or context.] INAB Guatemala,page,,,,,,,dropped,2026-06-20.grey-af
ev_slope_inab_c1_ap,inab_landcap_guatemala,agroforestry,agroforestry__shaded_perennial,slope,"{""abs_max"": 32, ""unit"": ""pct"", ""note"": ""Ap co-assigned at slope 16–32% (Aa/Ss/Ap with depth >90cm; Ap/F with depth 50-90 or 20-50cm). Absent at slope >32%. CUADRO 1.""}","{""country"": ""Guatemala"", ""region"": ""Llanura Costera del Pacífico"", ""class_code"": ""Ap"", ""cuadro"": 1}",structural_suitability,literature_relationship,table,practice_technology,,medium,"CUADRO 1.
PROFUNDIDAD
DEL SUELO (cm)
< 4
4 – 8
 8 - 16
16 – 32
> 32
>90
A
A
Am/Aa
Aa/Ss/Ap
F
50-90
A
A/Am
Am/Aa
Ap/F
F
20-50
Am/Aa
Am/Aa
Ss/Ap
Ap/F
F/Fp
<20
Ss
Ss/Fp
Ss/Fp
F/Fp
Fp (English: CUADRO 1. Matrix of land use capacity for the 'Pacific Coastal Plain Lands' region. SOIL DEPTH (cm) | <4 | 4-8 | 8-16 | 16-32 | >32; >90: A, A, Am/Aa, Aa/Ss/Ap, F; 50-90: A, A/Am, Am/Aa, Ap/F, F; 20-50: Am/Aa, Am/Aa, Ss/Ap, Ap/F, F/Fp; <20: Ss, Ss/Fp, Ss/Fp, F/Fp, Fp)",29,false,Pendiente (%),,,[dropped 2026-06-24 by peetmate; reason:constrained_aoi; note:INAB Guatemala land-capability classification assigns agroforestry as a residual/marginal-land bucket (what's left after prime agriculture + protection forest) — understates where AF is feasible + constrains the AOI. Down-graded per Pete 2026-06-24; not used for opportunity-space extent.] INAB Guatemala,page,,,,,,,dropped,2026-06-20.grey-af
ev_soildepth_inab_c1_ap,inab_landcap_guatemala,agroforestry,agroforestry__shaded_perennial,soil_depth_to_bedrock,"{""abs_min"": 20, ""unit"": ""cm"", ""note"": ""Ap absent at depth <20cm. Appears at 20-50, 50-90, >90 cm (co-assigned with other classes). CUADRO 1.""}","{""country"": ""Guatemala"", ""region"": ""Llanura Costera del Pacífico"", ""class_code"": ""Ap"", ""cuadro"": 1}",structural_suitability,literature_relationship,table,practice_technology,,medium,"CUADRO 1.
PROFUNDIDAD
DEL SUELO (cm)
< 4
4 – 8
 8 - 16
16 – 32
> 32
>90
A
A
Am/Aa
Aa/Ss/Ap
F
50-90
A
A/Am
Am/Aa
Ap/F
F
20-50
Am/Aa
Am/Aa
Ss/Ap
Ap/F
F/Fp
<20
Ss
Ss/Fp
Ss/Fp
F/Fp
Fp (English: CUADRO 1. Matrix of land use capacity for the 'Pacific Coastal Plain Lands' region. SOIL DEPTH (cm) | <4 | 4-8 | 8-16 | 16-32 | >32; >90: A, A, Am/Aa, Aa/Ss/Ap, F; 50-90: A, A/Am, Am/Aa, Ap/F, F; 20-50: Am/Aa, Am/Aa, Ss/Ap, Ap/F, F/Fp; <20: Ss, Ss/Fp, Ss/Fp, F/Fp, Fp)",29,false,Profundidad del suelo (cm),,,[dropped 2026-06-24 by peetmate; reason:constrained_aoi; note:INAB Guatemala land-capability classification assigns agroforestry as a residual/marginal-land bucket (what's left after prime agriculture + protection forest) — understates where AF is feasible + constrains the AOI. Down-graded per Pete 2026-06-24; not used for opportunity-space extent.] INAB Guatemala,page,,,,,,,dropped,2026-06-20.grey-af
ev_slope_inab_c1_ss,inab_landcap_guatemala,agroforestry,agroforestry__silvopastoral,slope,"{""abs_max"": 32, ""unit"": ""pct"", ""note"": ""Ss co-assigned across slope <4 to 16–32%, primarily at shallow depths (<20cm) or in co-assignment with Aa/Ap. CUADRO 1.""}","{""country"": ""Guatemala"", ""region"": ""Llanura Costera del Pacífico"", ""class_code"": ""Ss"", ""cuadro"": 1}",structural_suitability,literature_relationship,table,practice_technology,,medium,"CUADRO 1.
PROFUNDIDAD
DEL SUELO (cm)
< 4
4 – 8
 8 - 16
16 – 32
> 32
>90
A
A
Am/Aa
Aa/Ss/Ap
F
50-90
A
A/Am
Am/Aa
Ap/F
F
20-50
Am/Aa
Am/Aa
Ss/Ap
Ap/F
F/Fp
<20
Ss
Ss/Fp
Ss/Fp
F/Fp
Fp (English: CUADRO 1. Matrix of land use capacity for the 'Pacific Coastal Plain Lands' region. SOIL DEPTH (cm) | <4 | 4-8 | 8-16 | 16-32 | >32; >90: A, A, Am/Aa, Aa/Ss/Ap, F; 50-90: A, A/Am, Am/Aa, Ap/F, F; 20-50: Am/Aa, Am/Aa, Ss/Ap, Ap/F, F/Fp; <20: Ss, Ss/Fp, Ss/Fp, F/Fp, Fp)",29,false,Pendiente (%),,,[dropped 2026-06-24 by peetmate; reason:constrained_aoi; note:INAB Guatemala land-capability classification assigns agroforestry as a residual/marginal-land bucket (what's left after prime agriculture + protection forest) — understates where AF is feasible + constrains the AOI. Down-graded per Pete 2026-06-24; not used for opportunity-space extent.] INAB Guatemala,page,,,,,,,dropped,2026-06-20.grey-af
ev_soildepth_inab_c1_ss,inab_landcap_guatemala,agroforestry,agroforestry__silvopastoral,soil_depth_to_bedrock,"{""abs_max"": 50, ""unit"": ""cm"", ""note"": ""Ss dominates at depth <20cm (slope <4 to 8-16%); also co-assigned at 20-50cm with slope 8-16%. Absent at depth >50cm except as co-assignment at steep slope with deep soil. CUADRO 1.""}","{""country"": ""Guatemala"", ""region"": ""Llanura Costera del Pacífico"", ""class_code"": ""Ss"", ""cuadro"": 1}",structural_suitability,literature_relationship,table,practice_technology,,medium,"CUADRO 1.
PROFUNDIDAD
DEL SUELO (cm)
< 4
4 – 8
 8 - 16
16 – 32
> 32
>90
A
A
Am/Aa
Aa/Ss/Ap
F
50-90
A
A/Am
Am/Aa
Ap/F
F
20-50
Am/Aa
Am/Aa
Ss/Ap
Ap/F
F/Fp
<20
Ss
Ss/Fp
Ss/Fp
F/Fp
Fp (English: CUADRO 1. Matrix of land use capacity for the 'Pacific Coastal Plain Lands' region. SOIL DEPTH (cm) | <4 | 4-8 | 8-16 | 16-32 | >32; >90: A, A, Am/Aa, Aa/Ss/Ap, F; 50-90: A, A/Am, Am/Aa, Ap/F, F; 20-50: Am/Aa, Am/Aa, Ss/Ap, Ap/F, F/Fp; <20: Ss, Ss/Fp, Ss/Fp, F/Fp, Fp)",29,false,Profundidad del suelo (cm),,,[dropped 2026-06-24 by peetmate; reason:constrained_aoi; note:INAB Guatemala land-capability classification assigns agroforestry as a residual/marginal-land bucket (what's left after prime agriculture + protection forest) — understates where AF is feasible + constrains the AOI. Down-graded per Pete 2026-06-24; not used for opportunity-space extent.] INAB Guatemala,page,,,,,,,dropped,2026-06-20.grey-af
ev_slope_inab_c2_aa,inab_landcap_guatemala,agroforestry,agroforestry__planted_silvoarable,slope,"{""abs_max"": 26, ""unit"": ""pct"", ""note"": ""Aa co-assigned at slope 8-16% (all depths) and 16-26% (depths ≥50cm); also at slope <8 with depth <20cm. Max slope with Aa = 16–26. CUADRO 2, Bocacosta.""}","{""country"": ""Guatemala"", ""region"": ""Tierras Volcánicas de la Bocacosta"", ""class_code"": ""Aa"", ""cuadro"": 2}",structural_suitability,literature_relationship,table,practice_technology,,medium,"CUADRO 2.
Matriz de capacidad de uso de la tierra
para la región ""Tierras Volcánicas  de la
Bocacosta""
PROFUNDIDAD
DEL SUELO (cm)
< 8
8 –16
 16 – 26
26 –36
>36
>90
A
Am/Aa
Am/Aa
Ap/F
F/Fp
50-90
A/Am
Am/Aa
Aa/Ss
Ap/F
F/Fp
20-50
Am/Aa
Ss/Ap
Ss/Ap
F
Fp
<20
Aa
Ss/F
Fp
Fp
Fp (English: CUADRO 2. Matrix of land use capacity for 'Bocacosta Volcanic Lands'. SOIL DEPTH (cm) | <8 | 8-16 | 16-26 | 26-36 | >36; >90: A, Am/Aa, Am/Aa, Ap/F, F/Fp; 50-90: A/Am, Am/Aa, Aa/Ss, Ap/F, F/Fp; 20-50: Am/Aa, Ss/Ap, Ss/Ap, F, Fp; <20: Aa, Ss/F, Fp, Fp, Fp)",30,false,Pendiente (%),,,"[dropped 2026-09-18 by peetmate; reason:other; note:screngrab failed, not enough context to make judgement] INAB Guatemala",page,,,,,,,dropped,2026-06-20.grey-af
ev_soildepth_inab_c2_aa,inab_landcap_guatemala,agroforestry,agroforestry__planted_silvoarable,soil_depth_to_bedrock,"{""abs_min"": 20, ""unit"": ""cm"", ""note"": ""Aa appears at depth ≥20cm for most slopes; also at <20cm with slope <8. CUADRO 2, Bocacosta.""}","{""country"": ""Guatemala"", ""region"": ""Tierras Volcánicas de la Bocacosta"", ""class_code"": ""Aa"", ""cuadro"": 2}",structural_suitability,literature_relationship,table,practice_technology,,medium,"CUADRO 2.
Matriz de capacidad de uso de la tierra
para la región ""Tierras Volcánicas  de la
Bocacosta""
PROFUNDIDAD
DEL SUELO (cm)
< 8
8 –16
 16 – 26
26 –36
>36
>90
A
Am/Aa
Am/Aa
Ap/F
F/Fp
50-90
A/Am
Am/Aa
Aa/Ss
Ap/F
F/Fp
20-50
Am/Aa
Ss/Ap
Ss/Ap
F
Fp
<20
Aa
Ss/F
Fp
Fp
Fp (English: CUADRO 2. Matrix of land use capacity for 'Bocacosta Volcanic Lands'. SOIL DEPTH (cm) | <8 | 8-16 | 16-26 | 26-36 | >36; >90: A, Am/Aa, Am/Aa, Ap/F, F/Fp; 50-90: A/Am, Am/Aa, Aa/Ss, Ap/F, F/Fp; 20-50: Am/Aa, Ss/Ap, Ss/Ap, F, Fp; <20: Aa, Ss/F, Fp, Fp, Fp)",30,false,Profundidad del suelo (cm),,,"[dropped 2026-09-18 by peetmate; reason:other; note:table screengrab incorrect, not enough context to review.] INAB Guatemala",page,,,,,,,dropped,2026-06-20.grey-af
ev_slope_inab_c2_ap,inab_landcap_guatemala,agroforestry,agroforestry__shaded_perennial,slope,"{""abs_max"": 36, ""unit"": ""pct"", ""note"": ""Ap co-assigned at slope 26-36% (Ap/F) for depths >50cm; also at 8-16% and 16-26% with Ss/Ap at depths 20-50cm. CUADRO 2.""}","{""country"": ""Guatemala"", ""region"": ""Tierras Volcánicas de la Bocacosta"", ""class_code"": ""Ap"", ""cuadro"": 2}",structural_suitability,literature_relationship,table,practice_technology,,medium,"CUADRO 2.
Matriz de capacidad de uso de la tierra
para la región ""Tierras Volcánicas  de la
Bocacosta""
PROFUNDIDAD
DEL SUELO (cm)
< 8
8 –16
 16 – 26
26 –36
>36
>90
A
Am/Aa
Am/Aa
Ap/F
F/Fp
50-90
A/Am
Am/Aa
Aa/Ss
Ap/F
F/Fp
20-50
Am/Aa
Ss/Ap
Ss/Ap
F
Fp
<20
Aa
Ss/F
Fp
Fp
Fp (English: CUADRO 2. Matrix of land use capacity for 'Bocacosta Volcanic Lands'. SOIL DEPTH (cm) | <8 | 8-16 | 16-26 | 26-36 | >36; >90: A, Am/Aa, Am/Aa, Ap/F, F/Fp; 50-90: A/Am, Am/Aa, Aa/Ss, Ap/F, F/Fp; 20-50: Am/Aa, Ss/Ap, Ss/Ap, F, Fp; <20: Aa, Ss/F, Fp, Fp, Fp)",30,false,Pendiente (%),,,[dropped 2026-06-24 by peetmate; reason:constrained_aoi; note:INAB Guatemala land-capability classification assigns agroforestry as a residual/marginal-land bucket (what's left after prime agriculture + protection forest) — understates where AF is feasible + constrains the AOI. Down-graded per Pete 2026-06-24; not used for opportunity-space extent.] INAB Guatemala,page,,,,,,,dropped,2026-06-20.grey-af
ev_soildepth_inab_c2_ap,inab_landcap_guatemala,agroforestry,agroforestry__shaded_perennial,soil_depth_to_bedrock,"{""abs_min"": 20, ""unit"": ""cm"", ""note"": ""Ap appears at depth ≥20cm (Ss/Ap) and ≥50cm (Ap/F at steeper slopes). CUADRO 2.""}","{""country"": ""Guatemala"", ""region"": ""Tierras Volcánicas de la Bocacosta"", ""class_code"": ""Ap"", ""cuadro"": 2}",structural_suitability,literature_relationship,table,practice_technology,,medium,"CUADRO 2.
Matriz de capacidad de uso de la tierra
para la región ""Tierras Volcánicas  de la
Bocacosta""
PROFUNDIDAD
DEL SUELO (cm)
< 8
8 –16
 16 – 26
26 –36
>36
>90
A
Am/Aa
Am/Aa
Ap/F
F/Fp
50-90
A/Am
Am/Aa
Aa/Ss
Ap/F
F/Fp
20-50
Am/Aa
Ss/Ap
Ss/Ap
F
Fp
<20
Aa
Ss/F
Fp
Fp
Fp (English: CUADRO 2. Matrix of land use capacity for 'Bocacosta Volcanic Lands'. SOIL DEPTH (cm) | <8 | 8-16 | 16-26 | 26-36 | >36; >90: A, Am/Aa, Am/Aa, Ap/F, F/Fp; 50-90: A/Am, Am/Aa, Aa/Ss, Ap/F, F/Fp; 20-50: Am/Aa, Ss/Ap, Ss/Ap, F, Fp; <20: Aa, Ss/F, Fp, Fp, Fp)",30,false,Profundidad del suelo (cm),,,[dropped 2026-06-24 by peetmate; reason:constrained_aoi; note:INAB Guatemala land-capability classification assigns agroforestry as a residual/marginal-land bucket (what's left after prime agriculture + protection forest) — understates where AF is feasible + constrains the AOI. Down-graded per Pete 2026-06-24; not used for opportunity-space extent.] INAB Guatemala,page,,,,,,,dropped,2026-06-20.grey-af
ev_slope_inab_c2_ss,inab_landcap_guatemala,agroforestry,agroforestry__silvopastoral,slope,"{""abs_max"": 36, ""unit"": ""pct"", ""note"": ""Ss co-assigned at slope 8-16% to 26-36% (Ss/Ap, Aa/Ss, Ss/F). Also appears at depth <20, slope 8-16%. CUADRO 2.""}","{""country"": ""Guatemala"", ""region"": ""Tierras Volcánicas de la Bocacosta"", ""class_code"": ""Ss"", ""cuadro"": 2}",structural_suitability,literature_relationship,table,practice_technology,,medium,"CUADRO 2.
Matriz de capacidad de uso de la tierra
para la región ""Tierras Volcánicas  de la
Bocacosta""
PROFUNDIDAD
DEL SUELO (cm)
< 8
8 –16
 16 – 26
26 –36
>36
>90
A
Am/Aa
Am/Aa
Ap/F
F/Fp
50-90
A/Am
Am/Aa
Aa/Ss
Ap/F
F/Fp
20-50
Am/Aa
Ss/Ap
Ss/Ap
F
Fp
<20
Aa
Ss/F
Fp
Fp
Fp (English: CUADRO 2. Matrix of land use capacity for 'Bocacosta Volcanic Lands'. SOIL DEPTH (cm) | <8 | 8-16 | 16-26 | 26-36 | >36; >90: A, Am/Aa, Am/Aa, Ap/F, F/Fp; 50-90: A/Am, Am/Aa, Aa/Ss, Ap/F, F/Fp; 20-50: Am/Aa, Ss/Ap, Ss/Ap, F, Fp; <20: Aa, Ss/F, Fp, Fp, Fp)",30,false,Pendiente (%),,,[dropped 2026-08-06 by Namita-J; reason:insufficient_context] INAB Guatemala,page,,,,,,,dropped,2026-06-20.grey-af
ev_soildepth_inab_c2_ss,inab_landcap_guatemala,agroforestry,agroforestry__silvopastoral,soil_depth_to_bedrock,"{""abs_max"": 90, ""unit"": ""cm"", ""note"": ""Ss appears across depth <20 to 50-90cm depending on slope. Absent at >90cm for most slopes. CUADRO 2.""}","{""country"": ""Guatemala"", ""region"": ""Tierras Volcánicas de la Bocacosta"", ""class_code"": ""Ss"", ""cuadro"": 2}",structural_suitability,literature_relationship,table,practice_technology,,medium,"CUADRO 2.
Matriz de capacidad de uso de la tierra
para la región ""Tierras Volcánicas  de la
Bocacosta""
PROFUNDIDAD
DEL SUELO (cm)
< 8
8 –16
 16 – 26
26 –36
>36
>90
A
Am/Aa
Am/Aa
Ap/F
F/Fp
50-90
A/Am
Am/Aa
Aa/Ss
Ap/F
F/Fp
20-50
Am/Aa
Ss/Ap
Ss/Ap
F
Fp
<20
Aa
Ss/F
Fp
Fp
Fp (English: CUADRO 2. Matrix of land use capacity for 'Bocacosta Volcanic Lands'. SOIL DEPTH (cm) | <8 | 8-16 | 16-26 | 26-36 | >36; >90: A, Am/Aa, Am/Aa, Ap/F, F/Fp; 50-90: A/Am, Am/Aa, Aa/Ss, Ap/F, F/Fp; 20-50: Am/Aa, Ss/Ap, Ss/Ap, F, Fp; <20: Aa, Ss/F, Fp, Fp, Fp)",30,false,Profundidad del suelo (cm),,,[dropped 2026-06-24 by peetmate; reason:constrained_aoi; note:INAB Guatemala land-capability classification assigns agroforestry as a residual/marginal-land bucket (what's left after prime agriculture + protection forest) — understates where AF is feasible + constrains the AOI. Down-graded per Pete 2026-06-24; not used for opportunity-space extent.] INAB Guatemala,page,,,,,,,dropped,2026-06-20.grey-af
ev_slope_inab_c3_aa,inab_landcap_guatemala,agroforestry,agroforestry__planted_silvoarable,slope,"{""abs_max"": 26, ""unit"": ""pct"", ""note"": ""Aa appears at slope <12% (sole at depth <20cm) and slope 12-26% (co-assigned Am/Aa at depths ≥50cm). Absent at slope ≥26%. CUADRO 3, Tierras Altas Volcánicas.""}","{""country"": ""Guatemala"", ""region"": ""Tierras Altas Volcánicas"", ""class_code"": ""Aa"", ""cuadro"": 3}",structural_suitability,literature_relationship,table,practice_technology,,medium,"CUADRO 3.
Matriz de capacidad de uso de la tierra
para la región ""Tierras Altas Volcánicas"".
 PROFUNDIDAD
DEL SUELO (cm)
<12
12 - 26
 26 - 36
36 – 55
> 55
>90
A
Am/Aa
Ss/Ap
Ap/F
F/Fp
50-90
A/Am
Am/Aa
Ss/Ap
Ap/F
F/Fp
20-50
Am/Aa
Ss/Ap
Ss/Ap
Ap/F
Fp
<20
Aa
Ss/F
Ss/Fp
Fp
Fp (English: CUADRO 3. Matrix for 'Highland Volcanic Lands'. SOIL DEPTH (cm) | <12 | 12-26 | 26-36 | 36-55 | >55; >90: A, Am/Aa, Ss/Ap, Ap/F, F/Fp; 50-90: A/Am, Am/Aa, Ss/Ap, Ap/F, F/Fp; 20-50: Am/Aa, Ss/Ap, Ss/Ap, Ap/F, Fp; <20: Aa, Ss/F, Ss/Fp, Fp, Fp)",30,false,Pendiente (%),,,"[dropped 2026-09-18 by peetmate; note:screngrab failed, not enough context to make judgement] INAB Guatemala",page,,,,,,,dropped,2026-06-20.grey-af
ev_soildepth_inab_c3_aa,inab_landcap_guatemala,agroforestry,agroforestry__planted_silvoarable,soil_depth_to_bedrock,"{""abs_min"": 20, ""unit"": ""cm"", ""note"": ""Aa appears at depth ≥20cm (Am/Aa) for slopes <12 and 12-26; also at <20cm (sole Aa) for slope <12. CUADRO 3.""}","{""country"": ""Guatemala"", ""region"": ""Tierras Altas Volcánicas"", ""class_code"": ""Aa"", ""cuadro"": 3}",structural_suitability,literature_relationship,table,practice_technology,,medium,"CUADRO 3.
Matriz de capacidad de uso de la tierra
para la región ""Tierras Altas Volcánicas"".
 PROFUNDIDAD
DEL SUELO (cm)
<12
12 - 26
 26 - 36
36 – 55
> 55
>90
A
Am/Aa
Ss/Ap
Ap/F
F/Fp
50-90
A/Am
Am/Aa
Ss/Ap
Ap/F
F/Fp
20-50
Am/Aa
Ss/Ap
Ss/Ap
Ap/F
Fp
<20
Aa
Ss/F
Ss/Fp
Fp
Fp (English: CUADRO 3. Matrix for 'Highland Volcanic Lands'. SOIL DEPTH (cm) | <12 | 12-26 | 26-36 | 36-55 | >55; >90: A, Am/Aa, Ss/Ap, Ap/F, F/Fp; 50-90: A/Am, Am/Aa, Ss/Ap, Ap/F, F/Fp; 20-50: Am/Aa, Ss/Ap, Ss/Ap, Ap/F, Fp; <20: Aa, Ss/F, Ss/Fp, Fp, Fp)",30,false,Profundidad del suelo (cm),,,[dropped 2026-09-18 by peetmate; note:Cannot interpret not enough context and no caption.] INAB Guatemala,page,,,,,,,dropped,2026-06-20.grey-af
ev_slope_inab_c3_ap,inab_landcap_guatemala,agroforestry,agroforestry__shaded_perennial,slope,"{""abs_max"": 55, ""unit"": ""pct"", ""note"": ""Ap co-assigned at slope 26-36% (Ss/Ap, all depths) and slope 36-55% (Ap/F, depths >20cm). CUADRO 3, Tierras Altas Volcánicas.""}","{""country"": ""Guatemala"", ""region"": ""Tierras Altas Volcánicas"", ""class_code"": ""Ap"", ""cuadro"": 3}",structural_suitability,literature_relationship,table,practice_technology,,medium,"CUADRO 3.
Matriz de capacidad de uso de la tierra
para la región ""Tierras Altas Volcánicas"".
 PROFUNDIDAD
DEL SUELO (cm)
<12
12 - 26
 26 - 36
36 – 55
> 55
>90
A
Am/Aa
Ss/Ap
Ap/F
F/Fp
50-90
A/Am
Am/Aa
Ss/Ap
Ap/F
F/Fp
20-50
Am/Aa
Ss/Ap
Ss/Ap
Ap/F
Fp
<20
Aa
Ss/F
Ss/Fp
Fp
Fp (English: CUADRO 3. Matrix for 'Highland Volcanic Lands'. SOIL DEPTH (cm) | <12 | 12-26 | 26-36 | 36-55 | >55; >90: A, Am/Aa, Ss/Ap, Ap/F, F/Fp; 50-90: A/Am, Am/Aa, Ss/Ap, Ap/F, F/Fp; 20-50: Am/Aa, Ss/Ap, Ss/Ap, Ap/F, Fp; <20: Aa, Ss/F, Ss/Fp, Fp, Fp)",30,false,Pendiente (%),,,[dropped 2026-06-24 by peetmate; reason:constrained_aoi; note:INAB Guatemala land-capability classification assigns agroforestry as a residual/marginal-land bucket (what's left after prime agriculture + protection forest) — understates where AF is feasible + constrains the AOI. Down-graded per Pete 2026-06-24; not used for opportunity-space extent.] INAB Guatemala,page,,,,,,,dropped,2026-06-20.grey-af
ev_soildepth_inab_c3_ap,inab_landcap_guatemala,agroforestry,agroforestry__shaded_perennial,soil_depth_to_bedrock,"{""abs_min"": 20, ""unit"": ""cm"", ""note"": ""Ap absent at depth <20cm. Appears at 20-50, 50-90, >90cm in steeper slope classes. CUADRO 3.""}","{""country"": ""Guatemala"", ""region"": ""Tierras Altas Volcánicas"", ""class_code"": ""Ap"", ""cuadro"": 3}",structural_suitability,literature_relationship,table,practice_technology,,medium,"CUADRO 3.
Matriz de capacidad de uso de la tierra
para la región ""Tierras Altas Volcánicas"".
 PROFUNDIDAD
DEL SUELO (cm)
<12
12 - 26
 26 - 36
36 – 55
> 55
>90
A
Am/Aa
Ss/Ap
Ap/F
F/Fp
50-90
A/Am
Am/Aa
Ss/Ap
Ap/F
F/Fp
20-50
Am/Aa
Ss/Ap
Ss/Ap
Ap/F
Fp
<20
Aa
Ss/F
Ss/Fp
Fp
Fp (English: CUADRO 3. Matrix for 'Highland Volcanic Lands'. SOIL DEPTH (cm) | <12 | 12-26 | 26-36 | 36-55 | >55; >90: A, Am/Aa, Ss/Ap, Ap/F, F/Fp; 50-90: A/Am, Am/Aa, Ss/Ap, Ap/F, F/Fp; 20-50: Am/Aa, Ss/Ap, Ss/Ap, Ap/F, Fp; <20: Aa, Ss/F, Ss/Fp, Fp, Fp)",30,false,Profundidad del suelo (cm),,,[dropped 2026-06-24 by peetmate; reason:constrained_aoi; note:INAB Guatemala land-capability classification assigns agroforestry as a residual/marginal-land bucket (what's left after prime agriculture + protection forest) — understates where AF is feasible + constrains the AOI. Down-graded per Pete 2026-06-24; not used for opportunity-space extent.] INAB Guatemala,page,,,,,,,dropped,2026-06-20.grey-af
ev_slope_inab_c3_ss,inab_landcap_guatemala,agroforestry,agroforestry__silvopastoral,slope,"{""abs_max"": 36, ""unit"": ""pct"", ""note"": ""Ss co-assigned at slope 12-26% (depth 20-50: Ss/Ap; depth <20: Ss/F) and slope 26-36% (Ss/Ap at all depths; Ss/Fp at <20cm). CUADRO 3.""}","{""country"": ""Guatemala"", ""region"": ""Tierras Altas Volcánicas"", ""class_code"": ""Ss"", ""cuadro"": 3}",structural_suitability,literature_relationship,table,practice_technology,,medium,"CUADRO 3.
Matriz de capacidad de uso de la tierra
para la región ""Tierras Altas Volcánicas"".
 PROFUNDIDAD
DEL SUELO (cm)
<12
12 - 26
 26 - 36
36 – 55
> 55
>90
A
Am/Aa
Ss/Ap
Ap/F
F/Fp
50-90
A/Am
Am/Aa
Ss/Ap
Ap/F
F/Fp
20-50
Am/Aa
Ss/Ap
Ss/Ap
Ap/F
Fp
<20
Aa
Ss/F
Ss/Fp
Fp
Fp (English: CUADRO 3. Matrix for 'Highland Volcanic Lands'. SOIL DEPTH (cm) | <12 | 12-26 | 26-36 | 36-55 | >55; >90: A, Am/Aa, Ss/Ap, Ap/F, F/Fp; 50-90: A/Am, Am/Aa, Ss/Ap, Ap/F, F/Fp; 20-50: Am/Aa, Ss/Ap, Ss/Ap, Ap/F, Fp; <20: Aa, Ss/F, Ss/Fp, Fp, Fp)",30,false,Pendiente (%),,,[dropped 2026-06-24 by peetmate; reason:constrained_aoi; note:INAB Guatemala land-capability classification assigns agroforestry as a residual/marginal-land bucket (what's left after prime agriculture + protection forest) — understates where AF is feasible + constrains the AOI. Down-graded per Pete 2026-06-24; not used for opportunity-space extent.] INAB Guatemala,page,,,,,,,dropped,2026-06-20.grey-af
ev_soildepth_inab_c3_ss,inab_landcap_guatemala,agroforestry,agroforestry__silvopastoral,soil_depth_to_bedrock,"{""abs_max"": 90, ""unit"": ""cm"", ""note"": ""Ss appears at all depth classes at appropriate slopes (12-36%); Ss/Ap (20-50, 50-90, >90 at slope 26-36), Ss/F (<20, 12-26), Ss/Fp (<20, 26-36). CUADRO 3.""}","{""country"": ""Guatemala"", ""region"": ""Tierras Altas Volcánicas"", ""class_code"": ""Ss"", ""cuadro"": 3}",structural_suitability,literature_relationship,table,practice_technology,,medium,"CUADRO 3.
Matriz de capacidad de uso de la tierra
para la región ""Tierras Altas Volcánicas"".
 PROFUNDIDAD
DEL SUELO (cm)
<12
12 - 26
 26 - 36
36 – 55
> 55
>90
A
Am/Aa
Ss/Ap
Ap/F
F/Fp
50-90
A/Am
Am/Aa
Ss/Ap
Ap/F
F/Fp
20-50
Am/Aa
Ss/Ap
Ss/Ap
Ap/F
Fp
<20
Aa
Ss/F
Ss/Fp
Fp
Fp (English: CUADRO 3. Matrix for 'Highland Volcanic Lands'. SOIL DEPTH (cm) | <12 | 12-26 | 26-36 | 36-55 | >55; >90: A, Am/Aa, Ss/Ap, Ap/F, F/Fp; 50-90: A/Am, Am/Aa, Ss/Ap, Ap/F, F/Fp; 20-50: Am/Aa, Ss/Ap, Ss/Ap, Ap/F, Fp; <20: Aa, Ss/F, Ss/Fp, Fp, Fp)",30,false,Profundidad del suelo (cm),,,[dropped 2026-06-24 by peetmate; reason:constrained_aoi; note:INAB Guatemala land-capability classification assigns agroforestry as a residual/marginal-land bucket (what's left after prime agriculture + protection forest) — understates where AF is feasible + constrains the AOI. Down-graded per Pete 2026-06-24; not used for opportunity-space extent.] INAB Guatemala,page,,,,,,,dropped,2026-06-20.grey-af
ev_slope_inab_c4_aa,inab_landcap_guatemala,agroforestry,agroforestry__planted_silvoarable,slope,"{""abs_max"": 26, ""unit"": ""pct"", ""note"": ""Aa at slope <12% (depths ≥20cm: Am/Aa) and 12-26% (depths ≥50cm: Am/Aa; depth 20-50: Aa/Ss). Absent at slope ≥26%. CUADRO 4, Tierras metamórficas.""}","{""country"": ""Guatemala"", ""region"": ""Tierras metamórficas"", ""class_code"": ""Aa"", ""cuadro"": 4}",structural_suitability,literature_relationship,table,practice_technology,,medium,"CUADRO 4.
Matriz de capacidad de uso de la Tierra
para la Región ""Tierras metamórficas"".
PROFUNDIDAD
DEL SUELO (cm)
<12
12 - 26
 26 – 36
36 - 55
> 55
>90
A
Am/Aa
Ap/F
F/Fp
Fp
50-90
A
Am/Aa
Ap/F
F/Fp
Fp
20-50
Am/Aa
Aa/Ss
Ap/F
F/Fp
Fp
<20
Am/Aa
Ss
Fp
Fp
Fp (English: CUADRO 4. Matrix for 'Metamorphic Lands'. SOIL DEPTH (cm) | <12 | 12-26 | 26-36 | 36-55 | >55; >90: A, Am/Aa, Ap/F, F/Fp, Fp; 50-90: A, Am/Aa, Ap/F, F/Fp, Fp; 20-50: Am/Aa, Aa/Ss, Ap/F, F/Fp, Fp; <20: Am/Aa, Ss, Fp, Fp, Fp)",31,false,Pendiente (%),,,"[dropped 2026-09-18 by peetmate; note:screngrab failed, not enough context to make judgement] INAB Guatemala",page,,,,,,,dropped,2026-06-20.grey-af
ev_soildepth_inab_c4_aa,inab_landcap_guatemala,agroforestry,agroforestry__planted_silvoarable,soil_depth_to_bedrock,"{""abs_min"": 20, ""unit"": ""cm"", ""note"": ""Aa at depth ≥20cm for all applicable slopes (<12, 12-26%); also at <20cm with slope <12 (Am/Aa). CUADRO 4.""}","{""country"": ""Guatemala"", ""region"": ""Tierras metamórficas"", ""class_code"": ""Aa"", ""cuadro"": 4}",structural_suitability,literature_relationship,table,practice_technology,,medium,"CUADRO 4.
Matriz de capacidad de uso de la Tierra
para la Región ""Tierras metamórficas"".
PROFUNDIDAD
DEL SUELO (cm)
<12
12 - 26
 26 – 36
36 - 55
> 55
>90
A
Am/Aa
Ap/F
F/Fp
Fp
50-90
A
Am/Aa
Ap/F
F/Fp
Fp
20-50
Am/Aa
Aa/Ss
Ap/F
F/Fp
Fp
<20
Am/Aa
Ss
Fp
Fp
Fp (English: CUADRO 4. Matrix for 'Metamorphic Lands'. SOIL DEPTH (cm) | <12 | 12-26 | 26-36 | 36-55 | >55; >90: A, Am/Aa, Ap/F, F/Fp, Fp; 50-90: A, Am/Aa, Ap/F, F/Fp, Fp; 20-50: Am/Aa, Aa/Ss, Ap/F, F/Fp, Fp; <20: Am/Aa, Ss, Fp, Fp, Fp)",31,false,Profundidad del suelo (cm),,,"[dropped 2026-09-18 by peetmate; note:cannot interpret, not enough context or, no caption, table screengrab just shows a small box saying CUADRO 4.] INAB Guatemala",page,,,,,,,dropped,2026-06-20.grey-af
ev_slope_inab_c4_ap,inab_landcap_guatemala,agroforestry,agroforestry__shaded_perennial,slope,"{""abs_max"": 36, ""unit"": ""pct"", ""note"": ""Ap co-assigned at slope 26-36% (Ap/F) for depths ≥20cm. Absent below 26% and absent at >36%. CUADRO 4.""}","{""country"": ""Guatemala"", ""region"": ""Tierras metamórficas"", ""class_code"": ""Ap"", ""cuadro"": 4}",structural_suitability,literature_relationship,table,practice_technology,,medium,"CUADRO 4.
Matriz de capacidad de uso de la Tierra
para la Región ""Tierras metamórficas"".
PROFUNDIDAD
DEL SUELO (cm)
<12
12 - 26
 26 – 36
36 - 55
> 55
>90
A
Am/Aa
Ap/F
F/Fp
Fp
50-90
A
Am/Aa
Ap/F
F/Fp
Fp
20-50
Am/Aa
Aa/Ss
Ap/F
F/Fp
Fp
<20
Am/Aa
Ss
Fp
Fp
Fp (English: CUADRO 4. Matrix for 'Metamorphic Lands'. SOIL DEPTH (cm) | <12 | 12-26 | 26-36 | 36-55 | >55; >90: A, Am/Aa, Ap/F, F/Fp, Fp; 50-90: A, Am/Aa, Ap/F, F/Fp, Fp; 20-50: Am/Aa, Aa/Ss, Ap/F, F/Fp, Fp; <20: Am/Aa, Ss, Fp, Fp, Fp)",31,false,Pendiente (%),,,[dropped 2026-06-24 by peetmate; reason:constrained_aoi; note:INAB Guatemala land-capability classification assigns agroforestry as a residual/marginal-land bucket (what's left after prime agriculture + protection forest) — understates where AF is feasible + constrains the AOI. Down-graded per Pete 2026-06-24; not used for opportunity-space extent.] INAB Guatemala,page,,,,,,,dropped,2026-06-20.grey-af
ev_soildepth_inab_c4_ap,inab_landcap_guatemala,agroforestry,agroforestry__shaded_perennial,soil_depth_to_bedrock,"{""abs_min"": 20, ""unit"": ""cm"", ""note"": ""Ap (Ap/F) at depth ≥20cm with slope 26-36%. Absent at depth <20cm. CUADRO 4.""}","{""country"": ""Guatemala"", ""region"": ""Tierras metamórficas"", ""class_code"": ""Ap"", ""cuadro"": 4}",structural_suitability,literature_relationship,table,practice_technology,,medium,"CUADRO 4.
Matriz de capacidad de uso de la Tierra
para la Región ""Tierras metamórficas"".
PROFUNDIDAD
DEL SUELO (cm)
<12
12 - 26
 26 – 36
36 - 55
> 55
>90
A
Am/Aa
Ap/F
F/Fp
Fp
50-90
A
Am/Aa
Ap/F
F/Fp
Fp
20-50
Am/Aa
Aa/Ss
Ap/F
F/Fp
Fp
<20
Am/Aa
Ss
Fp
Fp
Fp (English: CUADRO 4. Matrix for 'Metamorphic Lands'. SOIL DEPTH (cm) | <12 | 12-26 | 26-36 | 36-55 | >55; >90: A, Am/Aa, Ap/F, F/Fp, Fp; 50-90: A, Am/Aa, Ap/F, F/Fp, Fp; 20-50: Am/Aa, Aa/Ss, Ap/F, F/Fp, Fp; <20: Am/Aa, Ss, Fp, Fp, Fp)",31,false,Profundidad del suelo (cm),,,[dropped 2026-06-24 by peetmate; reason:constrained_aoi; note:INAB Guatemala land-capability classification assigns agroforestry as a residual/marginal-land bucket (what's left after prime agriculture + protection forest) — understates where AF is feasible + constrains the AOI. Down-graded per Pete 2026-06-24; not used for opportunity-space extent.] INAB Guatemala,page,,,,,,,dropped,2026-06-20.grey-af
ev_slope_inab_c4_ss,inab_landcap_guatemala,agroforestry,agroforestry__silvopastoral,slope,"{""abs_max"": 26, ""unit"": ""pct"", ""note"": ""Ss at slope 12-26% (Aa/Ss at 20-50cm; sole Ss at <20cm). Absent at slope <12% and ≥26%. CUADRO 4.""}","{""country"": ""Guatemala"", ""region"": ""Tierras metamórficas"", ""class_code"": ""Ss"", ""cuadro"": 4}",structural_suitability,literature_relationship,table,practice_technology,,medium,"CUADRO 4.
Matriz de capacidad de uso de la Tierra
para la Región ""Tierras metamórficas"".
PROFUNDIDAD
DEL SUELO (cm)
<12
12 - 26
 26 – 36
36 - 55
> 55
>90
A
Am/Aa
Ap/F
F/Fp
Fp
50-90
A
Am/Aa
Ap/F
F/Fp
Fp
20-50
Am/Aa
Aa/Ss
Ap/F
F/Fp
Fp
<20
Am/Aa
Ss
Fp
Fp
Fp (English: CUADRO 4. Matrix for 'Metamorphic Lands'. SOIL DEPTH (cm) | <12 | 12-26 | 26-36 | 36-55 | >55; >90: A, Am/Aa, Ap/F, F/Fp, Fp; 50-90: A, Am/Aa, Ap/F, F/Fp, Fp; 20-50: Am/Aa, Aa/Ss, Ap/F, F/Fp, Fp; <20: Am/Aa, Ss, Fp, Fp, Fp)",31,false,Pendiente (%),,,[dropped 2026-06-24 by peetmate; reason:constrained_aoi; note:INAB Guatemala land-capability classification assigns agroforestry as a residual/marginal-land bucket (what's left after prime agriculture + protection forest) — understates where AF is feasible + constrains the AOI. Down-graded per Pete 2026-06-24; not used for opportunity-space extent.] INAB Guatemala,page,,,,,,,dropped,2026-06-20.grey-af
ev_soildepth_inab_c4_ss,inab_landcap_guatemala,agroforestry,agroforestry__silvopastoral,soil_depth_to_bedrock,"{""abs_max"": 50, ""unit"": ""cm"", ""note"": ""Ss at depth <20cm (sole Ss) and 20-50cm (Aa/Ss) for slope 12-26%. Absent at depth ≥50cm. CUADRO 4.""}","{""country"": ""Guatemala"", ""region"": ""Tierras metamórficas"", ""class_code"": ""Ss"", ""cuadro"": 4}",structural_suitability,literature_relationship,table,practice_technology,,medium,"CUADRO 4.
Matriz de capacidad de uso de la Tierra
para la Región ""Tierras metamórficas"".
PROFUNDIDAD
DEL SUELO (cm)
<12
12 - 26
 26 – 36
36 - 55
> 55
>90
A
Am/Aa
Ap/F
F/Fp
Fp
50-90
A
Am/Aa
Ap/F
F/Fp
Fp
20-50
Am/Aa
Aa/Ss
Ap/F
F/Fp
Fp
<20
Am/Aa
Ss
Fp
Fp
Fp (English: CUADRO 4. Matrix for 'Metamorphic Lands'. SOIL DEPTH (cm) | <12 | 12-26 | 26-36 | 36-55 | >55; >90: A, Am/Aa, Ap/F, F/Fp, Fp; 50-90: A, Am/Aa, Ap/F, F/Fp, Fp; 20-50: Am/Aa, Aa/Ss, Ap/F, F/Fp, Fp; <20: Am/Aa, Ss, Fp, Fp, Fp)",31,false,Profundidad del suelo (cm),,,[dropped 2026-06-24 by peetmate; reason:constrained_aoi; note:INAB Guatemala land-capability classification assigns agroforestry as a residual/marginal-land bucket (what's left after prime agriculture + protection forest) — understates where AF is feasible + constrains the AOI. Down-graded per Pete 2026-06-24; not used for opportunity-space extent.] INAB Guatemala,page,,,,,,,dropped,2026-06-20.grey-af
ev_slope_inab_c5_aa,inab_landcap_guatemala,agroforestry,agroforestry__planted_silvoarable,slope,"{""abs_max"": 32, ""unit"": ""pct"", ""note"": ""Aa at slope <8% (Am/Aa with depth 20-50; Aa/Ss with depth <20), 8-16% (Am/Aa with depth 20-50), 16-32% (Am/Aa with depth 50-90). Absent at slope ≥32%. CUADRO 5, Calizas Altas del Norte.""}","{""country"": ""Guatemala"", ""region"": ""Tierras Calizas Altas del Norte"", ""class_code"": ""Aa"", ""cuadro"": 5}",structural_suitability,literature_relationship,table,practice_technology,,medium,"CUADRO 5.
Matriz de capacidad de uso de la Tierra para
la región ""Tierras Calizas Altas del Norte"".
PROFUNDIDAD
DEL SUELO (cm)
< 8
8 - 16
 16 – 32
32 - 55
> 55
>90
A
A/Am
A m
Ap
F/Fp
50-90
A
A/Am
Am/Aa
Ap/F
F/Fp
20-50
Am/Aa
Am/Aa
Ss/Ap
F
Fp
<20
Aa/Ss
Ss/Ap
Ss/F
Fp
Fp (English: CUADRO 5. Matrix for 'Northern High Limestone Lands'. SOIL DEPTH (cm) | <8 | 8-16 | 16-32 | 32-55 | >55; >90: A, A/Am, Am, Ap, F/Fp; 50-90: A, A/Am, Am/Aa, Ap/F, F/Fp; 20-50: Am/Aa, Am/Aa, Ss/Ap, F, Fp; <20: Aa/Ss, Ss/Ap, Ss/F, Fp, Fp)",31,false,Pendiente (%),,,"[dropped 2026-09-18 by peetmate; note:screngrab failed, not enough context to make judgement] INAB Guatemala",page,,,,,,,dropped,2026-06-20.grey-af
ev_soildepth_inab_c5_aa,inab_landcap_guatemala,agroforestry,agroforestry__planted_silvoarable,soil_depth_to_bedrock,"{""abs_min"": 20, ""unit"": ""cm"", ""note"": ""Aa at depth ≥20cm (Am/Aa) and at <20cm (Aa/Ss, slope <8%). CUADRO 5.""}","{""country"": ""Guatemala"", ""region"": ""Tierras Calizas Altas del Norte"", ""class_code"": ""Aa"", ""cuadro"": 5}",structural_suitability,literature_relationship,table,practice_technology,,medium,"CUADRO 5.
Matriz de capacidad de uso de la Tierra para
la región ""Tierras Calizas Altas del Norte"".
PROFUNDIDAD
DEL SUELO (cm)
< 8
8 - 16
 16 – 32
32 - 55
> 55
>90
A
A/Am
A m
Ap
F/Fp
50-90
A
A/Am
Am/Aa
Ap/F
F/Fp
20-50
Am/Aa
Am/Aa
Ss/Ap
F
Fp
<20
Aa/Ss
Ss/Ap
Ss/F
Fp
Fp (English: CUADRO 5. Matrix for 'Northern High Limestone Lands'. SOIL DEPTH (cm) | <8 | 8-16 | 16-32 | 32-55 | >55; >90: A, A/Am, Am, Ap, F/Fp; 50-90: A, A/Am, Am/Aa, Ap/F, F/Fp; 20-50: Am/Aa, Am/Aa, Ss/Ap, F, Fp; <20: Aa/Ss, Ss/Ap, Ss/F, Fp, Fp)",31,false,Profundidad del suelo (cm),,,"[dropped 2026-09-18 by peetmate; reason:other; note:screen grab shows a tiny box saying cuadro only, no caption no context - cannot interpret. add issue for ""not enough context to allow review""] INAB Guatemala",page,,,,,,,dropped,2026-06-20.grey-af
ev_slope_inab_c5_ap,inab_landcap_guatemala,agroforestry,agroforestry__shaded_perennial,slope,"{""abs_max"": 55, ""unit"": ""pct"", ""note"": ""Ap at slope 32-55% (sole Ap at depth >90cm; Ap/F at depth 50-90cm). Also Ss/Ap at slope 8-16 and 16-32 with shallow depths. CUADRO 5.""}","{""country"": ""Guatemala"", ""region"": ""Tierras Calizas Altas del Norte"", ""class_code"": ""Ap"", ""cuadro"": 5}",structural_suitability,literature_relationship,table,practice_technology,,medium,"CUADRO 5.
Matriz de capacidad de uso de la Tierra para
la región ""Tierras Calizas Altas del Norte"".
PROFUNDIDAD
DEL SUELO (cm)
< 8
8 - 16
 16 – 32
32 - 55
> 55
>90
A
A/Am
A m
Ap
F/Fp
50-90
A
A/Am
Am/Aa
Ap/F
F/Fp
20-50
Am/Aa
Am/Aa
Ss/Ap
F
Fp
<20
Aa/Ss
Ss/Ap
Ss/F
Fp
Fp (English: CUADRO 5. Matrix for 'Northern High Limestone Lands'. SOIL DEPTH (cm) | <8 | 8-16 | 16-32 | 32-55 | >55; >90: A, A/Am, Am, Ap, F/Fp; 50-90: A, A/Am, Am/Aa, Ap/F, F/Fp; 20-50: Am/Aa, Am/Aa, Ss/Ap, F, Fp; <20: Aa/Ss, Ss/Ap, Ss/F, Fp, Fp)",31,false,Pendiente (%),,,[dropped 2026-06-24 by peetmate; reason:constrained_aoi; note:INAB Guatemala land-capability classification assigns agroforestry as a residual/marginal-land bucket (what's left after prime agriculture + protection forest) — understates where AF is feasible + constrains the AOI. Down-graded per Pete 2026-06-24; not used for opportunity-space extent.] INAB Guatemala,page,,,,,,,dropped,2026-06-20.grey-af
ev_soildepth_inab_c5_ap,inab_landcap_guatemala,agroforestry,agroforestry__shaded_perennial,soil_depth_to_bedrock,"{""abs_min"": 20, ""unit"": ""cm"", ""note"": ""Ap at depth ≥20cm (Ss/Ap at slopes 8-16, 16-32) and ≥50cm (Ap, Ap/F at slopes 32-55). Also Ss/Ap at depth <20, slope 8-16. CUADRO 5.""}","{""country"": ""Guatemala"", ""region"": ""Tierras Calizas Altas del Norte"", ""class_code"": ""Ap"", ""cuadro"": 5}",structural_suitability,literature_relationship,table,practice_technology,,medium,"CUADRO 5.
Matriz de capacidad de uso de la Tierra para
la región ""Tierras Calizas Altas del Norte"".
PROFUNDIDAD
DEL SUELO (cm)
< 8
8 - 16
 16 – 32
32 - 55
> 55
>90
A
A/Am
A m
Ap
F/Fp
50-90
A
A/Am
Am/Aa
Ap/F
F/Fp
20-50
Am/Aa
Am/Aa
Ss/Ap
F
Fp
<20
Aa/Ss
Ss/Ap
Ss/F
Fp
Fp (English: CUADRO 5. Matrix for 'Northern High Limestone Lands'. SOIL DEPTH (cm) | <8 | 8-16 | 16-32 | 32-55 | >55; >90: A, A/Am, Am, Ap, F/Fp; 50-90: A, A/Am, Am/Aa, Ap/F, F/Fp; 20-50: Am/Aa, Am/Aa, Ss/Ap, F, Fp; <20: Aa/Ss, Ss/Ap, Ss/F, Fp, Fp)",31,false,Profundidad del suelo (cm),,,[dropped 2026-06-24 by peetmate; reason:constrained_aoi; note:INAB Guatemala land-capability classification assigns agroforestry as a residual/marginal-land bucket (what's left after prime agriculture + protection forest) — understates where AF is feasible + constrains the AOI. Down-graded per Pete 2026-06-24; not used for opportunity-space extent.] INAB Guatemala,page,,,,,,,dropped,2026-06-20.grey-af
ev_slope_inab_c5_ss,inab_landcap_guatemala,agroforestry,agroforestry__silvopastoral,slope,"{""abs_max"": 32, ""unit"": ""pct"", ""note"": ""Ss at slope <8 (Aa/Ss depth <20), 8-16 (Ss/Ap depth <20), 16-32 (Ss/Ap depth 20-50; Ss/F depth <20). CUADRO 5.""}","{""country"": ""Guatemala"", ""region"": ""Tierras Calizas Altas del Norte"", ""class_code"": ""Ss"", ""cuadro"": 5}",structural_suitability,literature_relationship,table,practice_technology,,medium,"CUADRO 5.
Matriz de capacidad de uso de la Tierra para
la región ""Tierras Calizas Altas del Norte"".
PROFUNDIDAD
DEL SUELO (cm)
< 8
8 - 16
 16 – 32
32 - 55
> 55
>90
A
A/Am
A m
Ap
F/Fp
50-90
A
A/Am
Am/Aa
Ap/F
F/Fp
20-50
Am/Aa
Am/Aa
Ss/Ap
F
Fp
<20
Aa/Ss
Ss/Ap
Ss/F
Fp
Fp (English: CUADRO 5. Matrix for 'Northern High Limestone Lands'. SOIL DEPTH (cm) | <8 | 8-16 | 16-32 | 32-55 | >55; >90: A, A/Am, Am, Ap, F/Fp; 50-90: A, A/Am, Am/Aa, Ap/F, F/Fp; 20-50: Am/Aa, Am/Aa, Ss/Ap, F, Fp; <20: Aa/Ss, Ss/Ap, Ss/F, Fp, Fp)",31,false,Pendiente (%),,,[dropped 2026-06-24 by peetmate; reason:constrained_aoi; note:INAB Guatemala land-capability classification assigns agroforestry as a residual/marginal-land bucket (what's left after prime agriculture + protection forest) — understates where AF is feasible + constrains the AOI. Down-graded per Pete 2026-06-24; not used for opportunity-space extent.] INAB Guatemala,page,,,,,,,dropped,2026-06-20.grey-af
ev_soildepth_inab_c5_ss,inab_landcap_guatemala,agroforestry,agroforestry__silvopastoral,soil_depth_to_bedrock,"{""abs_max"": 50, ""unit"": ""cm"", ""note"": ""Ss primarily at depth <20cm (Aa/Ss, Ss/Ap, Ss/F) and at 20-50cm (Ss/Ap slope 16-32). Absent at depth >50cm. CUADRO 5.""}","{""country"": ""Guatemala"", ""region"": ""Tierras Calizas Altas del Norte"", ""class_code"": ""Ss"", ""cuadro"": 5}",structural_suitability,literature_relationship,table,practice_technology,,medium,"CUADRO 5.
Matriz de capacidad de uso de la Tierra para
la región ""Tierras Calizas Altas del Norte"".
PROFUNDIDAD
DEL SUELO (cm)
< 8
8 - 16
 16 – 32
32 - 55
> 55
>90
A
A/Am
A m
Ap
F/Fp
50-90
A
A/Am
Am/Aa
Ap/F
F/Fp
20-50
Am/Aa
Am/Aa
Ss/Ap
F
Fp
<20
Aa/Ss
Ss/Ap
Ss/F
Fp
Fp (English: CUADRO 5. Matrix for 'Northern High Limestone Lands'. SOIL DEPTH (cm) | <8 | 8-16 | 16-32 | 32-55 | >55; >90: A, A/Am, Am, Ap, F/Fp; 50-90: A, A/Am, Am/Aa, Ap/F, F/Fp; 20-50: Am/Aa, Am/Aa, Ss/Ap, F, Fp; <20: Aa/Ss, Ss/Ap, Ss/F, Fp, Fp)",31,false,Profundidad del suelo (cm),,,[dropped 2026-06-24 by peetmate; reason:constrained_aoi; note:INAB Guatemala land-capability classification assigns agroforestry as a residual/marginal-land bucket (what's left after prime agriculture + protection forest) — understates where AF is feasible + constrains the AOI. Down-graded per Pete 2026-06-24; not used for opportunity-space extent.] INAB Guatemala,page,,,,,,,dropped,2026-06-20.grey-af
ev_slope_inab_c6_aa,inab_landcap_guatemala,agroforestry,agroforestry__planted_silvoarable,slope,"{""abs_max"": 32, ""unit"": ""pct"", ""note"": ""Aa at slope <4% (Aa/Ap, depth <20cm), 4-8% (Aa/Ap, depth <20cm), 8-16% (Aa/Ss/Ap, depth 20-50cm), 16-32% (Am/Aa, depth 50-90cm). CUADRO 6, Calizas Bajas del Norte.""}","{""country"": ""Guatemala"", ""region"": ""Tierras Calizas Bajas del Norte"", ""class_code"": ""Aa"", ""cuadro"": 6}",structural_suitability,literature_relationship,table,practice_technology,,medium,"CUADRO 6.
Matriz de capacidad de uso de la Tierra para
la región ""Tierras Calizas Bajas del Norte"".
 PROFUNDIDAD
DEL SUELO (cm)
< 4
4 - 8
 8 – 16
16 - 32
> 32
>90
A
A
A/Am
A m
Ap
50-90
A
A
A m
Am/Aa
Ap/F
20-50
A/Am
Am/Ap
Aa/Ss/Ap
Ss/Ap
F/Fp
<20
Aa/Ap
Aa/Ap
Ss/Ap
F/Fp
Fp (English: CUADRO 6. Matrix for 'Northern Low Limestone Lands'. SOIL DEPTH (cm) | <4 | 4-8 | 8-16 | 16-32 | >32; >90: A, A, A/Am, Am, Ap; 50-90: A, A, Am, Am/Aa, Ap/F; 20-50: A/Am, Am/Ap, Aa/Ss/Ap, Ss/Ap, F/Fp; <20: Aa/Ap, Aa/Ap, Ss/Ap, F/Fp, Fp)",32,false,Pendiente (%),,,"[dropped 2026-09-18 by peetmate; note:screngrab failed, not enough context to make judgement] INAB Guatemala",page,,,,,,,dropped,2026-06-20.grey-af
ev_soildepth_inab_c6_aa,inab_landcap_guatemala,agroforestry,agroforestry__planted_silvoarable,soil_depth_to_bedrock,"{""abs_min"": 20, ""unit"": ""cm"", ""note"": ""Aa at depth ≥20cm (Aa/Ss/Ap; Am/Aa at 50-90cm). Also at depth <20cm co-assigned (Aa/Ap). CUADRO 6.""}","{""country"": ""Guatemala"", ""region"": ""Tierras Calizas Bajas del Norte"", ""class_code"": ""Aa"", ""cuadro"": 6}",structural_suitability,literature_relationship,table,practice_technology,,medium,"CUADRO 6.
Matriz de capacidad de uso de la Tierra para
la región ""Tierras Calizas Bajas del Norte"".
 PROFUNDIDAD
DEL SUELO (cm)
< 4
4 - 8
 8 – 16
16 - 32
> 32
>90
A
A
A/Am
A m
Ap
50-90
A
A
A m
Am/Aa
Ap/F
20-50
A/Am
Am/Ap
Aa/Ss/Ap
Ss/Ap
F/Fp
<20
Aa/Ap
Aa/Ap
Ss/Ap
F/Fp
Fp (English: CUADRO 6. Matrix for 'Northern Low Limestone Lands'. SOIL DEPTH (cm) | <4 | 4-8 | 8-16 | 16-32 | >32; >90: A, A, A/Am, Am, Ap; 50-90: A, A, Am, Am/Aa, Ap/F; 20-50: A/Am, Am/Ap, Aa/Ss/Ap, Ss/Ap, F/Fp; <20: Aa/Ap, Aa/Ap, Ss/Ap, F/Fp, Fp)",32,false,Profundidad del suelo (cm),,,"[dropped 2026-09-18 by peetmate; reason:other; note:screen grab shows a tiny box saying cuadro only, no caption no context - cannot interpret. add issue for ""not enough context to allow review""] INAB Guatemala",page,,,,,,,dropped,2026-06-20.grey-af
ev_slope_inab_c6_ap,inab_landcap_guatemala,agroforestry,agroforestry__shaded_perennial,slope,"{""abs_max"": 32, ""unit"": ""pct"", ""note"": ""Ap at slope >32% (sole Ap at depth >90; Ap/F at depth 50-90); also co-assigned at slope <4 to 16-32% at various depths (Aa/Ap, Am/Ap, Aa/Ss/Ap, Ss/Ap). CUADRO 6.""}","{""country"": ""Guatemala"", ""region"": ""Tierras Calizas Bajas del Norte"", ""class_code"": ""Ap"", ""cuadro"": 6}",structural_suitability,literature_relationship,table,practice_technology,,medium,"CUADRO 6.
Matriz de capacidad de uso de la Tierra para
la región ""Tierras Calizas Bajas del Norte"".
 PROFUNDIDAD
DEL SUELO (cm)
< 4
4 - 8
 8 – 16
16 - 32
> 32
>90
A
A
A/Am
A m
Ap
50-90
A
A
A m
Am/Aa
Ap/F
20-50
A/Am
Am/Ap
Aa/Ss/Ap
Ss/Ap
F/Fp
<20
Aa/Ap
Aa/Ap
Ss/Ap
F/Fp
Fp (English: CUADRO 6. Matrix for 'Northern Low Limestone Lands'. SOIL DEPTH (cm) | <4 | 4-8 | 8-16 | 16-32 | >32; >90: A, A, A/Am, Am, Ap; 50-90: A, A, Am, Am/Aa, Ap/F; 20-50: A/Am, Am/Ap, Aa/Ss/Ap, Ss/Ap, F/Fp; <20: Aa/Ap, Aa/Ap, Ss/Ap, F/Fp, Fp)",32,false,Pendiente (%),,,[dropped 2026-06-24 by peetmate; reason:constrained_aoi; note:INAB Guatemala land-capability classification assigns agroforestry as a residual/marginal-land bucket (what's left after prime agriculture + protection forest) — understates where AF is feasible + constrains the AOI. Down-graded per Pete 2026-06-24; not used for opportunity-space extent.] INAB Guatemala,page,,,,,,,dropped,2026-06-20.grey-af
ev_soildepth_inab_c6_ap,inab_landcap_guatemala,agroforestry,agroforestry__shaded_perennial,soil_depth_to_bedrock,"{""abs_min"": 20, ""unit"": ""cm"", ""note"": ""Ap present at depth ≥20cm (many slope classes) and at <20cm (Aa/Ap at slope <4 and 4-8; Ss/Ap at slope 8-16). CUADRO 6.""}","{""country"": ""Guatemala"", ""region"": ""Tierras Calizas Bajas del Norte"", ""class_code"": ""Ap"", ""cuadro"": 6}",structural_suitability,literature_relationship,table,practice_technology,,medium,"CUADRO 6.
Matriz de capacidad de uso de la Tierra para
la región ""Tierras Calizas Bajas del Norte"".
 PROFUNDIDAD
DEL SUELO (cm)
< 4
4 - 8
 8 – 16
16 - 32
> 32
>90
A
A
A/Am
A m
Ap
50-90
A
A
A m
Am/Aa
Ap/F
20-50
A/Am
Am/Ap
Aa/Ss/Ap
Ss/Ap
F/Fp
<20
Aa/Ap
Aa/Ap
Ss/Ap
F/Fp
Fp (English: CUADRO 6. Matrix for 'Northern Low Limestone Lands'. SOIL DEPTH (cm) | <4 | 4-8 | 8-16 | 16-32 | >32; >90: A, A, A/Am, Am, Ap; 50-90: A, A, Am, Am/Aa, Ap/F; 20-50: A/Am, Am/Ap, Aa/Ss/Ap, Ss/Ap, F/Fp; <20: Aa/Ap, Aa/Ap, Ss/Ap, F/Fp, Fp)",32,false,Profundidad del suelo (cm),,,[dropped 2026-06-24 by peetmate; reason:constrained_aoi; note:INAB Guatemala land-capability classification assigns agroforestry as a residual/marginal-land bucket (what's left after prime agriculture + protection forest) — understates where AF is feasible + constrains the AOI. Down-graded per Pete 2026-06-24; not used for opportunity-space extent.] INAB Guatemala,page,,,,,,,dropped,2026-06-20.grey-af
ev_slope_inab_c6_ss,inab_landcap_guatemala,agroforestry,agroforestry__silvopastoral,slope,"{""abs_max"": 32, ""unit"": ""pct"", ""note"": ""Ss at slope 8-16% (Aa/Ss/Ap depth 20-50; Ss/Ap depth <20) and 16-32% (Ss/Ap depth 20-50; absent at >32%). CUADRO 6.""}","{""country"": ""Guatemala"", ""region"": ""Tierras Calizas Bajas del Norte"", ""class_code"": ""Ss"", ""cuadro"": 6}",structural_suitability,literature_relationship,table,practice_technology,,medium,"CUADRO 6.
Matriz de capacidad de uso de la Tierra para
la región ""Tierras Calizas Bajas del Norte"".
 PROFUNDIDAD
DEL SUELO (cm)
< 4
4 - 8
 8 – 16
16 - 32
> 32
>90
A
A
A/Am
A m
Ap
50-90
A
A
A m
Am/Aa
Ap/F
20-50
A/Am
Am/Ap
Aa/Ss/Ap
Ss/Ap
F/Fp
<20
Aa/Ap
Aa/Ap
Ss/Ap
F/Fp
Fp (English: CUADRO 6. Matrix for 'Northern Low Limestone Lands'. SOIL DEPTH (cm) | <4 | 4-8 | 8-16 | 16-32 | >32; >90: A, A, A/Am, Am, Ap; 50-90: A, A, Am, Am/Aa, Ap/F; 20-50: A/Am, Am/Ap, Aa/Ss/Ap, Ss/Ap, F/Fp; <20: Aa/Ap, Aa/Ap, Ss/Ap, F/Fp, Fp)",32,false,Pendiente (%),,,[dropped 2026-06-24 by peetmate; reason:constrained_aoi; note:INAB Guatemala land-capability classification assigns agroforestry as a residual/marginal-land bucket (what's left after prime agriculture + protection forest) — understates where AF is feasible + constrains the AOI. Down-graded per Pete 2026-06-24; not used for opportunity-space extent.] INAB Guatemala,page,,,,,,,dropped,2026-06-20.grey-af
ev_soildepth_inab_c6_ss,inab_landcap_guatemala,agroforestry,agroforestry__silvopastoral,soil_depth_to_bedrock,"{""abs_max"": 50, ""unit"": ""cm"", ""note"": ""Ss at depth <20cm (Ss/Ap) and 20-50cm (Aa/Ss/Ap, Ss/Ap). Absent at depth ≥50cm. CUADRO 6.""}","{""country"": ""Guatemala"", ""region"": ""Tierras Calizas Bajas del Norte"", ""class_code"": ""Ss"", ""cuadro"": 6}",structural_suitability,literature_relationship,table,practice_technology,,medium,"CUADRO 6.
Matriz de capacidad de uso de la Tierra para
la región ""Tierras Calizas Bajas del Norte"".
 PROFUNDIDAD
DEL SUELO (cm)
< 4
4 - 8
 8 – 16
16 - 32
> 32
>90
A
A
A/Am
A m
Ap
50-90
A
A
A m
Am/Aa
Ap/F
20-50
A/Am
Am/Ap
Aa/Ss/Ap
Ss/Ap
F/Fp
<20
Aa/Ap
Aa/Ap
Ss/Ap
F/Fp
Fp (English: CUADRO 6. Matrix for 'Northern Low Limestone Lands'. SOIL DEPTH (cm) | <4 | 4-8 | 8-16 | 16-32 | >32; >90: A, A, A/Am, Am, Ap; 50-90: A, A, Am, Am/Aa, Ap/F; 20-50: A/Am, Am/Ap, Aa/Ss/Ap, Ss/Ap, F/Fp; <20: Aa/Ap, Aa/Ap, Ss/Ap, F/Fp, Fp)",32,false,Profundidad del suelo (cm),,,[dropped 2026-06-24 by peetmate; reason:constrained_aoi; note:INAB Guatemala land-capability classification assigns agroforestry as a residual/marginal-land bucket (what's left after prime agriculture + protection forest) — understates where AF is feasible + constrains the AOI. Down-graded per Pete 2026-06-24; not used for opportunity-space extent.] INAB Guatemala,page,,,,,,,dropped,2026-06-20.grey-af
ev_slope_inab_c7_aa,inab_landcap_guatemala,agroforestry,agroforestry__planted_silvoarable,slope,"{""abs_max"": 32, ""unit"": ""pct"", ""note"": ""Aa at slope 8-16% (Aa/Ss/Ap, depth 20-50cm) and 16-32% (Am/Aa, depth 50-90cm). Absent at <8% and >32%. CUADRO 7, Llanuras de Inundación del Norte.""}","{""country"": ""Guatemala"", ""region"": ""Tierras de las Llanuras de Inundación del Norte"", ""class_code"": ""Aa"", ""cuadro"": 7}",structural_suitability,literature_relationship,table,practice_technology,,medium,"CUADRO 7.
Matriz de capacidad de uso de la tierra
para la región ""Tierras  de las Llanuras
de Inundación del Norte"".
PROFUNDIDAD
DEL SUELO (cm)
< 8
 8 – 16
16 – 32
> 32
>90
A
A/Am
Ap
Ap/F
50-90
A
A m
Am/Aa
Ap/F
20-50
A/Am
Aa/Ss/Ap
Ss/Ap
F/Fp
<20
Am/Ap
Ss/Ap
F/Fp
Fp (English: CUADRO 7. Matrix for 'Northern Flood Plains'. SOIL DEPTH (cm) | <8 | 8-16 | 16-32 | >32; >90: A, A/Am, Ap, Ap/F; 50-90: A, Am, Am/Aa, Ap/F; 20-50: A/Am, Aa/Ss/Ap, Ss/Ap, F/Fp; <20: Am/Ap, Ss/Ap, F/Fp, Fp)",32,false,Pendiente (%),,,[dropped 2026-09-18 by peetmate; reason:other; note:not enough context to make judgement] INAB Guatemala,page,,,,,,,dropped,2026-06-20.grey-af
ev_soildepth_inab_c7_aa,inab_landcap_guatemala,agroforestry,agroforestry__planted_silvoarable,soil_depth_to_bedrock,"{""abs_min"": 20, ""unit"": ""cm"", ""note"": ""Aa at depth 20-50cm (slope 8-16) and 50-90cm (slope 16-32). Absent at depth <20cm or >90cm. CUADRO 7.""}","{""country"": ""Guatemala"", ""region"": ""Tierras de las Llanuras de Inundación del Norte"", ""class_code"": ""Aa"", ""cuadro"": 7}",structural_suitability,literature_relationship,table,practice_technology,,medium,"CUADRO 7.
Matriz de capacidad de uso de la tierra
para la región ""Tierras  de las Llanuras
de Inundación del Norte"".
PROFUNDIDAD
DEL SUELO (cm)
< 8
 8 – 16
16 – 32
> 32
>90
A
A/Am
Ap
Ap/F
50-90
A
A m
Am/Aa
Ap/F
20-50
A/Am
Aa/Ss/Ap
Ss/Ap
F/Fp
<20
Am/Ap
Ss/Ap
F/Fp
Fp (English: CUADRO 7. Matrix for 'Northern Flood Plains'. SOIL DEPTH (cm) | <8 | 8-16 | 16-32 | >32; >90: A, A/Am, Ap, Ap/F; 50-90: A, Am, Am/Aa, Ap/F; 20-50: A/Am, Aa/Ss/Ap, Ss/Ap, F/Fp; <20: Am/Ap, Ss/Ap, F/Fp, Fp)",32,false,Profundidad del suelo (cm),,,"[dropped 2026-09-18 by peetmate; reason:other; note:no caption no context fro screengrabbed table - cannot interpret. add issue for ""not enough context to allow review""] INAB Guatemala",page,,,,,,,dropped,2026-06-20.grey-af
ev_slope_inab_c7_ap,inab_landcap_guatemala,agroforestry,agroforestry__shaded_perennial,slope,"{""abs_max"": 32, ""unit"": ""pct"", ""note"": ""Ap sole at slope 16-32% / depth >90cm; Ap/F at slope >32% / depths ≥50cm; also co-assigned at 8-16% depth 20-50 and <8% depth <20. CUADRO 7.""}","{""country"": ""Guatemala"", ""region"": ""Tierras de las Llanuras de Inundación del Norte"", ""class_code"": ""Ap"", ""cuadro"": 7}",structural_suitability,literature_relationship,table,practice_technology,,medium,"CUADRO 7.
Matriz de capacidad de uso de la tierra
para la región ""Tierras  de las Llanuras
de Inundación del Norte"".
PROFUNDIDAD
DEL SUELO (cm)
< 8
 8 – 16
16 – 32
> 32
>90
A
A/Am
Ap
Ap/F
50-90
A
A m
Am/Aa
Ap/F
20-50
A/Am
Aa/Ss/Ap
Ss/Ap
F/Fp
<20
Am/Ap
Ss/Ap
F/Fp
Fp (English: CUADRO 7. Matrix for 'Northern Flood Plains'. SOIL DEPTH (cm) | <8 | 8-16 | 16-32 | >32; >90: A, A/Am, Ap, Ap/F; 50-90: A, Am, Am/Aa, Ap/F; 20-50: A/Am, Aa/Ss/Ap, Ss/Ap, F/Fp; <20: Am/Ap, Ss/Ap, F/Fp, Fp)",32,false,Pendiente (%),,,[dropped 2026-06-24 by peetmate; reason:constrained_aoi; note:INAB Guatemala land-capability classification assigns agroforestry as a residual/marginal-land bucket (what's left after prime agriculture + protection forest) — understates where AF is feasible + constrains the AOI. Down-graded per Pete 2026-06-24; not used for opportunity-space extent.] INAB Guatemala,page,,,,,,,dropped,2026-06-20.grey-af
ev_soildepth_inab_c7_ap,inab_landcap_guatemala,agroforestry,agroforestry__shaded_perennial,soil_depth_to_bedrock,"{""abs_min"": 20, ""unit"": ""cm"", ""note"": ""Ap at depth ≥20cm for steeper slopes (Ap/F, Ap) and at depth <20cm (Am/Ap, Ss/Ap in co-assignment). CUADRO 7.""}","{""country"": ""Guatemala"", ""region"": ""Tierras de las Llanuras de Inundación del Norte"", ""class_code"": ""Ap"", ""cuadro"": 7}",structural_suitability,literature_relationship,table,practice_technology,,medium,"CUADRO 7.
Matriz de capacidad de uso de la tierra
para la región ""Tierras  de las Llanuras
de Inundación del Norte"".
PROFUNDIDAD
DEL SUELO (cm)
< 8
 8 – 16
16 – 32
> 32
>90
A
A/Am
Ap
Ap/F
50-90
A
A m
Am/Aa
Ap/F
20-50
A/Am
Aa/Ss/Ap
Ss/Ap
F/Fp
<20
Am/Ap
Ss/Ap
F/Fp
Fp (English: CUADRO 7. Matrix for 'Northern Flood Plains'. SOIL DEPTH (cm) | <8 | 8-16 | 16-32 | >32; >90: A, A/Am, Ap, Ap/F; 50-90: A, Am, Am/Aa, Ap/F; 20-50: A/Am, Aa/Ss/Ap, Ss/Ap, F/Fp; <20: Am/Ap, Ss/Ap, F/Fp, Fp)",32,false,Profundidad del suelo (cm),,,[dropped 2026-06-24 by peetmate; reason:constrained_aoi; note:INAB Guatemala land-capability classification assigns agroforestry as a residual/marginal-land bucket (what's left after prime agriculture + protection forest) — understates where AF is feasible + constrains the AOI. Down-graded per Pete 2026-06-24; not used for opportunity-space extent.] INAB Guatemala,page,,,,,,,dropped,2026-06-20.grey-af
ev_slope_inab_c7_ss,inab_landcap_guatemala,agroforestry,agroforestry__silvopastoral,slope,"{""abs_max"": 32, ""unit"": ""pct"", ""note"": ""Ss at slope 8-16% (Aa/Ss/Ap depth 20-50; Ss/Ap depth <20) and 16-32% (Ss/Ap depth 20-50). Absent at slope <8% and >32%. CUADRO 7.""}","{""country"": ""Guatemala"", ""region"": ""Tierras de las Llanuras de Inundación del Norte"", ""class_code"": ""Ss"", ""cuadro"": 7}",structural_suitability,literature_relationship,table,practice_technology,,medium,"CUADRO 7.
Matriz de capacidad de uso de la tierra
para la región ""Tierras  de las Llanuras
de Inundación del Norte"".
PROFUNDIDAD
DEL SUELO (cm)
< 8
 8 – 16
16 – 32
> 32
>90
A
A/Am
Ap
Ap/F
50-90
A
A m
Am/Aa
Ap/F
20-50
A/Am
Aa/Ss/Ap
Ss/Ap
F/Fp
<20
Am/Ap
Ss/Ap
F/Fp
Fp (English: CUADRO 7. Matrix for 'Northern Flood Plains'. SOIL DEPTH (cm) | <8 | 8-16 | 16-32 | >32; >90: A, A/Am, Ap, Ap/F; 50-90: A, Am, Am/Aa, Ap/F; 20-50: A/Am, Aa/Ss/Ap, Ss/Ap, F/Fp; <20: Am/Ap, Ss/Ap, F/Fp, Fp)",32,false,Pendiente (%),,,[dropped 2026-06-24 by peetmate; reason:constrained_aoi; note:INAB Guatemala land-capability classification assigns agroforestry as a residual/marginal-land bucket (what's left after prime agriculture + protection forest) — understates where AF is feasible + constrains the AOI. Down-graded per Pete 2026-06-24; not used for opportunity-space extent.] INAB Guatemala,page,,,,,,,dropped,2026-06-20.grey-af
ev_soildepth_inab_c7_ss,inab_landcap_guatemala,agroforestry,agroforestry__silvopastoral,soil_depth_to_bedrock,"{""abs_max"": 50, ""unit"": ""cm"", ""note"": ""Ss at depth <20cm (Ss/Ap) and 20-50cm (Aa/Ss/Ap, Ss/Ap). Absent at depth ≥50cm. CUADRO 7.""}","{""country"": ""Guatemala"", ""region"": ""Tierras de las Llanuras de Inundación del Norte"", ""class_code"": ""Ss"", ""cuadro"": 7}",structural_suitability,literature_relationship,table,practice_technology,,medium,"CUADRO 7.
Matriz de capacidad de uso de la tierra
para la región ""Tierras  de las Llanuras
de Inundación del Norte"".
PROFUNDIDAD
DEL SUELO (cm)
< 8
 8 – 16
16 – 32
> 32
>90
A
A/Am
Ap
Ap/F
50-90
A
A m
Am/Aa
Ap/F
20-50
A/Am
Aa/Ss/Ap
Ss/Ap
F/Fp
<20
Am/Ap
Ss/Ap
F/Fp
Fp (English: CUADRO 7. Matrix for 'Northern Flood Plains'. SOIL DEPTH (cm) | <8 | 8-16 | 16-32 | >32; >90: A, A/Am, Ap, Ap/F; 50-90: A, Am, Am/Aa, Ap/F; 20-50: A/Am, Aa/Ss/Ap, Ss/Ap, F/Fp; <20: Am/Ap, Ss/Ap, F/Fp, Fp)",32,false,Profundidad del suelo (cm),,,[dropped 2026-06-24 by peetmate; reason:constrained_aoi; note:INAB Guatemala land-capability classification assigns agroforestry as a residual/marginal-land bucket (what's left after prime agriculture + protection forest) — understates where AF is feasible + constrains the AOI. Down-graded per Pete 2026-06-24; not used for opportunity-space extent.] INAB Guatemala,page,,,,,,,dropped,2026-06-20.grey-af
ev_slope_inab_p92_aa_example,inab_landcap_guatemala,agroforestry,agroforestry__planted_silvoarable,slope,"{""example_value"": 22, ""unit"": ""pct"", ""note"": ""Field example: slope 22% with depth >90cm classified as Aa. Purulhá, Baja Verapaz, Guatemala.""}","{""country"": ""Guatemala"", ""location"": ""Purulhá, Baja Verapaz"", ""class_code"": ""Aa""}",structural_suitability,literature_relationship,primary_measured,practice_technology,,high,"El área señalada, cuya
pendiente es de 22 % y profundidad efectiva
del suelo mayor de 90
cm. sin problemas de pedregosidad o drenaje,
fue clasificada como
Aa. (English: The indicated area, whose slope is 22% and effective soil depth greater than 90 cm, with no problems of stoniness or drainage, was classified as Aa.)",92,false,Pendiente (%),,,[dropped 2026-09-18 by peetmate; reason:other; note:not enough context to understand if this about suitability or a site specific description. What does Aa mean?],page,,,,,,,dropped,2026-06-20.grey-af
ev_soildepth_inab_p92_aa_example,inab_landcap_guatemala,agroforestry,agroforestry__planted_silvoarable,soil_depth_to_bedrock,"{""abs_min"": 90, ""unit"": ""cm"", ""note"": ""Field example: depth >90cm with slope 22% classified as Aa. Purulhá, Baja Verapaz, Guatemala.""}","{""country"": ""Guatemala"", ""location"": ""Purulhá, Baja Verapaz"", ""class_code"": ""Aa""}",structural_suitability,literature_relationship,primary_measured,practice_technology,,high,"El área señalada, cuya
pendiente es de 22 % y profundidad efectiva
del suelo mayor de 90
cm. sin problemas de pedregosidad o drenaje,
fue clasificada como
Aa. (English: The indicated area, whose slope is 22% and effective soil depth greater than 90 cm, with no problems of stoniness or drainage, was classified as Aa.)",92,true,Profundidad efectiva del suelo (cm),,,"[reviewed 2026-09-18 by peetmate; reason:other; note:a rather site specific paper, note to review if this is too context specific to be useful or if the information should be given a regional/national flag.] [dropped 2026-06-24 by peetmate; reason:constrained_aoi; note:INAB Guatemala land-capability classification assigns agroforestry as a residual/marginal-land bucket (what's left after prime agriculture + protection forest) — understates where AF is feasible + constrains the AOI. Down-graded per Pete 2026-06-24; not used for opportunity-space extent.]",page,,,,,,,,2026-06-20.grey-af
EV_crs_fmnr_niger_2025_001,crs_fmnr_niger_2025,agroforestry,agroforestry__regeneration_farmland,rootstock_presence,,"{""country"": ""Niger"", ""aez"": ""semi_arid""}",structural_suitability,literature_relationship,primary_measured,practice_technology,,medium,Farmer Managed Natural Regeneration (FMNR) is an agroforestry-based low-cost land restoration technique where farmers take an active role in regenerating and managing the growth of trees and shrubs from existing root systems or stumps.,4,false,existing root systems or stumps,,,"[query 2026-09-18 by peetmate; note:check for duplication, I swear I have already reviewed this.]",page,,,,,,,,2026-06-20.grey-af
EV_crs_fmnr_niger_2025_002,crs_fmnr_niger_2025,agroforestry,agroforestry__regeneration_farmland,rootstock_presence,,"{""country"": ""Niger"", ""aez"": ""semi_arid""}",structural_suitability,literature_relationship,primary_measured,practice_technology,,medium,"Farmer Managed Natural Regeneration stands as a leading restoration technique in Niger, entailing the deliberate selection, protection, and management of woody plants by nurturing tree and shrub growth from existing root systems or stumps within farms and landscapes.",9,false,existing root systems or stumps within farms and landscapes,,,"[query 2026-09-18 by peetmate; reason:other; note:This is factually correct, but I wonder if making inferences from the general description of a practice is aligned with the overall synthetic review system?]",page,,,,,,,,2026-06-20.grey-af
EV_crs_fmnr_niger_2025_003,crs_fmnr_niger_2025,agroforestry,agroforestry__regeneration_farmland,tenure_security,,"{""country"": ""Niger"", ""aez"": ""semi_arid""}",operational_risk,literature_relationship,table,practice_technology,,low,Uncertainties related to land and tree tenure,10,false,Uncertainties related to land and tree tenure,,,,page,,,,,,,,2026-06-20.grey-af
EV_crs_fmnr_niger_2025_004,crs_fmnr_niger_2025,agroforestry,agroforestry__regeneration_farmland,tenure_security,,"{""country"": ""Niger"", ""aez"": ""semi_arid""}",operational_risk,literature_relationship,expert_assertion,practice_technology,,low,"It is mainly followed by the legal framework, the framework for dialogue, land tenure, and the framing system. In short, emphasis must be put on governance and socio-economic parameters for the success of FMNR in a selected locality.",14,false,land tenure — ranked 2nd tier after policy framework in AHP results,,,,page,,,,,,,,2026-06-20.grey-af
EV_crs_fmnr_niger_2025_005,crs_fmnr_niger_2025,agroforestry,agroforestry__regeneration_farmland,tenure_security,,"{""country"": ""Niger"", ""aez"": ""semi_arid""}",operational_risk,literature_relationship,table,practice_technology,,low,Land capital | Type of land acquiring system | 10.8 | 4,15,false,"Land capital — type of land acquiring system (AHP priority score 10.8, rank 4/14); AHP ranks are NOT suitability thresholds",,,,page,,,,,,,,2026-06-20.grey-af
EV_crs_fmnr_niger_2025_006,crs_fmnr_niger_2025,agroforestry,agroforestry__regeneration_farmland,extension_governance,,"{""country"": ""Niger"", ""aez"": ""semi_arid""}",operational_risk,literature_relationship,primary_measured,practice_technology,,medium,"Decree no. 2020-602/PRN/MESUDD of 30 July 2020 regulating the practice of Farmer Managed Natural Regeneration in Niger, giving the right to farmers to enjoy the benefit of their efforts and access to dead wood products in agroforestry parkland.",11,false,Decree no. 2020-602 — legal/governance framework for FMNR rights,,,,page,,,,,,,,2026-06-20.grey-af
EV_crs_fmnr_niger_2025_007,crs_fmnr_niger_2025,agroforestry,agroforestry__regeneration_farmland,extension_governance,,"{""country"": ""Niger"", ""aez"": ""semi_arid""}",operational_risk,literature_relationship,expert_assertion,practice_technology,,low,the policy framework is the parameter most conducive to the success of FMNR in each locality,14,false,policy framework — most conducive parameter for FMNR success (AHP rank 1/14),,,,page,,,,,,,,2026-06-20.grey-af
EV_crs_fmnr_niger_2025_008,crs_fmnr_niger_2025,agroforestry,agroforestry__regeneration_farmland,extension_governance,,"{""country"": ""Niger"", ""aez"": ""semi_arid""}",operational_risk,literature_relationship,table,practice_technology,,low,Policy framework | Incentive measures and access to finance | 15.2 | 1,15,false,"Policy framework — incentive measures and access to finance (AHP score 15.2, rank 1/14); AHP ranks are NOT suitability thresholds",,,,page,,,,,,,,2026-06-20.grey-af
EV_crs_fmnr_niger_2025_009,crs_fmnr_niger_2025,agroforestry,agroforestry__regeneration_farmland,extension_governance,,"{""country"": ""Niger"", ""aez"": ""semi_arid""}",operational_risk,literature_relationship,table,practice_technology,,low,"Legal framework | Enforcement of policies and by-laws, community corporation | 14.7 | 2",15,false,"Legal framework — enforcement of policies and by-laws (AHP score 14.7, rank 2/14); AHP ranks are NOT suitability thresholds",,,,page,,,,,,,,2026-06-20.grey-af
EV_crs_fmnr_niger_2025_010,crs_fmnr_niger_2025,agroforestry,agroforestry__regeneration_farmland,extension_governance,,"{""country"": ""Niger"", ""aez"": ""semi_arid""}",operational_risk,literature_relationship,table,practice_technology,,low,Access to extension service | Trained and equipped extension workers | 10.1 | 5,15,false,"Access to extension service — trained and equipped extension workers (AHP score 10.1, rank 5/14); AHP ranks are NOT suitability thresholds",,,,page,,,,,,,,2026-06-20.grey-af
EV_crs_fmnr_niger_2025_011,crs_fmnr_niger_2025,agroforestry,agroforestry__regeneration_farmland,extension_governance,,"{""country"": ""Niger"", ""aez"": ""semi_arid""}",operational_risk,literature_relationship,primary_measured,practice_technology,,low,"Political commitment also plays a pivotal role in scaling FMNR, evident in Niger's adoption of the Presidential Decree regulating its practice, albeit with limited dissemination among environmental, agricultural, and producer professionals.",21,false,political commitment — Presidential Decree as governance enabler,,,,page,,,,,,,,2026-06-20.grey-af
EV_crs_fmnr_niger_2025_012,crs_fmnr_niger_2025,agroforestry,agroforestry__regeneration_farmland,labour_availability,,"{""country"": ""Niger"", ""aez"": ""semi_arid""}",operational_risk,literature_relationship,primary_measured,practice_technology,,low,"While the introduction of land restoration techniques like Zaï, improved compost, and manure has bolstered millet production in conjunction with FMNR, their implementation demands significant labor and inputs.",21,true,labour demand — implementation demands significant labor,,,[reviewed 2026-08-06 by Namita-J; reason:confirmed_pass],page,,,,,,,,2026-06-20.grey-af
EV_crs_fmnr_niger_2025_013,crs_fmnr_niger_2025,agroforestry,agroforestry__regeneration_farmland,labour_availability,,"{""country"": ""Niger"", ""aez"": ""semi_arid""}",operational_risk,literature_relationship,table,practice_technology,,low,Labor force | Availability of labor at the time of FMNR implementation | 4.7 | 9,15,false,"Labor force — availability at time of FMNR implementation (AHP score 4.7, rank 9/14); AHP ranks are NOT suitability thresholds",,,,page,,,,,,,,2026-06-20.grey-af
EV_crs_fmnr_niger_2025_014,crs_fmnr_niger_2025,agroforestry,agroforestry__regeneration_farmland,labour_availability,,"{""country"": ""Niger"", ""aez"": ""semi_arid""}",operational_risk,literature_relationship,primary_measured,practice_technology,,low,Societal factors such as measures to curb migration are also vital for securing the required labor force.,21,false,labour force — migration as labour availability constraint,,,,page,,,,,,,,2026-06-20.grey-af
EV_crs_fmnr_niger_2025_015,crs_fmnr_niger_2025,agroforestry,agroforestry__regeneration_farmland,distance_to_road,,"{""country"": ""Niger"", ""aez"": ""semi_arid""}",operational_risk,literature_relationship,table,practice_technology,,low,Distance from market | The distance separating a district to the marketplace | 2.2 | 13,15,false,"Distance from market (raw: 'Distance from market'); NOTE: this is market-access distance, not road distance — nearest canonical is distance_to_road but surface phrase is market proximity; AHP rank 13/14 (lowest governance param)",,,,page,,,,,,,,2026-06-20.grey-af
EV_crs_fmnr_niger_2025_016,crs_fmnr_niger_2025,agroforestry,agroforestry__regeneration_farmland,soil_texture,,"{""country"": ""Niger"", ""aez"": ""semi_arid""}",structural_suitability,literature_relationship,primary_measured,practice_technology,,low,"While FMNR alone may not markedly enhance yields in the short-term within Niger's acidic sandy soils, its combination with compost or manure effectively addresses nutrient deficits and water stress, leading to a significant increase in yields.",20,false,acidic sandy soils — soil texture constraint on FMNR yield response,,,[dropped 2026-09-18 by peetmate; reason:speculative_evidence; note:This is not strong direct evidence for a practice suitability relationship.],page,,,,,,,dropped,2026-06-20.grey-af
EV_crs_fmnr_niger_2025_017,crs_fmnr_niger_2025,agroforestry,agroforestry__regeneration_farmland,soil_texture,,"{""country"": ""Niger"", ""aez"": ""semi_arid""}",structural_suitability,literature_relationship,table,practice_technology,,low,Soil texture | Types of soil and geospatial distribution | 5.1 | 8,15,false,"Soil texture — types of soil and geospatial distribution (AHP score 5.1, rank 8/14); AHP ranks are NOT suitability thresholds",,,"[query 2026-09-18 by peetmate; note:soil texture -> sure but this is very vague, how would we use this information? are there more details in the rest of the manuscript?]",page,,,,,,,,2026-06-20.grey-af
ev_production_gap_saraheb3_tool,saraheb3_af_midwest,agroforestry,agroforestry__cross_family,production_gap,"{""direction"": ""inverse"", ""note"": ""economic-viability criterion: marginal conventional cropland -> higher AF suitability (tool design default)""}",,structural_suitability,literature_relationship,expert_assertion,practice_technology,,medium,areas that are more marginal for conventional agriculture are rated as more suitable for agroforestry; areas that are highly profitable in conventional systems are rated as less suitable for agroforestry,,true,economic viability criterion,,,"[reviewed 2026-09-18 by peetmate; reason:confirmed_pass] Castle, Miller & Wardropper 2025 (Environ. Res. Lett.)",section,Details of Methodology,af338e8251c6bde4fa46caccf4e92124f80d7623,,,,,,2026-06-21.tool-ev
ev_soil_erosion_risk_saraheb3_tool,saraheb3_af_midwest,agroforestry,agroforestry__cross_family,soil_erosion_risk,,,structural_suitability,literature_relationship,expert_assertion,practice_technology,,medium,"The environmental priority areas criterion generates a layer showing regions with the relative importance for addressing concerns over soil erosion from water, soil erosion from wind, water quality (ground and surface), and soil carbon sequestration",,false,environmental priority areas criterion,,,"[dropped 2026-09-18 by peetmate; reason:insufficient_context] Castle, Miller & Wardropper 2025 (Environ. Res. Lett.)",section,Details of Methodology,af338e8251c6bde4fa46caccf4e92124f80d7623,,,,,dropped,2026-06-21.tool-ev
ev_soil_erosion_risk_saraheb3_p1_water,saraheb3_af_map,agroforestry,agroforestry__planted_silvoarable,soil_erosion_risk,"{""weight"": 5, ""criterion"": ""water_erosion"", ""note"": ""tool default environmental-priority sub-criterion weight for Alley Cropping; user-adjustable per-practice slider; numeric scale recorded in TOOL.weighting_scheme""}",,structural_suitability,literature_relationship,expert_assertion,practice_technology,,medium,var weightWaterErosion = 5;,,false,var weightWaterErosion = 5;,,,"[query 2026-09-18 by peetmate; reason:other; note:the weight is useless without any context -> 5 out of what? how do we interpret the weight!?] Castle, Miller & Wardropper 2025 (Environ. Res. Lett.) GEE Agroforestry Suitability tool",file_line,gee_script/Agroforestry-Suitability-Map:L497,af338e8251c6bde4fa46caccf4e92124f80d7623,,,,,,2026-06-22.tool-code
ev_soil_erosion_wind_saraheb3_p1_wind,saraheb3_af_map,agroforestry,agroforestry__planted_silvoarable,soil_erosion_wind,"{""weight"": 5, ""criterion"": ""wind_erosion"", ""note"": ""tool default environmental-priority sub-criterion weight for Alley Cropping; user-adjustable per-practice slider; numeric scale recorded in TOOL.weighting_scheme""}",,structural_suitability,literature_relationship,expert_assertion,practice_technology,,medium,var weightWindErosion = 5;,,false,var weightWindErosion = 5;,,,"[query 2026-09-18 by peetmate; reason:other; note:weighting has no context and cannot be interpreted] Castle, Miller & Wardropper 2025 (Environ. Res. Lett.) GEE Agroforestry Suitability tool",file_line,gee_script/Agroforestry-Suitability-Map:L498,af338e8251c6bde4fa46caccf4e92124f80d7623,,,,,,2026-06-22.tool-code
ev_carbon_sequestration_potential_saraheb3_p1_soil,saraheb3_af_map,agroforestry,agroforestry__planted_silvoarable,carbon_sequestration_potential,"{""weight"": 5, ""criterion"": ""soil_carbon_(SOC)"", ""note"": ""tool default environmental-priority sub-criterion weight for Alley Cropping; user-adjustable per-practice slider; numeric scale recorded in TOOL.weighting_scheme""}",,structural_suitability,literature_relationship,expert_assertion,practice_technology,,medium,var weightSOCpot = 5;,,false,var weightSOCpot = 5;,,,"[query 2026-09-18 by peetmate; reason:other; note:missing context to interpret what weghting 5 means -> how will we standardize to interpret weightings between sources?] Castle, Miller & Wardropper 2025 (Environ. Res. Lett.) GEE Agroforestry Suitability tool",file_line,gee_script/Agroforestry-Suitability-Map:L499,af338e8251c6bde4fa46caccf4e92124f80d7623,,,,,,2026-06-22.tool-code
ev_soil_erosion_risk_saraheb3_p2_water,saraheb3_af_map,agroforestry,agroforestry__linear_boundary,soil_erosion_risk,"{""weight"": 3, ""criterion"": ""water_erosion"", ""note"": ""tool default environmental-priority sub-criterion weight for Riparian buffers; user-adjustable per-practice slider; numeric scale recorded in TOOL.weighting_scheme""}",,structural_suitability,literature_relationship,expert_assertion,practice_technology,,medium,var weightWaterErosion = 3;,,true,var weightWaterErosion = 3;,,,"[reviewed 2026-09-18 by peetmate] Castle, Miller & Wardropper 2025 (Environ. Res. Lett.) GEE Agroforestry Suitability tool",file_line,gee_script/Agroforestry-Suitability-Map:L506,af338e8251c6bde4fa46caccf4e92124f80d7623,,,,,,2026-06-22.tool-code
ev_soil_erosion_wind_saraheb3_p2_wind,saraheb3_af_map,agroforestry,agroforestry__linear_boundary,soil_erosion_wind,"{""weight"": 2, ""criterion"": ""wind_erosion"", ""note"": ""tool default environmental-priority sub-criterion weight for Riparian buffers; user-adjustable per-practice slider; numeric scale recorded in TOOL.weighting_scheme""}",,structural_suitability,literature_relationship,expert_assertion,practice_technology,,medium,var weightWindErosion = 2;,,true,var weightWindErosion = 2;,,,"[reviewed 2026-09-18 by peetmate] Castle, Miller & Wardropper 2025 (Environ. Res. Lett.) GEE Agroforestry Suitability tool",file_line,gee_script/Agroforestry-Suitability-Map:L507,af338e8251c6bde4fa46caccf4e92124f80d7623,,,,,,2026-06-22.tool-code
ev_carbon_sequestration_potential_saraheb3_p2_soil,saraheb3_af_map,agroforestry,agroforestry__linear_boundary,carbon_sequestration_potential,"{""weight"": 4, ""criterion"": ""soil_carbon_(SOC)"", ""note"": ""tool default environmental-priority sub-criterion weight for Riparian buffers; user-adjustable per-practice slider; numeric scale recorded in TOOL.weighting_scheme""}",,structural_suitability,literature_relationship,expert_assertion,practice_technology,,medium,var weightSOCpot = 4;,,true,var weightSOCpot = 4;,,,"[reviewed 2026-09-18 by peetmate] Castle, Miller & Wardropper 2025 (Environ. Res. Lett.) GEE Agroforestry Suitability tool",file_line,gee_script/Agroforestry-Suitability-Map:L508,af338e8251c6bde4fa46caccf4e92124f80d7623,,,,,,2026-06-22.tool-code
ev_soil_erosion_risk_saraheb3_p3_water,saraheb3_af_map,agroforestry,agroforestry__silvopastoral,soil_erosion_risk,"{""weight"": 4, ""criterion"": ""water_erosion"", ""note"": ""tool default environmental-priority sub-criterion weight for Silvopasture; user-adjustable per-practice slider; numeric scale recorded in TOOL.weighting_scheme""}",,structural_suitability,literature_relationship,expert_assertion,practice_technology,,medium,var weightWaterErosion = 4;,,false,var weightWaterErosion = 4;,,,"[dropped 2026-09-18 by peetmate] Castle, Miller & Wardropper 2025 (Environ. Res. Lett.) GEE Agroforestry Suitability tool",file_line,gee_script/Agroforestry-Suitability-Map:L515,af338e8251c6bde4fa46caccf4e92124f80d7623,,,,,dropped,2026-06-22.tool-code
ev_soil_erosion_wind_saraheb3_p3_wind,saraheb3_af_map,agroforestry,agroforestry__silvopastoral,soil_erosion_wind,"{""weight"": 3, ""criterion"": ""wind_erosion"", ""note"": ""tool default environmental-priority sub-criterion weight for Silvopasture; user-adjustable per-practice slider; numeric scale recorded in TOOL.weighting_scheme""}",,structural_suitability,literature_relationship,expert_assertion,practice_technology,,medium,var weightWindErosion = 3;,,true,var weightWindErosion = 3;,,,"[reviewed 2026-09-18 by peetmate] Castle, Miller & Wardropper 2025 (Environ. Res. Lett.) GEE Agroforestry Suitability tool",file_line,gee_script/Agroforestry-Suitability-Map:L516,af338e8251c6bde4fa46caccf4e92124f80d7623,,,,,,2026-06-22.tool-code
ev_carbon_sequestration_potential_saraheb3_p3_soil,saraheb3_af_map,agroforestry,agroforestry__silvopastoral,carbon_sequestration_potential,"{""weight"": 3, ""criterion"": ""soil_carbon_(SOC)"", ""note"": ""tool default environmental-priority sub-criterion weight for Silvopasture; user-adjustable per-practice slider; numeric scale recorded in TOOL.weighting_scheme""}",,structural_suitability,literature_relationship,expert_assertion,practice_technology,,medium,var weightSOCpot = 3;,,true,var weightSOCpot = 3;,,,"[reviewed 2026-09-18 by peetmate; reason:confirmed_pass] Castle, Miller & Wardropper 2025 (Environ. Res. Lett.) GEE Agroforestry Suitability tool",file_line,gee_script/Agroforestry-Suitability-Map:L517,af338e8251c6bde4fa46caccf4e92124f80d7623,,,,,,2026-06-22.tool-code
ev_soil_erosion_risk_saraheb3_p4_water,saraheb3_af_map,agroforestry,agroforestry__linear_boundary,soil_erosion_risk,"{""weight"": 1, ""criterion"": ""water_erosion"", ""note"": ""tool default environmental-priority sub-criterion weight for Windbreaks; user-adjustable per-practice slider; numeric scale recorded in TOOL.weighting_scheme""}",,structural_suitability,literature_relationship,expert_assertion,practice_technology,,medium,var weightWaterErosion = 1;,,true,var weightWaterErosion = 1;,,,"[reviewed 2026-09-18 by peetmate] Castle, Miller & Wardropper 2025 (Environ. Res. Lett.) GEE Agroforestry Suitability tool",file_line,gee_script/Agroforestry-Suitability-Map:L524,af338e8251c6bde4fa46caccf4e92124f80d7623,,,,,,2026-06-22.tool-code
ev_soil_erosion_wind_saraheb3_p4_wind,saraheb3_af_map,agroforestry,agroforestry__linear_boundary,soil_erosion_wind,"{""weight"": 5, ""criterion"": ""wind_erosion"", ""note"": ""tool default environmental-priority sub-criterion weight for Windbreaks; user-adjustable per-practice slider; numeric scale recorded in TOOL.weighting_scheme""}",,structural_suitability,literature_relationship,expert_assertion,practice_technology,,medium,var weightWindErosion = 5;,,true,var weightWindErosion = 5;,,,"[reviewed 2026-09-18 by peetmate] Castle, Miller & Wardropper 2025 (Environ. Res. Lett.) GEE Agroforestry Suitability tool",file_line,gee_script/Agroforestry-Suitability-Map:L525,af338e8251c6bde4fa46caccf4e92124f80d7623,,,,,,2026-06-22.tool-code
ev_carbon_sequestration_potential_saraheb3_p4_soil,saraheb3_af_map,agroforestry,agroforestry__linear_boundary,carbon_sequestration_potential,"{""weight"": 5, ""criterion"": ""soil_carbon_(SOC)"", ""note"": ""tool default environmental-priority sub-criterion weight for Windbreaks; user-adjustable per-practice slider; numeric scale recorded in TOOL.weighting_scheme""}",,structural_suitability,literature_relationship,expert_assertion,practice_technology,,medium,var weightSOCpot = 5;,,true,var weightSOCpot = 5;,,,"[reviewed 2026-09-18 by peetmate] Castle, Miller & Wardropper 2025 (Environ. Res. Lett.) GEE Agroforestry Suitability tool",file_line,gee_script/Agroforestry-Suitability-Map:L526,af338e8251c6bde4fa46caccf4e92124f80d7623,,,,,,2026-06-22.tool-code
ev_land_cover_saraheb3_cdl,saraheb3_af_map,agroforestry,agroforestry__planted_silvoarable,land_cover,,,structural_suitability,literature_relationship,expert_assertion,practice_technology,,medium,"var CDLcrops = cropLandcover.lte(61).or(cropLandcover.gte(205).and(cropLandcover.lte(209))).or((cropLandcover.gte(213)).and((cropLandcover.neq(215)).and(cropLandcover.neq(217)).and(cropLandcover.neq(218)).and(cropLandcover.neq(220)).and(cropLandcover.neq(223)))); //cultivated annual crops, not tree crops",,false,"CDLcrops = cultivated annual crops, not tree crops",,,"[query 2026-09-18 by peetmate; reason:other; note:I do not know how to review this there is no encoded evidence to view...land_cover in itself not helpful, we need to know what classes are included or excluded] Castle, Miller & Wardropper 2025 (Environ. Res. Lett.) GEE Agroforestry Suitability tool",file_line,gee_script/Agroforestry-Suitability-Map:L142,af338e8251c6bde4fa46caccf4e92124f80d7623,,,,,,2026-06-22.tool-code
cgspace_singh_southasia_2020__soil_texture_hsg__01,cgspace_singh_southasia_2020,agroforestry,agroforestry__cross_family,soil_texture_hsg,,"{""region"": ""South Asia"", ""dataset"": ""HWSD""}",structural_suitability,literature_relationship,cited_secondary,practice_technology,,medium,"low suitable for plant growth (Fischer et al. 2008). Class 5 is non-soil, class 6 is permanent frost and class 7 is water areas (Fischer et al. 2008).",3,true,harmonized soil data suitability classes,,,[dropped 2026-09-18 by peetmate; reason:insufficient_context] [reviewed 2026-08-06 by Namita-J; reason:confirmed_pass] Fischer et al. 2008,page,,,,,,,dropped,2026-06-23.cgspace-oa
cgspace_singh_southasia_2020__soil_texture_hsg__02,cgspace_singh_southasia_2020,agroforestry,agroforestry__cross_family,soil_texture_hsg,"{""direction"": ""positive"", ""classes_suitable"": ""1-4"", ""classes_not_suitable"": ""5-7"", ""note"": ""current study used HWSD soil-quality class 1 to 4 as AF-suitable, class 5 to 7 not suitable (constraints)""}","{""region"": ""South Asia"", ""dataset"": ""HWSD"", ""system"": ""FAO land suitability criteria""}",structural_suitability,literature_relationship,modelled,practice_technology,,medium,The current study utilized class 1 to class 4 for agroforestry suitability mapping whereas class 5 to class 7 were categorized not suitable due to difficulties/constraints.,3,true,harmonized soil data suitability classes 1-4,,,[reviewed 2026-09-18 by peetmate; reason:confirmed_pass],page,,,,,,,,2026-06-23.cgspace-oa
cgspace_singh_southasia_2020__land_cover__01,cgspace_singh_southasia_2020,agroforestry,agroforestry__cross_family,land_cover,"{""direction"": ""positive"", ""classes_suitable"": ""1-4"", ""classes_not_suitable"": ""5-7"", ""note"": ""FAO LCCS land-cover class 1 to 4 used as AF-suitable, class 5 to 7 not suitable""}","{""region"": ""South Asia"", ""dataset"": ""VEGA 2000"", ""system"": ""FAO LCCS""}",structural_suitability,literature_relationship,modelled,practice_technology,,medium,The current study utilized class 1 to class 4 for agroforestry suitability mapping whereas class 5 to class 7 were categorized not suitable due to difficulties/constraints.,3,false,VEGA 2000 land cover LCCS classes,,,"[query 2026-09-18 by peetmate; reason:insufficient_context; note:I cannot tell if the 1-4 and 5-7 classes top of left col of P73 correspond to the text in the right col of P73, there could be an error here.] VEGA 2000 land-cover dataset",page,,,,,,,,2026-06-23.cgspace-oa
cgspace_singh_southasia_2020__land_cover__02,cgspace_singh_southasia_2020,agroforestry,agroforestry__cross_family,land_cover,"{""direction"": ""positive"", ""note"": ""composite index result: 69% of South Asia ≥55% AF suitability; 76% of agriculture area ≥65% suitable; derived from integrated land+climate+soil+topography model""}","{""region"": ""South Asia"", ""note"": ""composite multi-factor result, not a single-variable threshold""}",structural_suitability,literature_relationship,modelled,practice_technology,,medium,"approximately 69% of the total geographical area retains 55% and greater suitability for agroforestry. The total agriculture area (Tateishi et al. 2011) was reported as approximately 51.6% of the total geographical land area (excluding the not suitable area: Table 2), whereas significantly high percent (76%) of these areas is found to be highly suitable (≥ 65%) for agroforestry (Table 3).",6,false,overall land suitability for agroforestry,,,[dropped 2026-09-18 by peetmate; reason:off_scope; note:This just a description of % of area that was suitable for Agroforestry it is not directly about sutiability],page,,,,,,,dropped,2026-06-23.cgspace-oa
cgspace_singh_southasia_2020__tree_canopy_cover__01,cgspace_singh_southasia_2020,agroforestry,agroforestry__cross_family,tree_canopy_cover,"{""direction"": ""positive"", ""note"": ""observed tree-cover distribution: 73.4% tree-absent, 7.1% at 1-10%, 19.5% above 10%; signals AF opportunity space, not a suitability threshold""}","{""region"": ""South Asia"", ""year"": 2000, ""dataset"": ""Hansen et al. 2013 tree cover""}",structural_suitability,literature_relationship,table,practice_technology,,medium,"The tree cover absent (0%) and tree cover 1–10% areas are approximately 73.4% and 7.1% respectively, of the total land area. Tree cover percent greater than 10% (which represents the forest as per definition by FAO 2010) occupied 19.5% of the total geographical area.",7,false,tree cover percent distribution,,,"[dropped 2026-09-18 by peetmate; reason:off_scope; note:not good enough this is vague inference that is most likely wrong. there is no direct link betwen agroforestry and a suitability variable.] South Asia tree-cover, year 2000",page,,,,,,,dropped,2026-06-23.cgspace-oa
EV_chomba_2020_001,chomba_2020,agroforestry,agroforestry__regeneration_farmland,annual_precipitation,"{""context_value"": 900, ""unit"": ""mm/yr"", ""direction"": ""site_envelope_where_FMNR_occurs""}","{""country"": ""Ghana"", ""region"": ""Sudanian ecological zone"", ""aez"": ""semi_arid""}",structural_suitability,literature_relationship,primary_measured,practice_technology,,medium,"The annual rainfall is about 900 mm/yr and average annual temperature is 28 °C (Climate-data.org). Soils are classified as Lixisols, strongly weathered and leached soils with low nutrient",7,False,annual rainfall,,,[dropped 2026-09-18 by peetmate; reason:off_scope; note:This is the study context. THIS IS A BAD MISTAKE YOU HAVE BEEN TOLD MANY MANY TIMES NOT TO CONFUSE THE STUDY CONTEXT WITH VARIABLES FOR BIOPHYSICAL SUITABILITY MAPPING!!!!!],page,,b688621632ab86d13d784de709c818f0c4efa704,,,,,dropped,v1.2
EV_chomba_2020_002,chomba_2020,agroforestry,agroforestry__regeneration_farmland,mean_annual_temperature,"{""context_value"": 28, ""unit"": ""degC"", ""direction"": ""site_envelope_where_FMNR_occurs""}","{""country"": ""Ghana"", ""region"": ""Sudanian ecological zone"", ""aez"": ""semi_arid""}",structural_suitability,literature_relationship,primary_measured,practice_technology,,medium,"The annual rainfall is about 900 mm/yr and average annual temperature is 28 °C (Climate-data.org). Soils are classified as Lixisols, strongly weathered and leached soils with low nutrient",7,False,average annual temperature,,,,page,,b688621632ab86d13d784de709c818f0c4efa704,,,,,,v1.2
EV_chomba_2020_003,chomba_2020,agroforestry,agroforestry__regeneration_farmland,soil_texture,"{""soil_class"": ""Lixisols"", ""direction"": ""FMNR_occurs_on_naturally_nutrient_poor_soils""}","{""country"": ""Ghana"", ""region"": ""Sudanian ecological zone""}",structural_suitability,literature_relationship,primary_measured,practice_technology,,medium,"The annual rainfall is about 900 mm/yr and average annual temperature is 28 °C (Climate-data.org). Soils are classified as Lixisols, strongly weathered and leached soils with low nutrient",7,true,"Lixisols, strongly weathered and leached soils with low nutrient",,,[dropped 2026-09-18 by peetmate; reason:off_scope; note:STUDY CONTEXT NOT SUITABILITY!!!! AGAIN!!! FIX THE AGENTS NOT TO INCLUDE THIS.] [reviewed 2026-08-06 by Namita-J],page,,b688621632ab86d13d784de709c818f0c4efa704,,,,,dropped,v1.2
EV_chomba_2020_004,chomba_2020,agroforestry,agroforestry__regeneration_farmland,land_degradation,"{""pct_plots_eroded"": 82, ""pct_plots_topsoil_N_below_0.2pct"": 99, ""critical_N_threshold_pct"": 0.2, ""direction"": ""degradation_did_NOT_limit_regeneration""}","{""country"": ""Ghana"", ""region"": ""Sudanian ecological zone""}",structural_suitability,literature_relationship,primary_measured,practice_technology,,high,"Land degradation is a problem in the study region given that 82% of the plots show signs of erosion, and over 99% of the plots had topsoil nitrogen below the critical threshold of 0.2% needed to sustain ­agriculture35,36. We found no evidence that degradation limited regeneration presence and abundance, probably because these soils are naturally nutrient ­poor37, and species t",6,False,erosion / topsoil nitrogen below critical threshold,,,[AUTO-QUARANTINE off_scope:study_site],page,,b688621632ab86d13d784de709c818f0c4efa704,,,,,dropped,v1.2
EV_chomba_2020_005,chomba_2020,agroforestry,agroforestry__regeneration_farmland,tree_canopy_cover,"{""median_tree_density_per_ha"": 30, ""pct_plots_with_at_least_one_tree"": 79, ""direction"": ""observed_existing_tree_stock_where_FMNR_occurs""}","{""country"": ""Ghana"", ""region"": ""Sudanian ecological zone""}",structural_suitability,literature_relationship,primary_measured,practice_technology,,high,82% of the plot were eroded and over 99% had critically low levels of topsoil nitrogen (< 0.2%). The median tree density is 30 trees per hectare and 79% of the plots had at least one tree. See Supplementary Fig. 2 for variation in variables studied across land use,3,False,median tree density (trees per hectare),,,,page,,b688621632ab86d13d784de709c818f0c4efa704,,,,,,v1.2
EV_chomba_2020_006,chomba_2020,agroforestry,agroforestry__regeneration_farmland,land_cover,"{""median_tree_density_per_ha"": 30, ""land_cover_type"": ""farmland/agroforestry parkland"", ""direction"": ""FMNR_occurs_in_farmed_parkland""}","{""country"": ""Ghana"", ""region"": ""Sudanian ecological zone""}",structural_suitability,literature_relationship,primary_measured,practice_technology,,medium,"The study area is located in the Sudanian ecological zone and characterized by extensive farmland with median tree densities of about 30 trees per ha, commonly called agrofore",7,False,extensive farmland / agroforestry parkland with median tree densities ~30 trees per ha,,,[dropped 2026-09-18 by peetmate; reason:off_scope; note:study site description.] [AUTO-QUARANTINE off_scope:study_site],page,,b688621632ab86d13d784de709c818f0c4efa704,,,,,dropped,v1.2
EV_chomba_2020_007,chomba_2020,agroforestry,agroforestry__regeneration_farmland,rootstock_presence,"{""regeneration_sources"": [""resprouting stumps"", ""root stock"", ""seed""], ""direction"": ""natural_regeneration_requires_existing_stump_rootstock_or_seed_source""}","{""region"": ""Sahel""}",structural_suitability,literature_relationship,expert_assertion,practice_technology,,high,"Natural regeneration occurs through resprouting tree stumps, root stock or from recruiting seeds that are present in the soil or get dispersed into the field. Farmers promote",2,False,"resprouting tree stumps, root stock, or recruiting seeds",,,,page,,b688621632ab86d13d784de709c818f0c4efa704,,,,,,v1.2
EV_chomba_2020_008,chomba_2020,agroforestry,agroforestry__regeneration_farmland,rootstock_presence,"{""dominant_regeneration_mode"": ""regrowth from roots and stumps"", ""direction"": ""high_tree_densities_in_parklands_derive_from_underground_forest""}","{""region"": ""Sahel""}",structural_suitability,literature_relationship,expert_assertion,practice_technology,,medium,"al regeneration comes from seed, while published work on FMNR mostly stresses the importance of regrowth from roots and stumps e.g.11, through ’releasing the underground forest’48. This realization suggests that the high tree densities in Sahelian agroforestry parklands, where FMNR has been demo",7,False,regrowth from roots and stumps ('releasing the underground forest'),,,"[dropped 2026-09-18 by peetmate; reason:unusable_value; note:how are we supposed to use this for suitability mapping? it is not helpful, there is no variable what I am supposed to do with evidence with no variables?]",page,,b688621632ab86d13d784de709c818f0c4efa704,,,,,dropped,v1.2
EV_chomba_2020_009,chomba_2020,agroforestry,agroforestry__regeneration_farmland,land_cover,"{""pct_grassland"": 7, ""pct_forest_or_woodlands"": 13, ""pct_plots_agriculture"": 49, ""pct_plots_grazing"": 64, ""pct_plots_erosion_signs"": 54}","{""country"": ""Ghana"", ""region"": ""Sudanian ecological zone""}",structural_suitability,literature_relationship,primary_measured,practice_technology,,medium,", grassland (7%) and forest or woodlands (13%). Plots varied in their human impacts, environmental drivers and level of degradation. In terms of human impact 49% of the plots had agri- cultural activities, in 64% grazing took place and 54% showed sign",3,False,"land use composition (grassland, forest/woodland) and human impact (agriculture, grazing, erosion)",,,,page,,b688621632ab86d13d784de709c818f0c4efa704,,,,,,v1.2
EV_lohbeck_2020_001,lohbeck_2020,agroforestry,agroforestry__regeneration_farmland,annual_precipitation,"{""variable"": ""annual_precipitation"", ""unit"": ""mm_yr"", ""direction"": ""envelope"", ""context"": ""arid_to_sub_humid"", ""abs_min"": 100, ""abs_max"": 950}","{""region"": ""sub-Saharan Africa"", ""aez"": ""arid_to_sub_humid""}",structural_suitability,literature_relationship,expert_assertion,practice_technology,,high,"Africa is conﬁned to speciﬁc agroecological contexts characterized by arid to sub- humid climate, with a wide range of mean annual rainfall of between 100 and 950 mm yr−1 and low fertility soils vulnerable to degradation.",11,False,mean annual rainfall,,,[query 2026-09-18 by peetmate; reason:other; note:the statement is secondary and has no reference. Is this information available elsewhere in the paper with reference? if so we can drop without issue.],page,,b688621632ab86d13d784de709c818f0c4efa704,,,,,,v1.2
EV_lohbeck_2020_002,lohbeck_2020,agroforestry,agroforestry__regeneration_farmland,annual_precipitation,"{""variable"": ""annual_precipitation"", ""unit"": ""mm_yr"", ""direction"": ""envelope"", ""context"": ""arid_and_semi_arid"", ""abs_min"": 100, ""abs_max"": 950}","{""region"": ""sub-Saharan Africa"", ""aez"": ""arid_semi_arid_sub_humid""}",structural_suitability,literature_relationship,cited_secondary,practice_technology,,high,"largely being practiced in arid and semi-arid areas, also referred to as dry and sub-humid areas in sub-Saharan Africa. Rainfall is unevenly distributed and ranges between 100 and 950 mm per year (Haglund et al., 2011; Sendzimir et al., 2011; Gonza",4,False,Rainfall ... ranges between 100 and 950 mm per year,,,[query 2026-08-06 by Namita-J; note:do not constrain FMNR to a hard 950mm per year range.] cited from Haglund et al. 2011; Sendzimir et al. 2011; Gonzalez et al.,page,,b688621632ab86d13d784de709c818f0c4efa704,,,,,,v1.2
EV_lohbeck_2020_003,lohbeck_2020,agroforestry,agroforestry__regeneration_farmland,soil_fertility,"{""variable"": ""soil_fertility"", ""direction"": ""practiced_on_low_fertility_soils""}","{""region"": ""sub-Saharan Africa"", ""aez"": ""arid_to_sub_humid""}",structural_suitability,literature_relationship,expert_assertion,practice_technology,,medium,"Africa is conﬁned to speciﬁc agroecological contexts characterized by arid to sub- humid climate, with a wide range of mean annual rainfall of between 100 and 950 mm yr−1 and low fertility soils vulnerable to degradation.",11,False,low fertility soils vulnerable to degradation,,,"[query 2026-09-18 by peetmate; reason:speculative_evidence; note:secondary data with no reference, is this information available with a reference or evidence? it is borderline]",page,,b688621632ab86d13d784de709c818f0c4efa704,,,,,,v1.2
EV_lohbeck_2020_004,lohbeck_2020,agroforestry,agroforestry__regeneration_farmland,soil_texture,"{""variable"": ""soil_texture"", ""direction"": ""soil_improvement_greater_on_sandier_soils""}","{""region"": ""Sahel""}",structural_suitability,literature_relationship,cited_secondary,practice_technology,,medium,"climate, with a wide range of mean annual rainfall of between 100 and 950 mm yr−1 and low fertility soils vulnerable to degradation. There is an indication that soil improvement, indicated by increased SOC content is greater on sandier soils (Bayala e",11,False,sandier soils,,,"[dropped 2026-09-18 by peetmate; reason:wrong_table; note:this is not sutiability, this is soil improvement which is T6] cited from Bayala et al.",page,,b688621632ab86d13d784de709c818f0c4efa704,,,,,dropped,v1.2
EV_lohbeck_2020_005,lohbeck_2020,agroforestry,agroforestry__regeneration_farmland,rootstock_presence,"{""variable"": ""rootstock_presence"", ""direction"": ""required_regeneration_source""}","{""region"": ""sub-Saharan Africa""}",structural_suitability,literature_relationship,expert_assertion,practice_technology,,high,"Management principally includes selecting, protecting and pruning regenerating plants arising from re-sprouting rootstock or from seeds. It does not include exclosures, where agriculture is excluded from an area of land to allow regeneration",2,False,re-sprouting rootstock or from seeds,,,,page,,b688621632ab86d13d784de709c818f0c4efa704,,,,,,v1.2
EV_lohbeck_2020_016,lohbeck_2020,agroforestry,agroforestry__regeneration_farmland,tenure_security,"{""variable"": ""tenure_security"", ""direction"": ""insecure_tenure_reduces_adoption"", ""mechanism"": ""no_incentive_for_long_term_investment_if_tenure_insecure""}","{""region"": ""Africa""}",operational_risk,literature_relationship,expert_assertion,practice_technology,,high,Insecure land and tree tenure remain key bottlenecks for adoption of FMNR. Complexities in tree and land tenure security can be traced back to the colonial era which set forest codes and management regimes characterized by asymmetr,11,False,Insecure land and tree tenure remain key bottlenecks for adoption of FMNR,,,,page,,b688621632ab86d13d784de709c818f0c4efa704,,,,,,v1.2
EV_lohbeck_2020_017,lohbeck_2020,agroforestry,agroforestry__regeneration_farmland,extension_governance,"{""variable"": ""governance"", ""direction"": ""governance_and_bylaws_influence_adoption_and_scaling"", ""factors"": [""tenure_policy"", ""grazing_bylaws"", ""conflict_management"", ""reduced_forestry_official_interference""]}","{""region"": ""Africa"", ""country"": ""Niger""}",operational_risk,literature_relationship,expert_assertion,practice_technology,,high,"Widespread adoption of FMNR is heavily inﬂuenced by the social context, especially governance factors commonly known to play a role in adoption and scaling up of technologies. These include farmer’s choices and their decisions about tree selection and management, land and tree tenure, policy and institutions such as by-laws relating to grazing and conﬂict management, especially between crop farmers and pastor",11,False,governance factors ... by-laws relating to grazing and conﬂict management,,,,page,,b688621632ab86d13d784de709c818f0c4efa704,,,,,,v1.2
EV_researchsquare_fmnr_2025_001,researchsquare_fmnr_2025,agroforestry,agroforestry__regeneration_farmland,annual_precipitation,"{""direction"": ""envelope"", ""note"": ""study domain / observed FMNR tree-cover reconstruction zone"", ""abs_min"": 300, ""abs_max"": 800}","{""region"": ""Sahel"", ""landcover"": ""cropland""}",structural_suitability,scoping_candidate,primary_measured,practice_technology,,low,"this limitation, we 119 reconstructed annual tree cover from 1999 to 2024 across the Sahel (300–800 mm mean 120 annual rainfall) using dry-season median composites from Landsat 7, 8, and 9. We focused 121 specifically on 2.4 million km² of croplan",5,False,mean annual rainfall (300-800 mm),,,,page,,b688621632ab86d13d784de709c818f0c4efa704,,,,,,v1.2
EV_researchsquare_fmnr_2025_002,researchsquare_fmnr_2025,agroforestry,agroforestry__regeneration_farmland,annual_precipitation,"{""direction"": ""lower_bound"", ""abs_min_mm"": 300, ""note"": ""cropland trees counted for >300mm annual precipitation""}","{""region"": ""Sahel"", ""landcover"": ""cropland""}",structural_suitability,scoping_candidate,primary_measured,practice_technology,,low,690 Extended Figure 1: Country level counts trees for croplands experiencing more than 300mm annual 691 precipitation. 692,25,False,croplands experiencing more than 300mm annual precipitation,,,"[dropped 2026-09-18 by peetmate; reason:off_scope; note:badly wrong. this is just a figure showing rainfall and coutnries, why on earth would you consider this suitable for inclusion. BAD BAD BAD you must not include data such as this it undermines the evidence base and trust in the AI extraction system completely.]",page,,b688621632ab86d13d784de709c818f0c4efa704,,,,,dropped,v1.2
EV_ijbcs_rna_mali_2020_001,ijbcs_rna_mali_2020,agroforestry,agroforestry__regeneration_farmland,annual_precipitation,"{""zone"": ""sahel_arid_semiarid"", ""annual_precip_mm_low"": 200, ""annual_precip_mm_high"": 600}","{""country"": ""Mali"", ""region"": ""Sahel"", ""aez"": ""arid_semi_arid""}",structural_suitability,literature_relationship,primary_measured,practice_technology,,medium,"Au Mali, le sahel couvre 320 000 km2, environ 26% du territoire national. Le Sahel correspond à des écosystèmes arides et semi- arides, avec une pluviométrie moyenne annuelle variant entre 200 et 600 mm (English: In Mali, the Sahel covers 320,000 km2, about 26% of the national territory. The Sahel corresponds to arid and semi-arid ecosystems, with a mean annual rainfall varying between 200 and 600 mm)",3,False,pluviométrie moyenne annuelle,,,[dropped 2026-09-18 by peetmate; reason:off_scope; note:study context],page,,b688621632ab86d13d784de709c818f0c4efa704,,,,,dropped,v1.2
EV_ijbcs_rna_mali_2020_002,ijbcs_rna_mali_2020,agroforestry,agroforestry__regeneration_farmland,land_degradation,"{""share_land_degraded_pct"": 20, ""share_population_affected_pct"": 65, ""direction"": ""degradation_motivates_FMNR""}","{""region"": ""sub_Saharan_Africa""}",structural_suitability,literature_relationship,expert_assertion,practice_technology,,low,"s la plupart des pays d’Afrique subsaharienne avec plus de 20% des terres déjà dégradées et affectant plus de 65% de la population. Cette situation, combinée avec le changement climatique, nécessitent la génération et l’adoption rapide de pratiques d (English: in most sub-Saharan African countries with more than 20% of lands already degraded and affecting more than 65% of the population. This situation, combined with climate change, requires the generation and rapid adoption of practices)",2,False,terres déjà dégradées,,,,page,,b688621632ab86d13d784de709c818f0c4efa704,,,,,,v1.2
EV_ijbcs_rna_mali_2020_003,ijbcs_rna_mali_2020,agroforestry,agroforestry__regeneration_farmland,extension_governance,"{""factor"": ""FMNR_training"", ""direction"": ""increases_adoption"", ""logit_coef"": 0.533, ""significance"": ""P<1%""}","{""country"": ""Mali"", ""aez"": ""sudano_sahelian""}",operational_risk,literature_relationship,primary_measured,practice_technology,,medium,".001 Formation/RNA 11.52 0.000 0.533*** Association villageoise -0.45 0.652 -0.024 Accès au crédit -2.03 0.042 -0.101** Tenure foncière -1.03 0.303 -0,097 Superficie -0.97 0.330 -0.006 Fertilisants 1.86 0.063 0.095* Cueillette 2.59 0.010 0.145**",10,False,Formation/RNA (training on FMNR),,,,page,,b688621632ab86d13d784de709c818f0c4efa704,,,,,,v1.2
EV_ijbcs_rna_mali_2020_004,ijbcs_rna_mali_2020,agroforestry,agroforestry__regeneration_farmland,finance_credit_access,"{""factor"": ""credit_access"", ""direction"": ""decreases_adoption"", ""marginal_effect_pct"": 10, ""significance"": ""P<5%""}","{""country"": ""Mali"", ""aez"": ""sudano_sahelian""}",operational_risk,literature_relationship,primary_measured,practice_technology,,medium,"A d’environ 10% et 16%. Accès au crédit Dans la zone d’étude, la variable accès au crédit influence de façon négative l’adoption de la RNA au seuil de 5%. Cela suppose que cette variable diminue la probabilité d’adopter la RNA de 10%. (English: of about 10% and 16%. Access to credit In the study area, the variable access to credit negatively influences the adoption of RNA at the 5% threshold. This suggests that this variable decreases the probability of adopting RNA by 10%.)",11,False,Accès au crédit,,,,page,,b688621632ab86d13d784de709c818f0c4efa704,,,,,,v1.2
EV_ijbcs_rna_mali_2020_005,ijbcs_rna_mali_2020,agroforestry,agroforestry__regeneration_farmland,household_income,"{""factor"": ""farm_and_off_farm_income"", ""direction"": ""increases_adoption""}","{""country"": ""Mali"", ""aez"": ""sudano_sahelian""}",operational_risk,literature_relationship,primary_measured,practice_technology,,medium,Nos résultats montrent que les revenus agricoles et extra agricoles augmentent la probabilité d’adoption de la RNA. (English: Our results show that farm and off-farm incomes increase the probability of RNA adoption.),11,False,revenus agricoles et extra agricoles,,,,page,,b688621632ab86d13d784de709c818f0c4efa704,,,,,,v1.2
EV_ijbcs_rna_mali_2020_006,ijbcs_rna_mali_2020,agroforestry,agroforestry__regeneration_farmland,tenure_security,"{""factor"": ""land_tenure_inheritance"", ""logit_coef"": -0.097, ""significance"": ""not_significant""}","{""country"": ""Mali"", ""aez"": ""sudano_sahelian""}",operational_risk,literature_relationship,primary_measured,practice_technology,,medium,".001 Formation/RNA 11.52 0.000 0.533*** Association villageoise -0.45 0.652 -0.024 Accès au crédit -2.03 0.042 -0.101** Tenure foncière -1.03 0.303 -0,097 Superficie -0.97 0.330 -0.006 Fertilisants 1.86 0.063 0.095* Cueillette 2.59 0.010 0.145**",10,False,Tenure foncière,,,,page,,b688621632ab86d13d784de709c818f0c4efa704,,,,,,v1.2
EV_ijbcs_rna_mali_2020_007,ijbcs_rna_mali_2020,agroforestry,agroforestry__regeneration_farmland,soil_fertility,"{""factor"": ""fertilizer_use"", ""direction"": ""increases_adoption"", ""significance"": ""P<10%""}","{""country"": ""Mali"", ""aez"": ""sudano_sahelian""}",structural_suitability,literature_relationship,primary_measured,practice_technology,,low,Effet de l’utilisation des fertilisants L’utilisation des fertilisants est une variable significative au seuil de 10% et influence positivement l’adoption de la RNA. Ce résultat nous indique que les exploitants qui fertilisent leurs parcelles de cultures sont plus aptes à a (English: Effect of fertilizer use Fertilizer use is a significant variable at the 10% threshold and positively influences RNA adoption. This result indicates that farmers who fertilize their crop plots are more apt to a),11,False,utilisation des fertilisants,,,,page,,b688621632ab86d13d784de709c818f0c4efa704,,,,,,v1.2
EV_weston_2015_001,weston_2015,agroforestry,agroforestry__regeneration_farmland,annual_precipitation,"{""variable"": ""annual_precipitation"", ""unit"": ""mm_per_year"", ""sudanian_zone_max"": 1000, ""direction"": ""practice_occurs_across_dryland_rainfall_band"", ""abs_min"": 250, ""abs_max"": 500}","{""region"": ""West Africa"", ""aez"": ""semi_arid"", ""zones"": ""Sahelian to Sudanian""}",structural_suitability,literature_relationship,cited_secondary,practice_technology,,high,"FMNR has principally been developed in the drylands of West Africa. These are the bioclimatic zones that separate the Sahara desert from West Africa’s humid coastal equatorial zone. They range from the arid Sahelian zone to the north, with highly variable rainfall totalling 250-500 mm/yr, to the sub-humid Sudanian zone to the south, with up to 1000 mm/yr (UNCCD and CFC 2009).",2,true,rainfall totalling 250-500 mm/yr ... up to 1000 mm/yr,,,[reviewed 2026-09-18 by peetmate] cited from UNCCD and CFC 2009,page,,b688621632ab86d13d784de709c818f0c4efa704,,,,,,v1.2
EV_weston_2015_002,weston_2015,agroforestry,agroforestry__regeneration_farmland,annual_precipitation,"{""variable"": ""annual_precipitation"", ""site_mean"": 950, ""unit"": ""mm_per_year"", ""note"": ""case_study_site_context""}","{""country"": ""Ghana"", ""region"": ""northernmost Ghana / Talensi"", ""aez"": ""semi_arid_tropical""}",structural_suitability,scoping_candidate,expert_assertion,practice_technology,,medium,"The northernmost region of Ghana has a semi-arid tropical dryland climate. Rainfall, which averages 950mm per year, is highly variable and concentrated in the period between May and October (Dietz et al.",10,False,"Rainfall, which averages 950mm per year",,,cited from Dietz et al.,page,,b688621632ab86d13d784de709c818f0c4efa704,,,,,,v1.2
EV_weston_2015_003,weston_2015,agroforestry,agroforestry__regeneration_farmland,rootstock_presence,"{""variable"": ""tree_density"", ""baseline_trees_per_ha"": 5, ""cropland_restored_trees_per_ha"": 57, ""forest_restored_trees_per_ha"": 2343, ""unit"": ""trees_per_ha"", ""cropland_area_ha"": 336, ""forest_area_ha"": 161, ""direction"": ""FMNR_raises_density_from_low_existing_rootstock_baseline""}","{""country"": ""Ghana"", ""region"": ""Talensi""}",structural_suitability,literature_relationship,primary_measured,practice_technology,,high,"community members used FMNR to restore 161 hectares of community-managed forest (with an average density of 2,343 trees/ha) and 336 ha of crop land (with an average tree density of 57 per ha.). These contrast with baseline tree density in both lands of 5 trees/ha. These managed forests now contain around 567,000 trees of which 377,000 can be counted as additional due to the projec",12,False,"baseline tree density in both lands of 5 trees/ha ... average tree density of 57 per ha ... average density of 2,343 trees/ha",,,"[dropped 2026-09-18 by peetmate; reason:off_scope; note:this is descriptive of where FMNR was done, it is akin to the study context and directly suited as a variable for suitabilty mapping.]",page,,b688621632ab86d13d784de709c818f0c4efa704,,,,,dropped,v1.2
EV_binam_2017_007,binam_2017,agroforestry,agroforestry__regeneration_farmland,tenure_security,"{""metric"": ""land_plots_inherited_share"", ""pct_inherited"": 85, ""direction"": ""tenure_not_constraining_when_inherited""}","{""country"": ""Sahel"", ""region"": ""West Africa"", ""aez"": ""semi_arid""}",operational_risk,literature_relationship,primary_measured,practice_technology,,medium,"Land tenure would has been a constraining factor, but in the study area, over 85% of all land plots were inherited in each of the c",26,False,proportion of land plots inherited (tenure not a constraint),,,,page,,b688621632ab86d13d784de709c818f0c4efa704,,,,,,v1.2
EV_glce_fmnr_mali_2023_007,glce_fmnr_mali_2023,agroforestry,agroforestry__regeneration_farmland,carbon_biomass,"{""metric"": ""age at nitrogen-fixation maturity (years)"", ""maturity_age_years"": ""5-6"", ""direction"": ""N-fixation reaches maturity at 5-6 years""}","{""country"": ""Mali"", ""aez"": ""sahel"", ""practice"": ""FMNR"", ""process"": ""soil fertility via N-fixing trees""}",structural_suitability,literature_relationship,expert_assertion,species_specific,,medium,"For example, nitrogen fixation of leguminous Acacia spp trees reaches maturity at the age of 5–6 years (Nitrogen Fixing Tree Association, 1989).",8,False,nitrogen fixation of leguminous Acacia spp trees (maturity age),Acacia spp,,,page,,b688621632ab86d13d784de709c818f0c4efa704,,,,,,v1.2
EV_sendzimir_2011_001,sendzimir_2011,agroforestry,agroforestry__regeneration_farmland,annual_precipitation,"{""regreening_zone_vegetation"": [""brush-grass savanna"", ""steppe""], ""rainfall_gradient_mm_y"": {""min"": 200, ""max"": 900}, ""note"": ""regreening region is brush-grass savanna (mostly) and steppe within the 200-900 mm/y band""}","{""country"": ""Niger"", ""region"": ""Maradi/Zinder"", ""aez"": ""semi_arid""}",structural_suitability,literature_relationship,expert_assertion,practice_technology,,medium,These zones reflect the banding of rainfall isohyets along a north–south gradient from less than 200 mm/y up to 900 mm/y. Desert and semidesert dominate the northern two-thirds of Niger. The region over which regreening is estimated to have occurred is brush– grass savanna (mostly) and steppe.,3,False,brush-grass savanna and steppe / rainfall isohyets,,,,page,,b688621632ab86d13d784de709c818f0c4efa704,,,,,,v1.2
EV_wri_regreening_2015_001,wri_regreening_2015,agroforestry,agroforestry__regeneration_farmland,annual_precipitation,"{""type"": ""range"", ""direction"": ""growth rate increases with rainfall; occurs below 400 mm but slower"", ""abs_min"": 400, ""opt_low"": 400, ""opt_high"": 800}","{""region"": ""Sahel"", ""aez"": ""semi_arid"", ""study_context"": ""SSA""}",structural_suitability,literature_relationship,expert_assertion,practice_technology,,medium,"Rainfall in excess of 400 mm/year. Experience in the Sahel shows that regreening has spread most in areas with 400–800 millimeters of annual rainfall. This does not imply that regreening does not occur in regions with less than 400 millimeters, but growth rates of the vegetation in areas with low rainfall is usually much slower than in areas of higher rainfall.",58,False,Rainfall in excess of 400 mm/year,,,[query 2026-09-18 by peetmate; reason:other; note:why is rainfall not included as the variable in the encoded variable?],page,,b688621632ab86d13d784de709c818f0c4efa704,,,,,,v1.2
EV_wri_regreening_2015_002,wri_regreening_2015,agroforestry,agroforestry__regeneration_farmland,soil_texture,"{""favoured_class"": ""sandy"", ""direction"": ""sandy soils ease root development; occurs on many soil types"", ""mechanism"": ""root system development""}","{""region"": ""Sahel"", ""study_context"": ""SSA""}",structural_suitability,literature_relationship,expert_assertion,practice_technology,,medium,"Sandy soils. Although regreening occurs on many types of soils, sandy soils make it easy for root systems to develo",58,False,Sandy soils,,,,page,,b688621632ab86d13d784de709c818f0c4efa704,,,,,,v1.2
EV_wri_regreening_2015_003,wri_regreening_2015,agroforestry,agroforestry__regeneration_farmland,rootstock_presence,"{""direction"": ""living stumps/root systems from previously cut trees enable rapid regrowth"", ""mechanism"": ""regrowth from mature root stocks"", ""note"": ""present across many soil types""}","{""region"": ""Sahel"", ""study_context"": ""SSA""}",structural_suitability,literature_relationship,expert_assertion,practice_technology,,medium,A second source of natural regeneration is what Australian agronomist Tony Rinaudo calls “the underground forest” (Rinaudo 2007). The root systems of trees that were cut in the past are still present in many landscapes and across many types of soils. When farmers an,19,False,Root systems as a source of natural regeneration (the underground forest),,,,page,,b688621632ab86d13d784de709c818f0c4efa704,,,,,,v1.2
EV_wri_regreening_2015_004,wri_regreening_2015,agroforestry,agroforestry__regeneration_farmland,population_density,"{""direction"": ""on-farm tree density higher where population density high and fallow eliminated"", ""association"": ""positive""}","{""country"": ""Niger"", ""region"": ""Sahel"", ""study_context"": ""SSA""}",structural_suitability,literature_relationship,expert_assertion,practice_technology,,low,"First, farmers have tended to increase the number of on- farm trees in regions where high population densi- ties and more intensive agriculture have displaced most of the natural woodlands. Higher numbers of on-farm trees are also associated with regions where fallow periods have been eliminated as a result of demographic pressures, pushing farmers to find other ways to restore and maintain cropland soil fertility.",21,False,high population densities / demographic pressure,,,"[dropped 2026-09-18 by peetmate; reason:other; note:this is information for the next steps, but completey unsuitable for T4!]",page,,b688621632ab86d13d784de709c818f0c4efa704,,,,,dropped,v1.2
EV_wri_regreening_2015_013,wri_regreening_2015,agroforestry,agroforestry__regeneration_farmland,tenure_security,"{""direction"": ""insecure tree tenure is a barrier; clarifying rights to manage on-farm trees reduces barriers"", ""note"": ""most smallholders have permanent land use right so land (vs tree) tenure often not main constraint""}","{""region"": ""Sahel"", ""study_context"": ""SSA""}",operational_risk,literature_relationship,expert_assertion,practice_technology,,medium,"And while insecure land tenure may not be a major constraint in some landscapes, as noted earlier, it is important to consider issues related to land and tree tenure, and especially to clarify and affirm rights to manage trees on farms as part of an effort to reduce barriers and impro",63,False,land and tree tenure; rights to manage trees on farms,,,,page,,b688621632ab86d13d784de709c818f0c4efa704,,,,,,v1.2
EV_wri_regreening_2015_014,wri_regreening_2015,agroforestry,agroforestry__regeneration_farmland,extension_governance,"{""direction"": ""forest-service policing culture is a barrier; shift to extension role + forest-law/policy reform enables FMNR""}","{""region"": ""Sahel"", ""study_context"": ""SSA""}",operational_risk,literature_relationship,expert_assertion,practice_technology,,medium,"Forest service culture and drivers of behavior need reform to move them from a focus on policing to an extension role. The practice of forest service agents is as important as forest policy and the texts of forest laws. For this reason, it is especially important to review training programs for forestry and extension agents and researchers so that they fully appreciate the benefits of FMNR and other agroforestry practices",45,False,forest service reform; forestry code and extension training re FMNR,,,,page,,b688621632ab86d13d784de709c818f0c4efa704,,,,,,v1.2
EV_fao_anr_2019_002,fao_anr_2019,agroforestry,agroforestry__regeneration_farmland,soil_fertility,"{""soil_fertility_as_constraint"": ""not_limiting"", ""note"": ""growth responds to fertilizer regardless of fertility, seedlings up to ~1.5 m""}","{""region"": ""Asia-Pacific"", ""scope"": ""forest_restoration""}",structural_suitability,literature_relationship,expert_assertion,practice_technology,,low,"Most tree seedlings and saplings up to about 1.5 m tall will respond well to fertilizer applications, regardless of the soil fertility. Fertilizer application increases survival and accelerates growth and crown development.",36,False,seedlings respond well to fertilizer regardless of soil fertility,,,,page,,b688621632ab86d13d784de709c818f0c4efa704,,,,,,v1.2
EV_fao_anr_2019_003,fao_anr_2019,agroforestry,agroforestry__regeneration_farmland,land_degradation,"{""applicable_land"": ""degraded_denuded"", ""establishment_condition"": ""not_burned_or_disturbed"", ""natural_recovery_years_low"": 10, ""natural_recovery_years_high"": 20, ""direction"": ""protection_from_fire_disturbance_enables_regeneration""}","{""region"": ""Asia-Pacific"", ""scope"": ""forest_restoration""}",structural_suitability,literature_relationship,expert_assertion,practice_technology,,medium,"To understand ANR, it is important to note what happens in degraded and denuded lands that are not burned or otherwise disturbed. After 10 to 20 years, these lands will be covered by trees and many o",11,true,degraded/denuded lands not burned or disturbed regenerate to tree cover in 10-20 years,,,[reviewed 2026-09-18 by peetmate] cited from Shono et al. 2007,page,,b688621632ab86d13d784de709c818f0c4efa704,,,,,,v1.2
EV_fao_anr_2019_004,fao_anr_2019,agroforestry,agroforestry__regeneration_farmland,labour_availability,"{""labour_role"": ""main_cost_driver"", ""spot_marking_rate"": ""400-500 spots per ha per worker per 8 hours (moderately sloping terrain)""}","{""region"": ""Asia-Pacific"", ""scope"": ""forest_restoration""}",operational_risk,literature_relationship,expert_assertion,practice_technology,,medium,"Labor is the main cost associated with ANR implementation. Normally, in moderately sloping terrain, one worker can usually complete locating and marking 400 to 500 spots in 1 ha within eight hours, not including the ti",48,False,labor is the main cost of ANR implementation,,,cited from Shono et al. 2007,page,,b688621632ab86d13d784de709c818f0c4efa704,,,,,,v1.2
EV_fao_anr_2019_005,fao_anr_2019,agroforestry,agroforestry__regeneration_farmland,tenure_security,,"{""region"": ""Asia-Pacific"", ""scope"": ""forest_restoration""}",operational_risk,literature_relationship,expert_assertion,practice_technology,,low,n development or other land uses; lack of institutional support by government agencies and other organizations; unclear tenure and property rights;,7,False,unclear tenure and property rights; lack of institutional support as barriers,,,,page,,b688621632ab86d13d784de709c818f0c4efa704,,,,,,v1.2
EV_eld_fmnr_2020_001,eld_fmnr_2020,agroforestry,agroforestry__regeneration_farmland,rootstock_presence,"{""direction"": ""enabling_condition"", ""requires"": ""living_tree_stumps_able_to_coppice_or_seeds_in_soil""}","{""region"": ""West & East Africa"", ""aez"": ""dryland""}",structural_suitability,literature_relationship,expert_assertion,practice_technology,,medium,It involves proactively nurturing natural tree regen- eration (either from stumps or from seeds) to increase tree cover in fields with the goal of increasing the value or quantity of woody vegetation on farmland. It can be used wherever there are living tree stumps with the ability to coppice (re-sprout) or seeds in the soil that will germinate.,22,False,living tree stumps with the ability to coppice (re-sprout) or seeds in the soil,,,,page,,b688621632ab86d13d784de709c818f0c4efa704,,,,,,v1.2
EV_eld_fmnr_2020_002,eld_fmnr_2020,agroforestry,agroforestry__regeneration_farmland,land_cover,"{""direction"": ""applies_on"", ""host_landcover"": ""farmland_fields"", ""requires"": ""living_tree_stumps_or_soil_seedbank""}","{""region"": ""West & East Africa"", ""aez"": ""dryland""}",structural_suitability,literature_relationship,expert_assertion,practice_technology,,medium,The approach aims to create a vegetative cover (i.e. agroforestry parkland system) by proactively nurturing natural tree regeneration (either from stumps or from seeds) to increase tree cover in fields with the goal of increasing the value or quantity of woody vege- tation on farmland. It can be used wherever there are living tree stumps with the ability to cop- pice (re-sprout) or seeds in the soil th,11,False,agroforestry parkland system on farmland,,,"[dropped 2026-09-18 by peetmate; reason:unusable_value; note:no variable, no mechanism for using this in suitability analysis, impractical and useless]",page,,b688621632ab86d13d784de709c818f0c4efa704,,,,,dropped,v1.2
EV_eld_fmnr_2020_003,eld_fmnr_2020,agroforestry,agroforestry__regeneration_farmland,aridity_index,"{""direction"": ""constraint_by_zone"", ""arid_zone"": ""tree_establishment_very_difficult_without_irrigation"", ""semi_arid_zone"": ""FMNR_foundational_on_agricultural_land""}","{""region"": ""West & East Africa"", ""aez"": ""arid_and_semi_arid""}",structural_suitability,literature_relationship,expert_assertion,practice_technology,,medium,"Successful establishment of
trees very difficult in the ab-
sence of irrigation",25,true,Arid zone vs Semi-arid zone tree-based production systems,,,[dropped 2026-09-18 by peetmate; reason:unusable_value; note:this not useful for suitability mapping] [reviewed 2026-08-06 by Namita-J],page,,b688621632ab86d13d784de709c818f0c4efa704,,,,,dropped,v1.2
EV_wocat_507_2019_001,wocat_507_2019,agroforestry,agroforestry__regeneration_farmland,annual_precipitation,"{""observed_range_mm"": [1001, 1500], ""mean_mm"": 1350, ""direction"": ""practice_present_in_range""}","{""country"": ""Kenya"", ""aez"": ""semi_arid"", ""site"": ""Homa Bay""}",structural_suitability,scoping_candidate,expert_assertion,practice_technology,,medium,NATURAL ENVIRONMENT Average annual rainfall 1 001 – 1 500 mm Agro-climatic zone semi-arid Specifications on climate Average annual rainfall in mm: 1 350 The precipitation varies a lot within the area/ county.,4,False,Average annual rainfall,,,[dropped 2026-09-18 by peetmate; reason:unusable_value],page,,b688621632ab86d13d784de709c818f0c4efa704,,,,,dropped,v1.2
EV_wocat_507_2019_002,wocat_507_2019,agroforestry,agroforestry__regeneration_farmland,aridity_index,"{""agro_climatic_zone"": ""semi-arid""}","{""country"": ""Kenya"", ""site"": ""Homa Bay""}",structural_suitability,scoping_candidate,expert_assertion,practice_technology,,medium,Agro-climatic zone semi-arid Specifications on climate Average annual rainfall in mm: 1 350 The precipitation varies a lot within the area/ county.,4,False,Agro-climatic zone,,,,page,,b688621632ab86d13d784de709c818f0c4efa704,,,,,,v1.2
EV_wocat_507_2019_003,wocat_507_2019,agroforestry,agroforestry__regeneration_farmland,annual_precipitation,"{""direction"": ""FMNR_advantaged_in_arid_semiarid_vs_planting""}","{""country"": ""Kenya""}",structural_suitability,scoping_candidate,expert_assertion,practice_technology,,low,the survival rate in arid and semi-arid climates is often very poor. On the other hand Farmer Managed Natural Regeneration (FMNR) is a cheap and effective way,1,False,arid and semi-arid climates survival rate,,,[query 2026-09-18 by peetmate; reason:unusable_value; note:i don't think the encoded value is very useable it is just a direction there is no variable or anything....how are we supposed to use this?],page,,b688621632ab86d13d784de709c818f0c4efa704,,,,,,v1.2
EV_wocat_507_2019_004,wocat_507_2019,agroforestry,agroforestry__regeneration_farmland,slope,"{""observed_slope_class"": ""gentle"", ""observed_slope_pct"": [3, 5]}","{""country"": ""Kenya"", ""site"": ""Homa Bay""}",structural_suitability,scoping_candidate,expert_assertion,practice_technology,,low,Rainfall is distributed over two rainy seasons: April-May (long rains) and September to November (short rains). Slope gentle (3-5%) hilly (16-30%) Landforms hill slopes valley floors Altitude 0 – 100 m a.s.l. 1 501 – 2 000 m a.s.l. Techn,4,False,Slope gentle (3-5%),,,,page,,b688621632ab86d13d784de709c818f0c4efa704,,,,,,v1.2
EV_wocat_507_2019_005,wocat_507_2019,agroforestry,agroforestry__regeneration_farmland,soil_texture,"{""topsoil_texture"": ""medium (loamy, silty)"", ""subsoil_texture"": ""coarse/ light (sandy)"", ""soil_depth"": ""moderately deep (51-80 cm)"", ""topsoil_om_pct"": [1, 3]}","{""country"": ""Kenya"", ""site"": ""Homa Bay""}",structural_suitability,scoping_candidate,expert_assertion,practice_technology,,medium,"Soil depth moderately deep (51-80 cm) Soil texture (topsoil) medium (loamy, silty) Soil texture (> 20 cm below surface) coarse/ light (sandy) Topsoil organic matter content medium (1-3%)",4,False,Soil texture (topsoil) / (>20 cm below surface),,,[query 2026-09-18 by peetmate; reason:insufficient_context; note:need more infomation on what the table is showing (include caption - this could be as text in the quote or elsewhere)],page,,b688621632ab86d13d784de709c818f0c4efa704,,,,,,v1.2
EV_wocat_507_2019_006,wocat_507_2019,agroforestry,agroforestry__regeneration_farmland,rootstock_presence,"{""precondition"": ""existing_rootstock_stumps_or_seedbank_required"", ""direction"": ""FMNR_gated_by_presence_of_regenerable_woody_material""}","{""country"": ""Kenya""}",structural_suitability,scoping_candidate,expert_assertion,practice_technology,,medium,"The technology relies on the fact that even in deforested areas, soils often still maintain some active roots systems and viable seeds of native woody plants. Selectively promoted, leaving only a few main shoots, they can grow into trees within a few years.",1,False,"existing trees stumps, or self-sown seeds / active roots systems and viable seeds",,,,page,,b688621632ab86d13d784de709c818f0c4efa704,,,,,,v1.2
EV_wocat_507_2019_007,wocat_507_2019,agroforestry,agroforestry__regeneration_farmland,tree_canopy_cover,"{""managed_tree_density_range_per_ha"": [10, 150], ""low_density_per_ha"": [10, 20], ""abs_max"": 150}","{""country"": ""Kenya""}",structural_suitability,scoping_candidate,expert_assertion,practice_technology,,medium,"- By leaving very few trees (10 - 20 / ha), or by leaving very many (150 trees/ ha).",3,False,"leaving very few trees (10 - 20 / ha), or by leaving very many (150 trees/ ha)",,,,page,,b688621632ab86d13d784de709c818f0c4efa704,,,,,,v1.2
EV_wocat_507_2019_008,wocat_507_2019,agroforestry,agroforestry__regeneration_farmland,land_cover,"{""applicable_land_use"": [""cropland"", ""unproductive land / degraded wasteland"", ""forest/woodlands""], ""purpose"": ""restore degraded wasteland and improve depleted farmland""}","{""country"": ""Kenya""}",structural_suitability,scoping_candidate,expert_assertion,practice_technology,,medium,Farmer Managed Natural Regeneration (FMNR) is a proven SLM Technology to restore degraded wasteland and improve depleted farmland.,1,true,degraded wasteland / cropland / mixed agroforestry,,,[reviewed 2026-09-18 by peetmate; note:not wrong but not teribly useful either] [AUTO-QUARANTINE off_scope:land_cover_no_classes],page,,b688621632ab86d13d784de709c818f0c4efa704,,,,,,v1.2
EV_wocat_507_2019_014,wocat_507_2019,agroforestry,agroforestry__regeneration_farmland,labour_availability,"{""direction"": ""labour_intensive_at_establishment"", ""note"": ""external labour can be sourced because the technology brings income; workload increased slightly""}","{""country"": ""Kenya"", ""site"": ""Homa Bay""}",operational_risk,scoping_candidate,expert_assertion,practice_technology,,low,Women may find the actual management difficult at some stage and quite labour intensive. — Since the technology brings income even external labor can be sourced.,7,False,labour intensive / external labor can be sourced,,,,page,,b688621632ab86d13d784de709c818f0c4efa704,,,,,,v1.2
EV_wocat_1358_2017_001,wocat_1358_2017,agroforestry,agroforestry__regeneration_farmland,annual_precipitation,"{""direction"": ""suitable_range"", ""climate_spec_mm"": ""300-600"", ""abs_min"": 251, ""abs_max"": 750}","{""country"": ""Burkina Faso"", ""aez"": ""semi_arid""}",structural_suitability,scoping_candidate,expert_assertion,practice_technology,,medium,NATURAL ENVIRONMENT Average annual rainfall 251 – 500 mm 501 – 750 mm Agro-climatic zone semi-arid Specifications on climate 300-600 mm Thermal climate class: trop,4,False,Average annual rainfall / Specifications on climate 300-600 mm,,,"[query 2026-09-18 by peetmate; reason:insufficient_context; note:the table has no caption, I cannot interpret without it.]",page,,b688621632ab86d13d784de709c818f0c4efa704,,,,,,v1.2
EV_wocat_1358_2017_002,wocat_1358_2017,agroforestry,agroforestry__regeneration_farmland,aridity_index,"{""agro_climatic_zone"": ""semi-arid""}","{""country"": ""Burkina Faso"", ""aez"": ""semi_arid""}",structural_suitability,scoping_candidate,expert_assertion,practice_technology,,medium,f the Technology in USD 810.00 NATURAL ENVIRONMENT Average annual rainfall 251 – 500 mm 501 – 750 mm Agro-climatic zone semi-arid Specifications on climate 300-600 mm Thermal climate class: tropics Slope flat (0-2%) Landforms plateau/plains Altitude,4,False,Agro-climatic zone semi-arid,,,,page,,b688621632ab86d13d784de709c818f0c4efa704,,,,,,v1.2
EV_wocat_1358_2017_003,wocat_1358_2017,agroforestry,agroforestry__regeneration_farmland,slope,"{""slope_class"": ""flat"", ""abs_min"": 0, ""abs_max"": 2}","{""country"": ""Burkina Faso"", ""landform"": ""plateau/plains""}",structural_suitability,scoping_candidate,expert_assertion,practice_technology,,medium,Agro-climatic zone semi-arid Specifications on climate 300-600 mm Thermal climate class: tropics Slope flat (0-2%) Landforms plateau/plains Altitude 0 – 100 m a.s.l. Technology is applied in Soil depth Soil texture (topsoi,4,False,Slope flat (0-2%),,,[query 2026-09-18 by peetmate; reason:insufficient_context; note:there is not explanation of what this table is showing me! there is no caption I cannot interpret it. the same goes for all evidence from this table.],page,,b688621632ab86d13d784de709c818f0c4efa704,,,,,,v1.2
EV_wocat_1358_2017_004,wocat_1358_2017,agroforestry,agroforestry__regeneration_farmland,soil_texture,"{""topsoil_texture"": ""fine/heavy (clay)"", ""topsoil_organic_matter"": ""low (<1%)""}","{""country"": ""Burkina Faso""}",structural_suitability,scoping_candidate,expert_assertion,practice_technology,,medium,: tropics Slope flat (0-2%) Landforms plateau/plains Altitude 0 – 100 m a.s.l. Technology is applied in Soil depth Soil texture (topsoil) fine/ heavy (clay) Soil texture (> 20 cm below surface) Topsoil organic matter content low (<1%) Groundwater table Availability of surface water Water,4,true,Soil texture (topsoil) fine/ heavy (clay),,,"[query 2026-09-18 by peetmate; reason:insufficient_context; note:the table has no caption, I cannot interpret without it.] [reviewed 2026-08-06 by Namita-J]",page,,b688621632ab86d13d784de709c818f0c4efa704,,,,,,v1.2
EV_wocat_1358_2017_005,wocat_1358_2017,agroforestry,agroforestry__regeneration_farmland,land_degradation,"{""target_land_status"": ""severely_degraded"", ""degradation_types"": [""soil_erosion_water"", ""soil_erosion_wind"", ""chemical_fertility_decline""]}","{""country"": ""Burkina Faso""}",structural_suitability,scoping_candidate,expert_assertion,practice_technology,,medium,r supply rainfed Purpose related to land degradation restore/ rehabilitate severely degraded land Degradation addressed soil erosion by water Wt: loss of topsoil/ surface erosion soil erosion by wind Et: loss of topsoil chemical soil deterioration Cn: fertility decline and reduced organic matter content (not caused by,2,False,restore/ rehabilitate severely degraded land,,,"[query 2026-09-18 by peetmate; reason:insufficient_context; note:I cannot interpret the table without a caption or explanation, it is out of context. I assume it is about FMNR, but I will have to open the pdf to check.]",page,,b688621632ab86d13d784de709c818f0c4efa704,,,,,,v1.2
EV_wocat_1358_2017_006,wocat_1358_2017,agroforestry,agroforestry__regeneration_farmland,land_degradation,"{""target_land_status"": ""degraded"", ""plot_area_ha"": 3}","{""country"": ""Burkina Faso""}",structural_suitability,scoping_candidate,expert_assertion,practice_technology,,medium,"Establishment activities 1. Select an area of 3 ha of degraded land 2. Establish a 1.5 m high fence around the selected area: install metal posts, manufacture / assemble chain-link fence",3,False,Select an area of 3 ha of degraded land,,,,page,,b688621632ab86d13d784de709c818f0c4efa704,,,,,,v1.2
EV_wocat_1358_2017_016,wocat_1358_2017,agroforestry,agroforestry__regeneration_farmland,tenure_security,"{""direction"": ""constraint"", ""mechanism"": ""government_is_official_land_owner"", ""mitigation"": ""contractual_agreements_respecting_traditional_and_government_rights""}","{""country"": ""Burkina Faso""}",operational_risk,scoping_candidate,expert_assertion,practice_technology,,medium,"Insecurity of land rights is a constraint for implementation
(government is official land owner) — Conclude contractual
agreements which include/respect traditional and
government land rights",6,False,Insecurity of land rights is a constraint for implementation,,,,page,,b688621632ab86d13d784de709c818f0c4efa704,,,,,,v1.2
EV_wocat_1358_2017_017,wocat_1358_2017,agroforestry,agroforestry__regeneration_farmland,finance_credit_access,"{""direction"": ""constraint"", ""issue"": ""high_investment_cost"", ""mitigation"": ""income_generating_activities_to_amortise""}","{""country"": ""Burkina Faso""}",operational_risk,scoping_candidate,expert_assertion,practice_technology,,medium,"High investment cost — introduce income generating
activities which amortise (help pay off) the initial investments
and the waiting time until land users can harvest non-woody
products from the forest; relocate the fence to enclose other
degraded land when the living hedge is dense enough and
takes over the function of protection.",6,False,High investment cost — introduce income generating activities which amortise the initial investments,,,,page,,b688621632ab86d13d784de709c818f0c4efa704,,,,,,v1.2
