source_id,nbs_id,family,tables,citation,doi,url,access_status,blocker,access_route,target_library_path,status,assigned,date_added,note,doi_verified,duplicate_of,title_verified
ijecc_anr_niger_2023,agroforestry,regeneration_farmland,T4|T6,Boukary et al. (2023). How does Assisted Natural Regeneration (ANR) Improve  Soil Fertility and Plant Cover  in the Simiri Commune in Niger?. International Journal of Environment and Climate Change.,10.9734/ijecc/2023/v13i113205,https://journalijecc.com/index.php/IJECC/article/view/3205,oa,OA (websearch:publisher-OA/high),OA — browser/repository download (no institutional access needed),D591_Rural-Scan_NBS/2_Technical_&_Data/library/1_Agroforestry/ijecc_anr_niger_2023.pdf,acquired,Namita-J,2026-07-27,gold OA; browser download works | free PDF via publisher-OA [high]: https://journalijecc.com/index.php/IJECC/article/view/3205,true,,
esj_rna_millet_2020,agroforestry,regeneration_farmland,T6|T3,Manssour et al. (2020). Impact De La Combinaison Regeneration Naturelle Assistee (Rna) Et Engrais En Microdose Sur La Productivite Du Mil (Pennisetum Glaucum (L.) R. Br.) Au Niger. European Scientific Journal ESJ.,10.19044/esj.2020.v16n9p82,https://eujournal.org/index.php/esj/article/download/12774/12487,oa,OA (websearch:publisher-OA/high),OA — browser/repository download (no institutional access needed),D591_Rural-Scan_NBS/2_Technical_&_Data/library/1_Agroforestry/esj_rna_millet_2020.pdf,acquired,Namita-J,2026-07-27,gold OA; French | free PDF via publisher-OA [high]: https://eujournal.org/index.php/esj/article/download/12774/12487,true,,
kessler_1994,agroforestry,regeneration_farmland,T4,"Gijsbers et al. (1994). Dynamics and natural regeneration of woody species in farmed parklands in the Sahel region (Province of Passore, Burkina Faso). Forest Ecology and Management.",10.1016/0378-1127(94)90122-8,https://research.wur.nl/en/publications/dynamics-and-natural-regeneration-of-woody-species-in-farmed-park,oa,OA (Unpaywall:repository),OA — browser/repository download (no institutional access needed),D591_Rural-Scan_NBS/2_Technical_&_Data/library/1_Agroforestry/kessler_1994.pdf,acquired,Namita-J,2026-07-27,seminal parkland-regeneration field study | OA via Unpaywall (repository),true,,
ldd_anr_arid_2024,agroforestry,regeneration_farmland,T4,del Mar González et al. (2024). How much can assisted natural regeneration contribute to ecological restoration in arid lands?. Land Degradation &amp; Development.,10.1002/ldr.5212,https://doi.org/10.1002/ldr.5212,paywalled,wiley_paywall,Institutional access (Wiley) via CGIAR library,D591_Rural-Scan_NBS/2_Technical_&_Data/library/1_Agroforestry/ldd_anr_arid_2024.pdf,acquired,Namita-J,2026-07-27,aridity envelope for ANR (High tier) | web-searched 2026-08: no free copy (institutional); check ResearchGate manually.,true,,
haglund_2011,agroforestry,regeneration_farmland,T6|T3,Haglund et al. (2011). Dry land tree management for improved household livelihoods: Farmer managed natural regeneration in Niger. Journal of Environmental Management.,,https://oar.icrisat.org/1659/,oa,OA (websearch:agency-repo/med),OA — browser/repository download (no institutional access needed),D591_Rural-Scan_NBS/2_Technical_&_Data/library/1_Agroforestry/haglund_2011.pdf,pending,Namita-J,2026-07-27,measured yield/livelihood outcomes Niger (High) | free PDF via agency-repo [med]: https://oar.icrisat.org/1659/ | DOI FAILED verification (doi_unresolved); original DOI blanked — acquire by TITLE.,false,,
binam_2015,agroforestry,regeneration_farmland,T6,Binam et al. (2015). Effects of farmer managed natural regeneration on livelihoods in semi-arid West Africa. Environmental Economics and Policy Studies.,10.1007/s10018-015-0107-4,https://www.cifor-icraf.org/knowledge/publication/31701/,oa,OA (websearch:cifor/med),OA — browser/repository download (no institutional access needed),D591_Rural-Scan_NBS/2_Technical_&_Data/library/1_Agroforestry/binam_2015.pdf,acquired,Namita-J,2026-07-27,econometric FMNR income effect (High) | free PDF via cifor [med]: https://www.cifor-icraf.org/knowledge/publication/31701/,true,,
peri_patagonia_waterbalance_2002,agroforestry,silvopastoral,T4,Gyenge et al. (2002). Silvopastoral systems in Northwestern Patagonia II: water balance and water potential in a stand of Pinus ponderosa and native grassland. Agroforestry Systems.,10.1023/A:1020269432671,https://doi.org/10.1023/A:1020269432671,paywalled,springer_paywall,Institutional access (Springer) via CGIAR library,D591_Rural-Scan_NBS/2_Technical_&_Data/library/1_Agroforestry/peri_patagonia_waterbalance_2002.pdf,acquired,Namita-J,2026-08-04,F3 T4 water/aridity envelope for silvopasture (unique signal; not covered by OA Brazilian density papers) | web-searched 2026-08: no free copy (institutional); check ResearchGate manually.,true,,
pasture_tree_density_atlantic_2007,agroforestry,silvopastoral,T4,Rozados-Lorenzo et al. (2007). Pasture production under different tree species and densities in an Atlantic silvopastoral system. Agroforestry Systems.,10.1007/s10457-007-9032-2,https://doi.org/10.1007/s10457-007-9032-2,paywalled,springer_paywall,Institutional access (Springer) via CGIAR library,D591_Rural-Scan_NBS/2_Technical_&_Data/library/1_Agroforestry/pasture_tree_density_atlantic_2007.pdf,acquired,Namita-J,2026-08-04,F3 T4 tree-density -> forage-production threshold (strengthens density consensus alongside OA SciELO/AGEE Brazilian papers) | web-searched 2026-08: no free copy (institutional); check ResearchGate manually.,true,,
bayala2015_parkland_processes_sahel,agroforestry,planted_silvoarable,T4,"Bayala et al. (2015). Advances in knowledge of processes in soil–tree–crop interactions in parkland systems in the West African Sahel: A review. Agriculture, Ecosystems &amp; Environment.",10.1016/j.agee.2015.02.018,https://repo.mel.cgiar.org/items/4e9e660e-2889-44d2-b502-0592bd7d63d1,oa,OA (websearch:cgiar-mel/med),OA — browser/repository download (no institutional access needed),D591_Rural-Scan_NBS/2_Technical_&_Data/library/1_Agroforestry/bayala2015_parkland_processes_sahel.pdf,acquired,Namita-J,2026-08-05,CGIAR institutional access likely (ICRAF authorship). Practice-level parkland biophysical review; core T4 F1 source. | free PDF via cgiar-mel [med]: https://repo.mel.cgiar.org/items/4e9e660e-2889-44d2-b502-0592bd7d63d1,true,,
bayala2014_trees_preferential_flow_parkland,agroforestry,planted_silvoarable,T4,Bargués Tobella et al. (2014). The effect of trees on preferential flow and soil infiltrability in an agroforestry parkland in semiarid Burkina Faso. Water Resources Research.,10.1002/2013wr015197,https://pmc.ncbi.nlm.nih.gov/articles/PMC4302979,oa,OA (websearch:publisher-OA/PMC/high),OA — browser/repository download (no institutional access needed),D591_Rural-Scan_NBS/2_Technical_&_Data/library/1_Agroforestry/bayala2014_trees_preferential_flow_parkland.pdf,acquired,Namita-J,2026-08-05,Soil-hydrology suitability mechanism; med priority. | free PDF via publisher-OA/PMC [high]: https://pmc.ncbi.nlm.nih.gov/articles/PMC4302979,true,,
india_fao_agroforestry_suitability_mapping_2017,agroforestry,planted_silvoarable,T4,"Ahmad et al. (2017). FAO guidelines and geospatial application for agroforestry suitability mapping: case study of Ranchi, Jharkhand state of India. Agroforestry Systems.",10.1007/s10457-017-0145-y,https://www.academia.edu/34984989/FAO_guidelines_and_geospatial_application_for_agroforestry_suitability_mapping_case_study_of_Ranchi_Jharkhand_state_of_India,oa,OA (websearch:academia/researchgate/high),OA — browser/repository download (no institutional access needed),D591_Rural-Scan_NBS/2_Technical_&_Data/library/1_Agroforestry/india_fao_agroforestry_suitability_mapping_2017.pdf,acquired,Namita-J,2026-08-05,Explicit FAO-based criteria set + weights for agroforestry suitability in an LMIC — high-value T4 method reference. Confirm silvoarable/alley scoping vs generic agroforestry on full text. | free PDF via academia/researchgate [high]: https://www.academia.edu/34984989/FAO_guidelines_and_geospatial_application_for_agroforestry_suitability_mapping_case_study_of_Ranchi_Jharkhand_state_of_India,true,,
lal_alley_erosion_hilly_philippines_1995,agroforestry,planted_silvoarable,T3,Paningbatan et al. (1995). Alley cropping for managing soil erosion of hilly lands in the Philippines. Soil Technology.,10.1016/0933-3630(95)00019-4,https://doi.org/10.1016/0933-3630(95)00019-4,paywalled,"paywalled (Elsevier, closed)",Institutional access via CGIAR library,D591_Rural-Scan_NBS/2_Technical_&_Data/library/1_Agroforestry/lal_alley_erosion_hilly_philippines_1995.pdf,acquired,Namita-J,2026-08-05,High-priority LMIC erosion-control F1 benchmark; CGIAR institutional access. | web-searched 2026-08: no free copy (institutional); check ResearchGate manually.,true,,
kang_econ_erosion_alley_notill_nigeria_1990,agroforestry,planted_silvoarable,T3,"Ehui et al. (1990). Economic analysis of soil erosion effects in alley cropping, no-till and bush fallow systems in South Western Nigeria. Agricultural Systems.",10.1016/0308-521x(90)90013-g,https://doi.org/10.1016/0308-521x(90)90013-g,paywalled,"paywalled (Elsevier, closed)",Institutional access via CGIAR library,D591_Rural-Scan_NBS/2_Technical_&_Data/library/1_Agroforestry/kang_econ_erosion_alley_notill_nigeria_1990.pdf,acquired,Namita-J,2026-08-05,IITA/Nigeria seminal erosion-response evidence. | possible free copy (LOW conf-verify): https://www.ilri.org/knowledge/publications/economic-analysis-soil-erosion-effects-alley-cropping-no-till-and-bush,true,,
antecedent_soilmoist_runoff_erosion_alley_2007,agroforestry,planted_silvoarable,T3,Wei et al. (2007). Effects of antecedent soil moisture on runoff and soil erosion in alley cropping systems. Agricultural Water Management.,10.1016/j.agwat.2007.08.007,https://doi.org/10.1016/j.agwat.2007.08.007,paywalled,"paywalled (Elsevier, closed)",Institutional access via CGIAR library,D591_Rural-Scan_NBS/2_Technical_&_Data/library/1_Agroforestry/antecedent_soilmoist_runoff_erosion_alley_2007.pdf,acquired,Namita-J,2026-08-05,Highest-cited true hit; runoff/erosion response. | web-searched 2026-08: no free copy (institutional); check ResearchGate manually.,true,,
alley_oilpalm_microclimate_moderation_2019,agroforestry,planted_silvoarable,T3,Ashraf et al. (2019). Alley-cropping system increases vegetation heterogeneity and moderates extreme microclimates in oil palm plantations. Agricultural and Forest Meteorology.,10.1016/j.agrformet.2019.107632,https://www.semanticscholar.org/paper/Alley-cropping-system-increases-vegetation-and-in-Ashraf-Sanusi/f0ad48857b3e6a2da6e1b077160709880d965999,oa,OA (websearch:semanticscholar/med),OA — browser/repository download (no institutional access needed),D591_Rural-Scan_NBS/2_Technical_&_Data/library/1_Agroforestry/alley_oilpalm_microclimate_moderation_2019.pdf,acquired,Namita-J,2026-08-05,Indonesia LMIC; heat/microclimate buffering evidence. | free PDF via semanticscholar [med]: https://www.semanticscholar.org/paper/Alley-cropping-system-increases-vegetation-and-in-Ashraf-Sanusi/f0ad48857b3e6a2da6e1b077160709880d965999,true,,
walnut_alley_drought_shade_winterpea_2021,agroforestry,planted_silvoarable,T3,Blanchet et al. (2021). Interactions between drought and shade on the productivity of winter pea grown in a 25‐year‐old walnut‐based alley cropping system. Journal of Agronomy and Crop Science.,10.1111/jac.12488,https://agritrop.cirad.fr/597986/,oa,OA (websearch:agency-CIRAD-Agritrop/med),OA — browser/repository download (no institutional access needed),D591_Rural-Scan_NBS/2_Technical_&_Data/library/1_Agroforestry/walnut_alley_drought_shade_winterpea_2021.pdf,acquired,Namita-J,2026-08-05,Drought x shade productivity response. | free PDF via agency-CIRAD-Agritrop [med]: https://agritrop.cirad.fr/597986/,true,,
bayard2006_haiti_alleycrop_econ,agroforestry,planted_silvoarable,T6,Bayard et al. (2007). The economics of adoption and management of alley cropping in Haiti. Journal of Environmental Management.,,https://doi.org/10.1016/j.jenvman.2006.05.001,paywalled,paywalled_elsevier,Institutional access via CGIAR library,D591_Rural-Scan_NBS/2_Technical_&_Data/library/1_Agroforestry/bayard2006_haiti_alleycrop_econ.pdf,pending,Namita-J,2026-08-05,High-value LMIC adoption + management economics for alley cropping (T6). Needs CGIAR institutional access -> Namita-J. | web-searched 2026-08: no free copy (institutional); check ResearchGate manually. | DOI FAILED verification (doi_unresolved); original DOI blanked — acquire by TITLE.,false,,
mugendi1999_kenya_alleycrop_maize,agroforestry,planted_silvoarable,T6,Mugendi et al. (1999). Alley cropping of maize with calliandra and leucaena in the subhumid highlands of Kenya: Part 2. Soil-fertility changes and maize yield. Agroforestry Systems.,10.1023/a:1006288301044,https://ir-library.ku.ac.ke/server/api/core/bitstreams/702a3873-aded-41f7-ab1e-25b204b89d70/content,oa,OA (websearch:university-repo/med),OA — browser/repository download (no institutional access needed),D591_Rural-Scan_NBS/2_Technical_&_Data/library/1_Agroforestry/mugendi1999_kenya_alleycrop_maize.pdf,acquired,Namita-J,2026-08-05,Seminal LMIC alley-cropping maize-yield trial (T6 yield). Needs institutional access -> Namita-J. | free PDF via university-repo [med]: https://ir-library.ku.ac.ke/server/api/core/bitstreams/702a3873-aded-41f7-ab1e-25b204b89d70/content,true,,
gomes2020_microclimate_soil_water_loss_coffee_af,agroforestry,shaded_perennial,T3,de Carvalho et al. (2020). Microclimate and soil and water loss in shaded and unshaded agroforestry coffee systems. Agroforestry Systems.,10.1007/s10457-020-00567-6,https://www.researchgate.net/profile/Mayara-Daher/publication/346325001_Microclimate_and_soil_and_water_loss_in_shaded_and_unshaded_agroforestry_coffee_systems/links/5fbe6702a6fdcc6cc6656cf2/Microclimate-and-soil-and-water-loss-in-shaded-and-unshaded-agroforestry-coffee-systems.pdf,oa,OA (websearch:researchgate/high),OA — browser/repository download (no institutional access needed),D591_Rural-Scan_NBS/2_Technical_&_Data/library/1_Agroforestry/gomes2020_microclimate_soil_water_loss_coffee_af.pdf,acquired,Namita-J,2026-08-05,Screened-in for erosion/soil-water hazard-response. Needs CGIAR institutional download (Namita-J). Do not place PDF in git; upload to SharePoint library on acquisition and set SRC.library_path. | free PDF via researchgate [high]: https://www.researchgate.net/profile/Mayara-Daher/publication/346325001_Microclimate_and_soil_and_water_loss_in_shaded_and_unshaded_agroforestry_coffee_systems/links/5fbe6702a6fdcc6cc6656cf2/Microclimate-and-soil-and-water-loss-in-shaded-and-unshaded-agroforestry-coffee-systems.pdf,true,,
vaast2016_double_dividend,agroforestry,shaded_perennial,T6,Vaast P. & Somarriba E. (2014/2016). Shaded coffee and cocoa – double dividend for biodiversity and small-scale farmers. Ecological Economics / Agroforestry Systems.,,https://www.cifor.org/knowledge/publication/5553,oa,OA (Unpaywall:repository),OA — browser/repository download (no institutional access needed),D591_Rural-Scan_NBS/2_Technical_&_Data/library/1_Agroforestry/vaast2016_double_dividend.pdf,pending,Namita-J,2026-08-05,F5-core biodiversity + smallholder income synthesis. CGIAR institutional download for Namita-J. Verify exact DOI/venue on retrieval (Elsevier). | OA via Unpaywall (repository) | DOI FAILED verification (title_mismatch); original DOI blanked — acquire by TITLE.,false,,
philpott2005_biodiv_yield_certification,agroforestry,shaded_perennial,T6,Baumgärtner (2006). The ecological economics of biodiversity methods and policy applications. Ecological Economics.,10.1016/j.ecolecon.2005.09.028,https://sites.evergreen.edu/politicalshakespeares/wp-content/uploads/sites/263/2017/02/Perfecto-et-al._2005_Biodiversity-yield-coffee.pdf,oa,OA (websearch:university-repo/high),OA — browser/repository download (no institutional access needed),D591_Rural-Scan_NBS/2_Technical_&_Data/library/1_Agroforestry/philpott2005_biodiv_yield_certification.pdf,acquired,Namita-J,2026-08-05,Seminal certification/yield/biodiversity trade-off. Institutional download. | free PDF via university-repo [high]: https://sites.evergreen.edu/politicalshakespeares/wp-content/uploads/sites/263/2017/02/Perfecto-et-al._2005_Biodiversity-yield-coffee.pdf,true,,
wartenberg2024_lowemission_profitable_cocoa_ghana,agroforestry,shaded_perennial,T6,"Wartenberg A. et al. (2024). Low-emissions and profitable cocoa through moderate-shade agroforestry: insights from Ghana. Agriculture, Ecosystems & Environment.",,https://www.sciencedirect.com/science/article/pii/S0167880924000793,oa,OA (websearch:publisher-OA/med),OA — browser/repository download (no institutional access needed),D591_Rural-Scan_NBS/2_Technical_&_Data/library/1_Agroforestry/wartenberg2024_lowemission_profitable_cocoa_ghana.pdf,acquired,Namita-J,2026-08-05,Profitability + cost_per_tCO2e-relevant. Confirm DOI on retrieval; may have green OA copy — check repository before institutional pull. | free PDF via publisher-OA [med]: https://www.sciencedirect.com/science/article/pii/S0167880924000793 | DOI FAILED verification (doi_unresolved); original DOI blanked — acquire by TITLE.,false,,true
shade_vs_intensification_2023_profitability,agroforestry,shaded_perennial,T6,(2023). Shade versus intensification: trade-off or synergy for profitability in coffee agroforestry systems? (OpenAlex W4389586869).,,https://gala.gre.ac.uk/id/eprint/45113/13/45113_LALANI_%20Shade_versus_intensification_Trade_off_or_synergy.pdf,oa,OA (websearch:university-repo/high),OA — browser/repository download (no institutional access needed),D591_Rural-Scan_NBS/2_Technical_&_Data/library/1_Agroforestry/shade_vs_intensification_2023_profitability.pdf,pending,Namita-J,2026-08-05,Resolve DOI via OpenAlex record; check for hybrid OA / green copy before institutional download. | free PDF via university-repo [high]: https://gala.gre.ac.uk/id/eprint/45113/13/45113_LALANI_%20Shade_versus_intensification_Trade_off_or_synergy.pdf,,,
asare2018_cocoa_yield_canopy_ghana,agroforestry,shaded_perennial,T6,Asare R. et al. (2018). On-farm cocoa yields increase with canopy cover of shade trees in two agro-ecological zones in Ghana. Climate and Development / Agroforestry Systems.,,https://cgspace.cgiar.org/server/api/core/bitstreams/9b3ec873-fe78-4e47-8224-e1e6136620e8/content,oa,OA (websearch:cgspace/high),OA — browser/repository download (no institutional access needed),D591_Rural-Scan_NBS/2_Technical_&_Data/library/1_Agroforestry/asare2018_cocoa_yield_canopy_ghana.pdf,acquired,Namita-J,2026-08-05,"Yield-vs-canopy dose response, LMIC. Resolve DOI; likely green OA copy exists — check before institutional pull. | free PDF via cgspace [high]: https://cgspace.cgiar.org/server/api/core/bitstreams/9b3ec873-fe78-4e47-8224-e1e6136620e8/content",,,true
brandle_windbreak_crop_benefits_1988,agroforestry,linear_boundary,T3,"Kort (1988). 9. Benefits of windbreaks to field and forage crops. Agriculture, Ecosystems &amp; Environment.",10.1016/0167-8809(88)90017-5,https://doi.org/10.1016/0167-8809(88)90017-5,paywalled,"Elsevier paywall (1988, pre-OA)",Institutional access via CGIAR library,D591_Rural-Scan_NBS/2_Technical_&_Data/library/1_Agroforestry/brandle_windbreak_crop_benefits_1988.pdf,acquired,Namita-J,2026-08-05,Seminal F4 crop-microclimate/yield mechanism - CGIAR institutional access via Namita-J. | web-searched 2026-08: no free copy (institutional); check ResearchGate manually.,true,,
cleugh_windbreak_airflow_microclimate_1998,agroforestry,linear_boundary,T3,"Cleugh (1998). Effects of windbreaks on airflow, microclimates and crop yields. Agroforestry Systems.",10.1023/a:1006019805109,https://www.academia.edu/23058386/Effects_of_windbreaks_on_airflow_microclimates_and_crop_yields,oa,OA (websearch:academia/med),OA — browser/repository download (no institutional access needed),D591_Rural-Scan_NBS/2_Technical_&_Data/library/1_Agroforestry/cleugh_windbreak_airflow_microclimate_1998.pdf,acquired,Namita-J,2026-08-05,Core barrier-porosity vs sheltered-zone response review. | free PDF via academia [med]: https://www.academia.edu/23058386/Effects_of_windbreaks_on_airflow_microclimates_and_crop_yields,true,,
cornelis_optimal_windbreak_wind_erosion_2004,agroforestry,linear_boundary,T3,Cornelis et al. (2005). Optimal windbreak design for wind-erosion control. Journal of Arid Environments.,10.1016/j.jaridenv.2004.10.005,https://www.academia.edu/31660178/Optimal_windbreak_design_for_wind_erosion_control,oa,OA (websearch:academia/med),OA — browser/repository download (no institutional access needed),D591_Rural-Scan_NBS/2_Technical_&_Data/library/1_Agroforestry/cornelis_optimal_windbreak_wind_erosion_2004.pdf,duplicate,Namita-J,2026-08-05,Arid-land F4 x wind-erosion; good LMIC transferability. | free PDF via academia [med]: https://www.academia.edu/31660178/Optimal_windbreak_design_for_wind_erosion_control | DUPLICATE of cornelis2004_windbreak_design (identical verified DOI) — excluded from extraction.,true,cornelis2004_windbreak_design,
hedgerow_erosion_loess_plateau_2019,agroforestry,linear_boundary,T3,"Yang et al. (2019). Erosion control of hedgerows under soils affected by disturbed soil accumulation in the slopes of loess plateau, China. CATENA.",10.1016/j.catena.2019.104079,https://doi.org/10.1016/j.catena.2019.104079,paywalled,Elsevier paywall,Institutional access via CGIAR library,D591_Rural-Scan_NBS/2_Technical_&_Data/library/1_Agroforestry/hedgerow_erosion_loess_plateau_2019.pdf,acquired,Namita-J,2026-08-05,LMIC (China) contour-hedgerow water-erosion response on slopes. | web-searched 2026-08: no free copy (institutional); check ResearchGate manually.,true,,
windbreak_efficiency_wind_erosion_pm_2020,agroforestry,linear_boundary,T3,"Chang et al. (2021). Windbreak efficiency in controlling wind erosion and particulate matter concentrations from farmlands. Agriculture, Ecosystems &amp; Environment.",10.1016/j.agee.2020.107269,https://doi.org/10.1016/j.agee.2020.107269,paywalled,Elsevier paywall,Institutional access via CGIAR library,D591_Rural-Scan_NBS/2_Technical_&_Data/library/1_Agroforestry/windbreak_efficiency_wind_erosion_pm_2020.pdf,acquired,Namita-J,2026-08-05,F4 wind-erosion efficiency; PM angle partly off-scope. | web-searched 2026-08: no free copy (institutional); check ResearchGate manually.,true,,
amichev2020_shelterbelt_fuzzy_suitability_sask,agroforestry,linear_boundary,T4,"Amichev et al. (2020). Shelterbelt systems establishment in Saskatchewan, Canada: a multi-criteria fuzzy logic approach to land suitability mapping. New Forests.",10.1007/s11056-019-09766-1,https://doi.org/10.1007/s11056-019-09766-1,paywalled,"paywalled (Springer, closed)",Institutional access via CGIAR library,D591_Rural-Scan_NBS/2_Technical_&_Data/library/1_Agroforestry/amichev2020_shelterbelt_fuzzy_suitability_sask.pdf,acquired,Namita-J,2026-08-05,PRIORITY. Directly models F4 land suitability via multi-criteria fuzzy logic — the exact T4 structure (criteria set + membership functions + weights). Needs CGIAR institutional access -> Namita-J. | web-searched 2026-08: no free copy (institutional); check ResearchGate manually.,true,,
brandle2004_windbreaks_na_ag,agroforestry,linear_boundary,T4,Brandle et al. (2004). Windbreaks in North American agricultural systems. Agroforestry Systems.,10.1023/b:agfo.0000028990.31801.62,https://www.researchgate.net/publication/262826465_Windbreaks_in_North_American_agricultural_systems_New_visitas_in_Agroforestry,oa,OA (websearch:researchgate/med),OA — browser/repository download (no institutional access needed),D591_Rural-Scan_NBS/2_Technical_&_Data/library/1_Agroforestry/brandle2004_windbreaks_na_ag.pdf,acquired,Namita-J,2026-08-05,"Seminal review of windbreak siting geometry, protected-zone extent, orientation. Needs institutional download. | free PDF via researchgate [med]: https://www.researchgate.net/publication/262826465_Windbreaks_in_North_American_agricultural_systems_New_visitas_in_Agroforestry",true,,
cornelis2004_windbreak_design,agroforestry,linear_boundary,T4,Cornelis et al. (2005). Optimal windbreak design for wind-erosion control. Journal of Arid Environments.,10.1016/j.jaridenv.2004.10.005,https://www.academia.edu/31660178/Optimal_windbreak_design_for_wind_erosion_control,oa,OA (websearch:academia/med),OA — browser/repository download (no institutional access needed),D591_Rural-Scan_NBS/2_Technical_&_Data/library/1_Agroforestry/cornelis2004_windbreak_design.pdf,acquired,Namita-J,2026-08-05,Quantitative porosity/geometry optimum for wind-erosion-control windbreaks — biophysical siting envelope. Institutional download. | free PDF via academia [med]: https://www.academia.edu/31660178/Optimal_windbreak_design_for_wind_erosion_control,true,,
zhang_2019_threenorth_shelterbelt_carbon,agroforestry,linear_boundary,T6,"Chu et al. (2019). Assessment on forest carbon sequestration in the Three-North Shelterbelt Program region, China. Journal of Cleaner Production.",10.1016/j.jclepro.2018.12.296,https://doi.org/10.1016/j.jclepro.2018.12.296,paywalled,closed access (Elsevier),Institutional access via CGIAR library,D591_Rural-Scan_NBS/2_Technical_&_Data/library/1_Agroforestry/zhang_2019_threenorth_shelterbelt_carbon.pdf,acquired,Namita-J,2026-08-05,"T6 carbon outcome, shelterbelt, China. CGIAR institutional download → SharePoint library/agroforestry/. | web-searched 2026-08: no free copy (institutional); check ResearchGate manually.",true,,
zheng_2015_shelterbelt_cropyield_ne_china,agroforestry,linear_boundary,T6,Zheng et al. (2016). Assessment of the effects of shelterbelts on crop yields at the regional scale in Northeast China. Agricultural Systems.,10.1016/j.agsy.2015.12.008,https://doi.org/10.1016/j.agsy.2015.12.008,paywalled,closed access (Elsevier),Institutional access via CGIAR library,D591_Rural-Scan_NBS/2_Technical_&_Data/library/1_Agroforestry/zheng_2015_shelterbelt_cropyield_ne_china.pdf,acquired,Namita-J,2026-08-05,Core shelterbelt yield-effect T6 evidence. CGIAR download for Namita-J. | web-searched 2026-08: no free copy (institutional); check ResearchGate manually.,true,,
chan_2020_livingfences_livestock_cambodia,agroforestry,linear_boundary,T6,"Gill et al. (2020). Living fences for improved smallholder livestock systems in Cambodia. Forests, Trees and Livelihoods.",10.1080/14728028.2020.1827049,https://www.researchgate.net/publication/346086076_Living_fences_for_improved_smallholder_livestock_systems_in_Cambodia,oa,OA (websearch:researchgate/med),OA — browser/repository download (no institutional access needed),D591_Rural-Scan_NBS/2_Technical_&_Data/library/1_Agroforestry/chan_2020_livingfences_livestock_cambodia.pdf,acquired,Namita-J,2026-08-05,High-value LMIC smallholder living-fence outcome+adoption evidence. Institutional access. | free PDF via researchgate [med]: https://www.researchgate.net/publication/346086076_Living_fences_for_improved_smallholder_livestock_systems_in_Cambodia,true,,
harvey_2013_livefences_windbreaks_biodiversity_tropical,agroforestry,linear_boundary,T6,"Harvey et al. (2013). Live Fences, Isolated Trees, and Windbreaks: Tools for Conserving Biodiversity in Fragmented Tropical Landscapes. Agroforestry and Biodiversity Conservation in Tropical Landscapes.",10.2307/jj.41003705.18,https://doi.org/10.2307/jj.41003705.18,paywalled,"closed access (book chapter, Princeton UP)",Institutional access via CGIAR library,D591_Rural-Scan_NBS/2_Technical_&_Data/library/1_Agroforestry/harvey_2013_livefences_windbreaks_biodiversity_tropical.pdf,acquired,Namita-J,2026-08-05,Seminal tropical biodiversity-outcome evidence for F4. Book chapter — may need library/ILL rather than journal download. | possible free copy (LOW conf-verify): https://www.researchgate.net/publication/325128589_Live_Fences_Isolated_Trees_and_Windbreaks_Tools_for_Conserving_Biodiversity_in_Fragmented_Tropical_Landscapes,true,,
shrestha2003_florida_sps_adoption,agroforestry,silvopastoral,T6,Shrestha et al. (2004). Exploring the potential for silvopasture adoption in south-central Florida: an application of SWOT–AHP method. Agricultural Systems.,10.1016/j.agsy.2003.09.004,https://doi.org/10.1016/j.agsy.2003.09.004,paywalled,"paywalled (Elsevier, OA status closed)",Institutional access via CGIAR library,D591_Rural-Scan_NBS/2_Technical_&_Data/library/1_Agroforestry/shrestha2003_florida_sps_adoption.pdf,acquired,Namita-J,2026-08-05,Seminal adoption/SWOT-AHP; CGIAR institutional download for Namita-J. | web-searched 2026-08: no free copy (institutional); check ResearchGate manually.,true,,
dagang2003_centralamerica_sps_adoption,agroforestry,silvopastoral,T6,Dagang et al. (2003). Silvopastoral research and adoption in Central America: recent findings and recommendations for future directions. Agroforestry Systems.,10.1023/a:1026394019808,https://www.proquest.com/openview/8b79815c344d2fc351d20ed1e7c3e34a/1.pdf?pq-origsite=gscholar&cbl=54133,oa,OA (websearch:proquest/med),OA — browser/repository download (no institutional access needed),D591_Rural-Scan_NBS/2_Technical_&_Data/library/1_Agroforestry/dagang2003_centralamerica_sps_adoption.pdf,acquired,Namita-J,2026-08-05,LMIC Central America adoption synthesis. | free PDF via proquest [med]: https://www.proquest.com/openview/8b79815c344d2fc351d20ed1e7c3e34a/1.pdf?pq-origsite=gscholar&cbl=54133,true,,
giraldo2010_colombia_dungbeetle,agroforestry,silvopastoral,T6,GIRALDO et al. (2010). The adoption of silvopastoral systems promotes the recovery of ecological processes regulated by dung beetles in the Colombian Andes. Insect Conservation and Diversity.,10.1111/j.1752-4598.2010.00112.x,https://doi.org/10.1111/j.1752-4598.2010.00112.x,paywalled,"paywalled (Wiley, closed)",Institutional access via CGIAR library,D591_Rural-Scan_NBS/2_Technical_&_Data/library/1_Agroforestry/giraldo2010_colombia_dungbeetle.pdf,acquired,Namita-J,2026-08-05,Colombia biodiversity outcome of SPS adoption. | web-searched 2026-08: no free copy (institutional); check ResearchGate manually.,true,,
garbach2012_nicaragua_pes,agroforestry,silvopastoral,T6,"Garbach et al. (2012). Payment for Ecosystem Services: The roles of positive incentives and information sharing in stimulating adoption of silvopastoral conservation practices. Agriculture, Ecosystems &amp; Environment.",10.1016/j.agee.2012.04.017,https://doi.org/10.1016/j.agee.2012.04.017,paywalled,"paywalled (Elsevier, closed)",Institutional access via CGIAR library,D591_Rural-Scan_NBS/2_Technical_&_Data/library/1_Agroforestry/garbach2012_nicaragua_pes.pdf,acquired,Namita-J,2026-08-05,Nicaragua PES-driven adoption / cost-incentive. | web-searched 2026-08: no free copy (institutional); check ResearchGate manually.,true,,
orefice2016_forage_profitability,agroforestry,silvopastoral,T6,"Orefice et al. (2016). Forage productivity and profitability in newly-established open pasture, silvopasture, and thinned forest production systems. Agroforestry Systems.",10.1007/s10457-016-0052-7,https://www.researchgate.net/publication/311237671_Forage_productivity_and_profitability_in_newly-established_open_pasture_silvopasture_and_thinned_forest_production_systems,oa,OA (websearch:researchgate/med),OA — browser/repository download (no institutional access needed),D591_Rural-Scan_NBS/2_Technical_&_Data/library/1_Agroforestry/orefice2016_forage_profitability.pdf,acquired,Namita-J,2026-08-05,Direct yield+profitability comparison (T6 cost-effectiveness). | free PDF via researchgate [med]: https://www.researchgate.net/publication/311237671_Forage_productivity_and_profitability_in_newly-established_open_pasture_silvopasture_and_thinned_forest_production_systems,true,,
olayamontes2020_colombia_soilcarbon,agroforestry,silvopastoral,T6,Olaya‐Montes et al. (2020). Restoring soil carbon and chemical properties through silvopastoral adoption in the Colombian Amazon region. Land Degradation &amp; Development.,10.1002/ldr.3832,https://doi.org/10.1002/ldr.3832,paywalled,"paywalled (Wiley, closed)",Institutional access via CGIAR library,D591_Rural-Scan_NBS/2_Technical_&_Data/library/1_Agroforestry/olayamontes2020_colombia_soilcarbon.pdf,acquired,Namita-J,2026-08-05,Colombian Andes (LMIC) carbon outcome of SPS adoption; secondary carbon candidate if carbon T6 rows are thin. | web-searched 2026-08: no free copy (institutional); check ResearchGate manually.,true,,
guevara2008_soilmoisture_nz,agroforestry,silvopastoral,T3,Pollock et al. (2008). Soil moisture and water use by pastures and silvopastures in a sub-humid temperate climate in New Zealand. Agroforestry Systems.,10.1007/s10457-008-9172-z,https://doi.org/10.1007/s10457-008-9172-z,paywalled,paywalled (Springer),Institutional access via CGIAR library,D591_Rural-Scan_NBS/2_Technical_&_Data/library/1_Agroforestry/guevara2008_soilmoisture_nz.pdf,acquired,Namita-J,2026-08-05,Drought/water-balance buffering mechanism (temperate baseline). CGIAR institutional access via Namita-J. | possible free copy (LOW conf-verify): https://www.researchgate.net/publication/225975712_Soil_moisture_and_water_use_by_pastures_and_silvopastures_in_a_sub-humid_temperate_climate_in_New_Zealand,true,,
argentina2024_forage_drought,agroforestry,silvopastoral,T3,Peri et al. (2024). Response of forage production to drought in silvopastoral systems in Argentina. Agroforestry Systems.,10.1007/s10457-024-00986-9,https://doi.org/10.1007/s10457-024-00986-9,paywalled,paywalled (Springer),Institutional access via CGIAR library,D591_Rural-Scan_NBS/2_Technical_&_Data/library/1_Agroforestry/argentina2024_forage_drought.pdf,acquired,Namita-J,2026-08-05,"Direct drought x forage response, LMIC (Argentina), recent. Priority T3 acquisition. | web-searched 2026-08: no free copy (institutional); check ResearchGate manually.",true,,
caatinga2022_thermalcomfort_arrangements,agroforestry,silvopastoral,T3,dos Santos Neto et al. (2022). Microclimate and animal thermal comfort indexes in different silvopastoral system arrangements in Caatinga. International Journal of Biometeorology.,10.1007/s00484-021-02182-1,https://doi.org/10.1007/s00484-021-02182-1,paywalled,paywalled (Springer),Institutional access via CGIAR library,D591_Rural-Scan_NBS/2_Technical_&_Data/library/1_Agroforestry/caatinga2022_thermalcomfort_arrangements.pdf,pending,Namita-J,2026-08-05,"Heat/thermal-comfort response by tree arrangement, Brazil semi-arid Caatinga (LMIC). Config-dependent hazard-response variable. | web-searched 2026-08: no free copy (institutional); check ResearchGate manually.",true,,
beefcattle2024_heatstress,agroforestry,silvopastoral,T3,Goncherenko et al. (2024). Silvopastoral systems as a strategy to attenuate the negative effects of heat stress on productivity of beef cows grazing natural grassland. Agroforestry Systems.,10.1007/s10457-024-01081-9,https://doi.org/10.1007/s10457-024-01081-9,paywalled,paywalled (Springer),Institutional access via CGIAR library,D591_Rural-Scan_NBS/2_Technical_&_Data/library/1_Agroforestry/beefcattle2024_heatstress.pdf,pending,Namita-J,2026-08-05,"Heat-stress attenuation x cattle productivity; recent, screened-in T3 (heat hazard). Acquire via CGIAR. | web-searched 2026-08: no free copy (institutional); check ResearchGate manually.",true,,
roshetko_2002_indonesia_homegarden_carbon,agroforestry,homegardens_proximity,T6,Roshetko et al. (2002). Carbon stocks in Indonesian homegarden systems: Can smallholder systems be targeted for increased carbon storage?. American Journal of Alternative Agriculture.,10.1079/ajaa200116,https://repository.ipb.ac.id/handle/123456789/27907,oa,OA (websearch:university-repo/med),OA — browser/repository download (no institutional access needed),D591_Rural-Scan_NBS/2_Technical_&_Data/library/1_Agroforestry/roshetko_2002_indonesia_homegarden_carbon.pdf,acquired,Namita-J,2026-08-05,"High-cite (~190) carbon + smallholder-income foundation for homegardens, Indonesia in-scope. CGIAR institutional access likely (Roshetko = ICRAF); check ICRAF repository for an OA copy first. | free PDF via university-repo [med]: https://repository.ipb.ac.id/handle/123456789/27907",true,,
fernandes_nair_1984_chagga_homegardens,agroforestry,homegardens_proximity,T6,Fernandes et al. (1984). The Chagga homegardens: a multistoried agroforestry cropping system on Mt. Kilimanjaro (Northern Tanzania). Agroforestry Systems.,10.1007/bf00131267,https://www.academia.edu/25922383/The_Chagga_homegardens_a_multistoried_agroforestry_cropping_system_on_Mt._Kilimanjaro_Northern_Tanzania_,oa,OA (websearch:academia/med),OA — browser/repository download (no institutional access needed),D591_Rural-Scan_NBS/2_Technical_&_Data/library/1_Agroforestry/fernandes_nair_1984_chagga_homegardens.pdf,acquired,Namita-J,2026-08-05,Seminal descriptive homegarden production/structure paper (~176 cites). CGIAR institutional Springer access. | free PDF via academia [med]: https://www.academia.edu/25922383/The_Chagga_homegardens_a_multistoried_agroforestry_cropping_system_on_Mt._Kilimanjaro_Northern_Tanzania_,true,,
homegarden_carbon_storage_2022,agroforestry,homegardens_proximity,T6,"Lowe et al. (2022). Homegardens as a modern carbon storage: Assessment of tree diversity and above-ground biomass of homegardens in Matale district, Sri Lanka. Urban Forestry &amp; Urban Greening.",10.1016/j.ufug.2022.127671,https://doi.org/10.1016/j.ufug.2022.127671,paywalled,paywalled (Elsevier),Institutional access via CGIAR library,D591_Rural-Scan_NBS/2_Technical_&_Data/library/1_Agroforestry/homegarden_carbon_storage_2022.pdf,pending,Namita-J,2026-08-05,Secondary carbon-outcome source; acquire only if Roshetko/OA carbon coverage proves thin. CGIAR ScienceDirect access. | web-searched 2026-08: no free copy (institutional); check ResearchGate manually.,true,,
kumar_nair_2004_enigma,agroforestry,homegardens_proximity,T4,Kumar et al. (2004). The enigma of tropical homegardens. Agroforestry Systems.,10.1023/b:agfo.0000028995.13227.ca,https://www.researchgate.net/publication/289754300_The_enigma_of_tropical_homegardens,oa,OA (websearch:researchgate/med),OA — browser/repository download (no institutional access needed),D591_Rural-Scan_NBS/2_Technical_&_Data/library/1_Agroforestry/kumar_nair_2004_enigma.pdf,acquired,Namita-J,2026-08-05,Screened-in high-priority stock review. Route to Namita-J via CGIAR institutional access; upload PDF to SharePoint library agroforestry/ and set SRC.library_path. | free PDF via researchgate [med]: https://www.researchgate.net/publication/289754300_The_enigma_of_tropical_homegardens,true,,
fernandes_nair_1986_structure,agroforestry,homegardens_proximity,T4,Fernandes et al. (1986). An evaluation of the structure and function of tropical homegardens. Agricultural Systems.,10.1016/0308-521x(86)90104-6,https://doi.org/10.1016/0308-521x(86)90104-6,paywalled,"paywalled (Elsevier, closed access)",Institutional access via CGIAR library,D591_Rural-Scan_NBS/2_Technical_&_Data/library/1_Agroforestry/fernandes_nair_1986_structure.pdf,acquired,Namita-J,2026-08-05,Seminal structural typology; screened-in. CGIAR institutional retrieval via Namita-J -> SharePoint + SRC.library_path. | web-searched 2026-08: no free copy (institutional); check ResearchGate manually.,true,,
torquebiau_1992_sustainable,agroforestry,homegardens_proximity,T4,"Torquebiau (1992). Are tropical agroforestry home gardens sustainable?. Agriculture, Ecosystems &amp; Environment.",10.1016/0167-8809(92)90109-o,https://doi.org/10.1016/0167-8809(92)90109-o,paywalled,"paywalled (Elsevier, closed access)",Institutional access via CGIAR library,D591_Rural-Scan_NBS/2_Technical_&_Data/library/1_Agroforestry/torquebiau_1992_sustainable.pdf,acquired,Namita-J,2026-08-05,Medium-priority stock item; retrieve only if biophysical-envelope evidence is still thin after the two Nair reviews. CGIAR institutional access via Namita-J. | web-searched 2026-08: no free copy (institutional); check ResearchGate manually.,true,,
buchmann_cuban_homegardens_resilience_2009,agroforestry,homegardens_proximity,T3,Buchmann (2009). Cuban Home Gardens and Their Role in Social–Ecological Resilience. Human Ecology.,10.1007/s10745-009-9283-9,https://www.researchgate.net/publication/225397178_Cuban_Home_Gardens_and_Their_Role_in_Social-Ecological_Resilience,oa,OA (websearch:researchgate/med),OA — browser/repository download (no institutional access needed),D591_Rural-Scan_NBS/2_Technical_&_Data/library/1_Agroforestry/buchmann_cuban_homegardens_resilience_2009.pdf,acquired,Namita-J,2026-08-05,Seminal T3 resilience source; high priority. CGIAR institutional access via Namita-J. | free PDF via researchgate [med]: https://www.researchgate.net/publication/225397178_Cuban_Home_Gardens_and_Their_Role_in_Social-Ecological_Resilience,true,,
fernandes_nair_chagga_homegardens_kilimanjaro_1984,agroforestry,homegardens_proximity,T3,Fernandes et al. (1984). The Chagga homegardens: a multistoried agroforestry cropping system on Mt. Kilimanjaro (Northern Tanzania). Agroforestry Systems.,10.1007/bf00131267,https://www.academia.edu/25922383/The_Chagga_homegardens_a_multistoried_agroforestry_cropping_system_on_Mt._Kilimanjaro_Northern_Tanzania_,oa,OA (websearch:academia/med),OA — browser/repository download (no institutional access needed),D591_Rural-Scan_NBS/2_Technical_&_Data/library/1_Agroforestry/fernandes_nair_chagga_homegardens_kilimanjaro_1984.pdf,duplicate,Namita-J,2026-08-05,Seminal structural reference; med T3 priority (microclimate buffering). | free PDF via academia [med]: https://www.academia.edu/25922383/The_Chagga_homegardens_a_multistoried_agroforestry_cropping_system_on_Mt._Kilimanjaro_Northern_Tanzania_ | DUPLICATE of fernandes_nair_1984_chagga_homegardens (identical verified DOI) — excluded from extraction.,true,fernandes_nair_1984_chagga_homegardens,
microclimate_regulation_rural_homegarden_2019,agroforestry,homegardens_proximity,T3,"Liu et al. (2019). Microclimate regulation efficiency of the rural homegarden agroforestry system in the Western Sichuan Plain, China. Journal of Mountain Science.",10.1007/s11629-018-5112-1,https://jms.imde.ac.cn/en/article/pdf/preview/10.1007/s11629-018-5112-1.pdf,oa,OA (websearch:publisher-OA/high),OA — browser/repository download (no institutional access needed),D591_Rural-Scan_NBS/2_Technical_&_Data/library/1_Agroforestry/microclimate_regulation_rural_homegarden_2019.pdf,acquired,Namita-J,2026-08-05,Quantified microclimate/heat buffering - high-value validated metric for T3. CGIAR institutional access. | free PDF via publisher-OA [high]: https://jms.imde.ac.cn/en/article/pdf/preview/10.1007/s11629-018-5112-1.pdf,true,,
verchot_2007_adapt_mitigation_af,agroforestry,cross_family,T3,Verchot et al. (2007). Climate change: linking adaptation and mitigation through agroforestry. Mitigation and Adaptation Strategies for Global Change.,10.1007/s11027-007-9105-6,https://www.landscapealliance.org/publications/downloads/Publications/PDFS/ja07159.pdf,oa,OA (websearch:project-site/high),OA — browser/repository download (no institutional access needed),D591_Rural-Scan_NBS/2_Technical_&_Data/library/1_Agroforestry/verchot_2007_adapt_mitigation_af.pdf,acquired,Namita-J,2026-08-05,Seminal cross-family T3 anchor (784 cites). Namita-J to acquire via CGIAR institutional access; upload to SharePoint library/agroforestry/ + set SRC.library_path. | free PDF via project-site [high]: https://www.landscapealliance.org/publications/downloads/Publications/PDFS/ja07159.pdf,true,,
lin_2007_microclimate_extremes,agroforestry,cross_family,T3,Lin (2007). Agroforestry management as an adaptive strategy against potential microclimate extremes in coffee agriculture. Agricultural and Forest Meteorology.,10.1016/j.agrformet.2006.12.009,https://doi.org/10.1016/j.agrformet.2006.12.009,paywalled,paywalled (Elsevier; OpenAlex is_oa=false),Institutional access via CGIAR library,D591_Rural-Scan_NBS/2_Technical_&_Data/library/1_Agroforestry/lin_2007_microclimate_extremes.pdf,acquired,Namita-J,2026-08-05,"Core microclimate-buffering mechanism (453 cites). NOTE: case study is coffee-based - check at extraction that hazard-buffering claims are stated at cross-practice level, else route to shaded-perennial (F5) family, not cross_family. CGIAR institutional acquire. | possible free copy (LOW conf-verify): https://www.researchgate.net/publication/238371821_Agroforestry_management_as_an_adaptive_strategy_against_potential_microclimate_extremes_in_coffee_agriculture",true,,
pattanayak2003_af_adoption_stock,agroforestry,cross_family,T6,Pattanayak et al. (2003). Taking stock of agroforestry adoption studies. Agroforestry Systems.,10.1023/a:1024809108210,https://research.fs.usda.gov/treesearch/20297,oa,OA (websearch:usda-forestservice/high),OA — browser/repository download (no institutional access needed),D591_Rural-Scan_NBS/2_Technical_&_Data/library/1_Agroforestry/pattanayak2003_af_adoption_stock.pdf,acquired,Namita-J,2026-08-05,Seminal cross-family adoption stocktake. CGIAR institutional access likely. Hand to Namita-J. | free PDF via usda-forestservice [high]: https://research.fs.usda.gov/treesearch/20297,true,,
destefano2018_af_soc_meta,agroforestry,cross_family,T6,De Stefano et al. (2017). Soil carbon sequestration in agroforestry systems: a meta-analysis. Agroforestry Systems.,10.1007/s10457-017-0147-9,https://www.researchgate.net/publication/320693130_Soil_carbon_sequestration_in_agroforestry_systems_a_meta-analysis,oa,OA (websearch:researchgate/med),OA — browser/repository download (no institutional access needed),D591_Rural-Scan_NBS/2_Technical_&_Data/library/1_Agroforestry/destefano2018_af_soc_meta.pdf,acquired,Namita-J,2026-08-05,Quantitative cross-family SOC outcome effect sizes. Springer; CGIAR access. Hand to Namita-J. | free PDF via researchgate [med]: https://www.researchgate.net/publication/320693130_Soil_carbon_sequestration_in_agroforestry_systems_a_meta-analysis,true,,
wocat_slm_economics_giger2015,agroforestry,cross_family,T6,Giger et al. (2015). Economic Benefits and Costs of Sustainable Land Management Technologies: An Analysis of WOCAT's Global Data. Land Degradation &amp; Development.,10.1002/ldr.2429,https://doi.org/10.1002/ldr.2429,paywalled,paywalled,Institutional access via CGIAR library,D591_Rural-Scan_NBS/2_Technical_&_Data/library/1_Agroforestry/wocat_slm_economics_giger2015.pdf,acquired,Namita-J,2026-08-05,"Peer-reviewed analysis of WOCAT global cost/benefit data (median establishment ~US$150/ha, BCR distribution) underpinning the open grey datasets. Wiley; CGIAR access. Hand to Namita-J. | web-searched 2026-08: no free copy (institutional); check ResearchGate manually.",true,,
nair1997_biophys_interactions,agroforestry,cross_family,T4,Rao et al. (1997). Biophysical interactions in tropical agroforestry systems. Agroforestry Systems.,10.1023/A:1005971525590,https://www.cifor-icraf.org/knowledge/publication/33842/,oa,OA (websearch:agency-CIFOR-ICRAF/med),OA — browser/repository download (no institutional access needed),D591_Rural-Scan_NBS/2_Technical_&_Data/library/1_Agroforestry/nair1997_biophys_interactions.pdf,acquired,Namita-J,2026-08-05,Seminal cross-family biophysical envelope. Screened IN. Hand to Namita-J for CGIAR institutional access; cache PDF to .cache/corpus + upload to SharePoint library before extraction. | free PDF via agency-CIFOR-ICRAF [med]: https://www.cifor-icraf.org/knowledge/publication/33842/,true,,
anr_carbon_costeffective_2015,agroforestry,regeneration_farmland,T6,Evans et al. (2015). Carbon farming via assisted natural regeneration as a cost-effective mechanism for restoring biodiversity in agricultural landscapes. Environmental Science &amp; Policy.,10.1016/j.envsci.2015.02.003,https://www.researchgate.net/publication/273389245_Carbon_farming_via_assisted_natural_regeneration_as_a_cost-effective_mechanism_for_restoring_biodiversity_in_agricultural_landscapes,oa,OA (websearch:researchgate/med),OA — browser/repository download (no institutional access needed),D591_Rural-Scan_NBS/2_Technical_&_Data/library/1_Agroforestry/anr_carbon_costeffective_2015.pdf,duplicate,Namita-J,2026-08-05,F2 T6 ANR carbon cost-effectiveness (cost_per_tCO2e); screened-in stock | free PDF via researchgate [med]: https://www.researchgate.net/publication/273389245_Carbon_farming_via_assisted_natural_regeneration_as_a_cost-effective_mechanism_for_restoring_biodiversity_in_agricultural_landscapes | DUPLICATE of anr_carbon_farming_cost_2015 (identical verified DOI) — excluded from extraction.,true,anr_carbon_farming_cost_2015,
brazil_biomes_carbon_biodiv_meta_2023,forest_restoration,assisted_regeneration,T6,"Meta-analysis of carbon stocks and biodiversity outcomes across Brazilian restored biomes, Science of the Total Environment (2023), S0048969723061855",,https://papers.ssrn.com/sol3/papers.cfm?abstract_id=4510899,oa,OA (websearch:ssrn/med),OA — browser/repository download (no institutional access needed),D591_Rural-Scan_NBS/2_Technical_&_Data/library/2_ForestRestoration/brazil_biomes_carbon_biodiv_meta_2023.pdf,pending,Namita-J,2026-08-05,"Screened IN for T6: carbon stock + biodiversity recovery outcomes across restoration approaches (incl. natural/assisted regeneration) in Brazilian biomes — LMIC. Hand to Namita-J for CGIAR institutional access; verify exact DOI on retrieval. Never propose the PDF into git — cache to .cache/corpus on | free PDF via ssrn [med]: https://papers.ssrn.com/sol3/papers.cfm?abstract_id=4510899 | DOI FAILED verification (title_mismatch); original DOI blanked — acquire by TITLE. | OA-recovery 2026-09-25 (Namita-J session): SSRN landing page returns Cloudflare 403 to tooling — not machine-acquirable. DOI is blanked (title_mismatch) and the 'citation' is a reconstruction from a PII, not a verified title, so title-only acquisition is unsafe until a human confirms the actual paper. Also targets T6, which is DEFERRED (2026-09-17 scope cut) — deprioritise until T3/T6 extraction is restored.",false,,
crouzeilles_2016_natregen_biodiversity_meta,forest_restoration,assisted_regeneration,T4,Latawiec et al. (2016). Natural regeneration and biodiversity: a global meta‐analysis and implications for spatial planning. Biotropica.,10.1111/btp.12386,https://doi.org/10.1111/btp.12386,paywalled,paywalled (Wiley/Biotropica; OpenAlex is_oa=false),Institutional access via CGIAR library,D591_Rural-Scan_NBS/2_Technical_&_Data/library/2_ForestRestoration/crouzeilles_2016_natregen_biodiversity_meta.pdf,acquired,Namita-J,2026-08-05,High T4 value: global spatial-planning framing of natural regen. Hand to Namita-J for CGIAR institutional access; cache PDF to SharePoint library/forest_restoration/ before any extraction. | web-searched 2026-08: no free copy (institutional); check ResearchGate manually.,true,,
anr_automating_tropical_2016,forest_restoration,assisted_regeneration,T4,Elliott (2016). The potential for automating assisted natural regeneration of tropical forest ecosystems. Biotropica.,10.1111/btp.12387,https://cdn.forru.org/publication-files/forru-0000088-0001-en.pdf,oa,OA (websearch:agency/project-repo/high),OA — browser/repository download (no institutional access needed),D591_Rural-Scan_NBS/2_Technical_&_Data/library/2_ForestRestoration/anr_automating_tropical_2016.pdf,acquired,Namita-J,2026-08-05,ANR practice + spatial site targeting. CGIAR institutional access via Namita-J. | free PDF via agency/project-repo [high]: https://cdn.forru.org/publication-files/forru-0000088-0001-en.pdf,true,,
landscape_regen_after_disturbance_2018,forest_restoration,assisted_regeneration,T4,Shive et al. (2018). From the stand scale to the landscape scale: predicting the spatial patterns of forest regeneration after disturbance. Ecological Applications.,10.1002/eap.1756,https://research.fs.usda.gov/download/treesearch/57074.pdf,oa,,OA — browser/repository download (no institutional access needed),D591_Rural-Scan_NBS/2_Technical_&_Data/library/2_ForestRestoration/landscape_regen_after_disturbance_2018.pdf,acquired,Namita-J,2026-08-05,"Transferable distance-to-seed-source regen model; temperate (lower priority). Acquire only if tropical evidence saturates below cap. | free PDF via agency [high]: https://research.fs.usda.gov/download/treesearch/57074.pdf | OA-recovery 2026-09-25 (Namita-J session): acquired from USDA Forest Service Treesearch (https://research.fs.usda.gov/download/treesearch/57074.pdf), 14 pp; first-page title + author list verified against the citation (Shive, Preisler, Welch, Safford, Butz; Ecological Applications); doi_verified already true. Uploaded to the library + cached.",true,,
shono_2007_anr_degraded_forestlands,forest_restoration,assisted_regeneration,T3,Shono et al. (2007). Application of Assisted Natural Regeneration to Restore Degraded Tropical Forestlands. Restoration Ecology.,10.1111/j.1526-100X.2007.00274.x,http://formad-environnement.org/RNA_Restoration-Ecology_Shono-et-al2007.pdf,oa,OA (websearch:project-site/high),OA — browser/repository download (no institutional access needed),D591_Rural-Scan_NBS/2_Technical_&_Data/library/2_ForestRestoration/shono_2007_anr_degraded_forestlands.pdf,duplicate,Namita-J,2026-08-05,Seminal ANR practice source; fire/grazing/logging suppression = core T3 hazard-barrier content. ResearchGate copy exists (227679376) but not a citable provenance source. Hand to Namita-J (CGIAR institutional access) -> SharePoint library/forest_restoration/ + set SRC.library_path. | free PDF via project-site [high]: http://formad-environnement.org/RNA_Restoration-Ecology_Shono-et-al2007.pdf | DUPLICATE of shono_anr_degraded_tropical_2007 (identical verified DOI) — excluded from extraction.,true,shono_anr_degraded_tropical_2007,
naturerev_2025_drivers_natural_regeneration,forest_restoration,assisted_regeneration,T3,Chazdon et al. (2025). Drivers and benefits of natural regeneration in tropical forests. Nature Reviews Biodiversity.,10.1038/s44358-025-00043-y,https://research.wur.nl/en/publications/drivers-and-benefits-of-natural-regeneration-in-tropical-forests,oa,OA (Unpaywall:repository),OA — browser/repository download (no institutional access needed),D591_Rural-Scan_NBS/2_Technical_&_Data/library/2_ForestRestoration/naturerev_2025_drivers_natural_regeneration.pdf,duplicate,Namita-J,2026-08-05,Recent review; climate/drought + disturbance drivers of regeneration potential. Namita-J CGIAR access -> library + library_path. | OA via Unpaywall (repository) | DUPLICATE of nat_rev_biodiv_nr_drivers (identical verified DOI) — excluded from extraction.,true,nat_rev_biodiv_nr_drivers,
williams_2024_natregen_potential_model,forest_restoration,assisted_regeneration,T3,Williams et al. (2024). Global potential for natural regeneration in deforested tropical regions. Nature.,10.1038/s41586-024-08106-4,https://pmc.ncbi.nlm.nih.gov/articles/PMC11618091/,oa,OA (websearch:publisher-OA/high),OA — browser/repository download (no institutional access needed),D591_Rural-Scan_NBS/2_Technical_&_Data/library/2_ForestRestoration/williams_2024_natregen_potential_model.pdf,acquired,Namita-J,2026-08-05,Paper itself is OA via PMC (no PDF acquisition needed). Blocker is the MODEL CODE: 'available on request from hawthornebeyer@gmail.com' — needed for tool-style file:line + commit_sha evidencing of hardcoded predictors/thresholds. Data rasters already OA on Zenodo (record 7428804). Namita/Pete to req | free PDF via publisher-OA [high]: https://pmc.ncbi.nlm.nih.gov/articles/PMC11618091/,true,,
reforestation_planting_methods_2023,forest_restoration,active_planting,T6,Preece et al. (2023). Reforestation success can be enhanced by improving tree planting methods. Journal of Environmental Management.,10.1016/j.jenvman.2023.117645,https://researchers.cdu.edu.au/files/72716695/Preece_et_al_2023_JEnvMgt.pdf,oa,OA (websearch:university-repo/high),OA — browser/repository download (no institutional access needed),D591_Rural-Scan_NBS/2_Technical_&_Data/library/2_ForestRestoration/reforestation_planting_methods_2023.pdf,acquired,Namita-J,2026-08-05,"For Namita-J via CGIAR institutional access. Core T6 active-planting survival/success synthesis. DOI to be confirmed on retrieval (PubMed 36871451). | free PDF via university-repo [high]: https://researchers.cdu.edu.au/files/72716695/Preece_et_al_2023_JEnvMgt.pdf | DOI recovered 2026-09-29 from the DOI PRINTED ON the cached library PDF, then round-tripped through Crossref: resolved title matches the PDF text and the original citation (overlap 1.00); citation rebuilt from the Crossref record. Confirmed by PR review.",true,,
costeff_regen_vs_plantation_ncc_2024,forest_restoration,active_planting,T6,Busch et al. (2024). Cost-effectiveness of natural forest regeneration and plantations for climate mitigation. Nature Climate Change.,10.1038/s41558-024-02068-1,https://www.researchgate.net/publication/382526398_Cost-effectiveness_of_natural_forest_regeneration_and_plantations_for_climate_mitigation,oa,OA (websearch:researchgate/med),OA — browser/repository download (no institutional access needed),D591_Rural-Scan_NBS/2_Technical_&_Data/library/2_ForestRestoration/costeff_regen_vs_plantation_ncc_2024.pdf,duplicate,Namita-J,2026-08-05,For Namita-J via CGIAR institutional access. High-value T6 spatial cost_per_tCO2e comparing active planting vs natural regen; also informs F2/F3 split. | free PDF via researchgate [med]: https://www.researchgate.net/publication/382526398_Cost-effectiveness_of_natural_forest_regeneration_and_plantations_for_climate_mitigation | DUPLICATE of bukoski_2024_ncc_cost_effectiveness (identical verified DOI) — excluded from extraction.,true,bukoski_2024_ncc_cost_effectiveness,
cdm_afforestation_land_suitability_2008,forest_restoration,active_planting,T4,"Zomer et al. (2008). Climate change mitigation: A spatial analysis of global land suitability for clean development mechanism afforestation and reforestation. Agriculture, Ecosystems &amp; Environment.",10.1016/j.agee.2008.01.014,https://cgiarcsi.community/wp-content/uploads/2019/01/zomer-et-al-2008-a-spatial-analysis-of-global-land-suitability-for-clean-development-mechanism-affresotation-and-reforestation.pdf,oa,OA (websearch:agency/high),OA — browser/repository download (no institutional access needed),D591_Rural-Scan_NBS/2_Technical_&_Data/library/2_ForestRestoration/cdm_afforestation_land_suitability_2008.pdf,duplicate,Namita-J,2026-08-05,"High priority. Resolve DOI via OpenAlex W2107620525 after budget reset. CGIAR institutional access likely. Core global T4 planting-suitability source. | free PDF via agency [high]: https://cgiarcsi.community/wp-content/uploads/2019/01/zomer-et-al-2008-a-spatial-analysis-of-global-land-suitability-for-clean-development-mechanism-affresotation-and-reforestation.pdf | DOI recovered 2026-09-29 from the DOI PRINTED ON the cached library PDF, then round-tripped through Crossref: resolved title matches the PDF text and the original citation (overlap 1.00); citation rebuilt from the Crossref record. Confirmed by PR review. | 2026-09-29 duplicate: same DOI (10.1016/j.agee.2008.01.014) as fr_zomer_cdm_afforestation_suit_2008, already extracted - excluded so the paper is not counted twice in synthesis.",true,fr_zomer_cdm_afforestation_suit_2008,
excessive_afforestation_arid_china_2010,forest_restoration,active_planting,T4,Cao et al. (2011). Excessive reliance on afforestation in China's arid and semi-arid regions: Lessons in ecological restoration. Earth-Science Reviews.,10.1016/j.earscirev.2010.11.002,https://openalex.org/W2067123747,paywalled,closed access (paywalled),Institutional access via CGIAR library,D591_Rural-Scan_NBS/2_Technical_&_Data/library/2_ForestRestoration/excessive_afforestation_arid_china_2010.pdf,acquired,Namita-J,2026-08-05,"Do-no-harm / dryland water-limit constraint evidence. Resolve DOI via OpenAlex ID. | web-searched 2026-08: no free copy (institutional); check ResearchGate manually. | DOI recovered 2026-09-29 from the DOI PRINTED ON the cached library PDF, then round-tripped through Crossref: resolved title matches the PDF text and the original citation (overlap 1.00); citation rebuilt from the Crossref record. Confirmed by PR review.",true,,
portfolio_theory_reforestation_climate_2008,forest_restoration,active_planting,T4,Crowe et al. (2008). Using portfolio theory to guide reforestation and restoration under climate change scenarios. Climatic Change.,10.1007/s10584-007-9373-x,https://rngr.net/publications/assisted-migration/using-portfolio-theory-to-guide-reforestation-and-restoration-under-climate-change-scenarios,oa,OA (websearch:agency/semanticscholar/high),OA — browser/repository download (no institutional access needed),D591_Rural-Scan_NBS/2_Technical_&_Data/library/2_ForestRestoration/portfolio_theory_reforestation_climate_2008.pdf,acquired,Namita-J,2026-08-05,"Species/site selection under climate uncertainty. Resolve DOI via OpenAlex ID. | free PDF via agency/semanticscholar [high]: https://rngr.net/publications/assisted-migration/using-portfolio-theory-to-guide-reforestation-and-restoration-under-climate-change-scenarios | DOI recovered 2026-09-29 from the DOI PRINTED ON the cached library PDF, then round-tripped through Crossref: resolved title matches the PDF text and the original citation (overlap 1.00); citation rebuilt from the Crossref record. Confirmed by PR review.",true,,
farmland_afforestation_hotspots_scotland_2007,forest_restoration,active_planting,T4,Gimona et al. (2007). Mapping hotspots of multiple landscape functions: a case study on farmland afforestation in Scotland. Landscape Ecology.,10.1007/s10980-007-9105-7,https://www.academia.edu/14539390/Mapping_hotspots_of_multiple_landscape_functions_a_case_study_on_farmland_afforestation_in_Scotland,oa,OA (websearch:academia/med),OA — browser/repository download (no institutional access needed),D591_Rural-Scan_NBS/2_Technical_&_Data/library/2_ForestRestoration/farmland_afforestation_hotspots_scotland_2007.pdf,acquired,Namita-J,2026-08-05,"Afforestation multi-criteria suitability mapping. Lower priority (temperate). Resolve DOI via OpenAlex ID. | free PDF via academia [med]: https://www.academia.edu/14539390/Mapping_hotspots_of_multiple_landscape_functions_a_case_study_on_farmland_afforestation_in_Scotland | DOI recovered 2026-09-29 from the DOI PRINTED ON the cached library PDF, then round-tripped through Crossref: resolved title matches the PDF text and the original citation (overlap 1.00); citation rebuilt from the Crossref record. Confirmed by PR review.",true,,
optimizing_afforestation_reforestation_degraded_2024,forest_restoration,active_planting,T4,"Fahrudin et al. (2024). Optimizing afforestation and reforestation strategies to enhance ecosystem services in critically degraded regions. Trees, Forests and People.",10.1016/j.tfp.2024.100700,https://www.sciencedirect.com/science/article/pii/S2666719324002073,oa,OA (websearch:publisher-OA/high),OA — browser/repository download (no institutional access needed),D591_Rural-Scan_NBS/2_Technical_&_Data/library/2_ForestRestoration/optimizing_afforestation_reforestation_degraded_2024.pdf,acquired,Namita-J,2026-08-05,"Recent; degraded-land targeting. CGIAR/institutional access. DOI on article page. | free PDF via publisher-OA [high]: https://www.sciencedirect.com/science/article/pii/S2666719324002073 | DOI recovered 2026-09-29 from the DOI PRINTED ON the cached library PDF, then round-tripped through Crossref: resolved title matches the PDF text and the original citation (overlap 1.00); citation rebuilt from the Crossref record. Confirmed by PR review.",true,,
large_seedling_survival_restorations_worldwide_2021,forest_restoration,active_planting,T3,Andivia et al. (2021). Climate and species stress resistance modulate the higher survival of large seedlings in forest restorations worldwide. Ecological Applications.,10.1002/eap.2394,https://www.fs.usda.gov/rm/pubs_journals/2021/rmrs_2021_andivia_e001.pdf,oa,OA (websearch:agency/high),OA — browser/repository download (no institutional access needed),D591_Rural-Scan_NBS/2_Technical_&_Data/library/2_ForestRestoration/large_seedling_survival_restorations_worldwide_2021.pdf,acquired,Namita-J,2026-08-05,"Global high-relevance stock pick. Search for OA/green copy first; if none, CGIAR institutional access. DOI to be resolved from PubMed. | free PDF via agency [high]: https://www.fs.usda.gov/rm/pubs_journals/2021/rmrs_2021_andivia_e001.pdf | DOI recovered 2026-09-29 from the DOI PRINTED ON the cached library PDF, then round-tripped through Crossref: resolved title matches the PDF text and the original citation (overlap 1.00); citation rebuilt from the Crossref record. Confirmed by PR review.",true,,
ecological_restoration_age_of_apocalypse_2023,forest_restoration,active_planting,T3,Svejcar et al. (2023). Ecological restoration in the age of apocalypse. Global Change Biology.,10.1111/gcb.16809,https://fwcs.oregonstate.edu/sites/agscid7/files/1094_ecological_restoration_in_the_age_of_apocalypse.pdf,oa,OA (websearch:university-repo/high),OA — browser/repository download (no institutional access needed),D591_Rural-Scan_NBS/2_Technical_&_Data/library/2_ForestRestoration/ecological_restoration_age_of_apocalypse_2023.pdf,acquired,Namita-J,2026-08-05,High-relevance T3 hazard-to-establishment framing. CGIAR institutional (Wiley). | free PDF via university-repo [high]: https://fwcs.oregonstate.edu/sites/agscid7/files/1094_ecological_restoration_in_the_age_of_apocalypse.pdf,true,,
seedling_field_performance_hot_dry_restoration_2025,forest_restoration,active_planting,T3,"Grossnickle et al. (2026). Seedling field performance on hot, dry forest restoration sites: influence of plant attributes. New Forests.",10.1007/s11056-025-10140-7,https://link.springer.com/article/10.1007/s11056-025-10140-7,paywalled,paywall_springer,Institutional access via CGIAR library,D591_Rural-Scan_NBS/2_Technical_&_Data/library/2_ForestRestoration/seedling_field_performance_hot_dry_restoration_2025.pdf,acquired,Namita-J,2026-08-05,Direct planted-seedling drought/heat survival. CGIAR institutional (Springer). | possible free copy (LOW conf-verify): https://www.researchgate.net/publication/400041254_Seedling_field_performance_on_hot_dry_forest_restoration_sites_influence_of_plant_attributes,true,,
reforestation_failure_project_scale_mediterranean_dryland_2021,forest_restoration,active_planting,T3,del Campo et al. (2021). Assessing reforestation failure at the project scale: The margin for technical improvement under harsh conditions. A case study in a Mediterranean Dryland. Science of The Total Environment.,10.1016/j.scitotenv.2021.148952,https://www.sciencedirect.com/science/article/abs/pii/S0048969721040249,paywalled,paywall_elsevier,Institutional access via CGIAR library,D591_Rural-Scan_NBS/2_Technical_&_Data/library/2_ForestRestoration/reforestation_failure_project_scale_mediterranean_dryland_2021.pdf,acquired,Namita-J,2026-08-05,"Project-scale dryland reforestation failure. CGIAR institutional (Elsevier). Resolve DOI from ScienceDirect. | web-searched 2026-08: no free copy (institutional); check ResearchGate manually. | DOI recovered 2026-09-29 from the DOI PRINTED ON the cached library PDF, then round-tripped through Crossref: resolved title matches the PDF text and the original citation (overlap 0.62); citation rebuilt from the Crossref record. Confirmed by PR review.",true,,
iufro_stanturf_climate_adaptive_restoration_reforestation_guidelines,forest_restoration,active_planting,T3,Stanturf (2026). The context for reforestation and restoration guidelines. Guidelines for Climate Adaptive Forest Restoration and Reforestation Projects.,10.1016/B978-0-443-34086-4.00002-5,https://www.iufro.org/publication/guidelines-for-climate-adaptive-forest-restoration-and-reforestation-projects,oa,OA (websearch:publisher-OA/med),OA — browser/repository download (no institutional access needed),D591_Rural-Scan_NBS/2_Technical_&_Data/library/2_ForestRestoration/iufro_stanturf_climate_adaptive_restoration_reforestation_guidelines.pdf,acquired,Namita-J,2026-08-05,"Book - may only be acquirable as chapter/summary; check IUFRO open version or library. Lower priority than the journal items. | free PDF via publisher-OA [med]: https://www.iufro.org/publication/guidelines-for-climate-adaptive-forest-restoration-and-reforestation-projects | DOI recovered 2026-09-29 from the DOI PRINTED ON the cached library PDF, then round-tripped through Crossref: resolved title matches the PDF text and the original citation (overlap 0.75); citation rebuilt from the Crossref record. Confirmed by PR review.",true,,
chazdon_guariguata_2016_natreg_flr,forest_restoration,passive_regeneration,T4,Chazdon et al. (2016). Natural regeneration in the context of large‐scale forest and landscape restoration in the tropics. Biotropica.,10.1111/btp.12409,https://partners-rcn.org/wp-content/uploads/2019/08/Chazdon-andUriarte-2016.pdf,oa,OA (websearch:project-site/high),OA — browser/repository download (no institutional access needed),D591_Rural-Scan_NBS/2_Technical_&_Data/library/2_ForestRestoration/chazdon_guariguata_2016_natreg_flr.pdf,acquired,Namita-J,2026-08-05,Seminal T4 regeneration-potential synthesis. Hand to Namita-J for CGIAR institutional access. | free PDF via project-site [high]: https://partners-rcn.org/wp-content/uploads/2019/08/Chazdon-andUriarte-2016.pdf,true,,
strassburg_2020_global_priority_restoration,forest_restoration,passive_regeneration,T4,Strassburg et al. (2020). Global priority areas for ecosystem restoration. Nature.,10.1038/s41586-020-2784-9,https://edepot.wur.nl/535069,oa,OA (websearch:university-repo/high),OA — browser/repository download (no institutional access needed),D591_Rural-Scan_NBS/2_Technical_&_Data/library/2_ForestRestoration/strassburg_2020_global_priority_restoration.pdf,acquired,Namita-J,2026-08-05,MCDA/opportunity-space method template. CGIAR access via Namita-J; check WUR/IIASA green-OA copy legitimacy. | free PDF via university-repo [high]: https://edepot.wur.nl/535069,true,,
poorter_2016_biomass_resilience_secondary,forest_restoration,passive_regeneration,T4,Poorter et al. (2016). Biomass resilience of Neotropical secondary forests. Nature.,10.1038/nature16512,http://www.iies.unam.mx/laboratorios/ecologia-manejo-bosques-tropicales/wp-content/uploads/2016/09/Poorter_et_al_2016-Nature-online.pdf,oa,OA (websearch:university-repo/high),OA — browser/repository download (no institutional access needed),D591_Rural-Scan_NBS/2_Technical_&_Data/library/2_ForestRestoration/poorter_2016_biomass_resilience_secondary.pdf,acquired,Namita-J,2026-08-05,Biophysical recovery-rate gradient (water availability) for T4. CGIAR institutional access. | free PDF via university-repo [high]: http://www.iies.unam.mx/laboratorios/ecologia-manejo-bosques-tropicales/wp-content/uploads/2016/09/Poorter_et_al_2016-Nature-online.pdf,true,,
cookpatton_2020_regrowth_carbon_map,forest_restoration,passive_regeneration,T4,Cook-Patton et al. (2020). Mapping carbon accumulation potential from global natural forest regrowth. Nature.,10.1038/s41586-020-2686-x,https://escholarship.org/uc/item/09f6k3zb,oa,OA (websearch:university-repo/high),OA — browser/repository download (no institutional access needed),D591_Rural-Scan_NBS/2_Technical_&_Data/library/2_ForestRestoration/cookpatton_2020_regrowth_carbon_map.pdf,acquired,Namita-J,2026-08-05,Prioritise acquiring the OA dataset + methods; article body via CGIAR access for the model spec. | free PDF via university-repo [high]: https://escholarship.org/uc/item/09f6k3zb,true,,
crouzeilles_2016_btp_nr_tool,forest_restoration,passive_regeneration,T6,Chazdon et al. (2016). Natural regeneration as a tool for large‐scale forest restoration in the tropics: prospects and challenges. Biotropica.,10.1111/btp.12381,https://cgspace.cgiar.org/items/be93ad69-4a1b-4ef3-9749-b35ae25ed448,oa,OA (websearch:agency-repo/med),OA — browser/repository download (no institutional access needed),D591_Rural-Scan_NBS/2_Technical_&_Data/library/2_ForestRestoration/crouzeilles_2016_btp_nr_tool.pdf,acquired,Namita-J,2026-08-05,Hand to Namita-J for CGIAR institutional access. Most-cited passive-NR synthesis; needed for T6 outcome+cost saturation. Cache PDF to .cache/corpus + SharePoint library/forest_restoration/ before any extraction. | free PDF via agency-repo [med]: https://cgspace.cgiar.org/items/be93ad69-4a1b-4ef3-9749-b35ae25ed448,true,,
bukoski_2024_ncc_cost_effectiveness,forest_restoration,passive_regeneration,T6,Busch et al. (2024). Cost-effectiveness of natural forest regeneration and plantations for climate mitigation. Nature Climate Change.,10.1038/s41558-024-02068-1,https://www.researchgate.net/publication/382526398_Cost-effectiveness_of_natural_forest_regeneration_and_plantations_for_climate_mitigation,oa,OA (websearch:researchgate/med),OA — browser/repository download (no institutional access needed),D591_Rural-Scan_NBS/2_Technical_&_Data/library/2_ForestRestoration/bukoski_2024_ncc_cost_effectiveness.pdf,acquired,Namita-J,2026-08-05,Hand to Namita-J (CGIAR). Primary cost_per_tCO2e evidence across 138 LMICs. A ResearchGate PDF and ScienceOpen record were seen in search - verify OA legality before caching; else institutional pull. | free PDF via researchgate [med]: https://www.researchgate.net/publication/382526398_Cost-effectiveness_of_natural_forest_regeneration_and_plantations_for_climate_mitigation,true,,
nat_rev_biodiv_nr_drivers,forest_restoration,passive_regeneration,T3,Chazdon et al. (2025). Drivers and benefits of natural regeneration in tropical forests. Nature Reviews Biodiversity.,10.1038/s44358-025-00043-y,https://research.wur.nl/en/publications/drivers-and-benefits-of-natural-regeneration-in-tropical-forests/,oa,OA (websearch:wur/med),OA — browser/repository download (no institutional access needed),D591_Rural-Scan_NBS/2_Technical_&_Data/library/2_ForestRestoration/nat_rev_biodiv_nr_drivers.pdf,pending,Namita-J,2026-08-05,"Highest-value F1 T3 anchor (review of NR practice incl. resilience/benefit + climate-stress barriers). Hand to Namita-J for CGIAR institutional access; upload PDF to SharePoint library/forest_restoration/ and set SRC.library_path. DOI is inferred from OpenAlex slug — confirm on retrieval. | free PDF via wur [med]: https://research.wur.nl/en/publications/drivers-and-benefits-of-natural-regeneration-in-tropical-forests/ | OA-recovery 2026-09-25 (Namita-J session): Unpaywall reports green OA but the only location is the WUR record page, which carries metadata with NO file attached (verified by fetching it). A ResearchGate copy exists (publication/391013118) — RG cannot be tool-verified, so this needs a HUMAN check before any paywalled label. Also targets T3, which is DEFERRED (2026-09-17 scope cut) — deprioritise.",true,,
spruce_drought_succession,forest_restoration,passive_regeneration,T3,"Svobodová et al. (2019). Increased sensitivity to drought across successional stages in natural Norway spruce (Picea abies (L.) Karst.) forests of the Calimani Mountains, Romania. Trees.",10.1007/s00468-019-01862-1,https://www.academia.edu/113425782/Increased_sensitivity_to_drought_across_successional_stages_in_natural_Norway_spruce_Picea_abies_L_Karst_forests_of_the_Calimani_Mountains_Romania,oa,OA (websearch:academia/med),OA — browser/repository download (no institutional access needed),D591_Rural-Scan_NBS/2_Technical_&_Data/library/2_ForestRestoration/spruce_drought_succession.pdf,pending,Namita-J,2026-08-05,"Drought vulnerability across natural successional stages. Temperate/single-genus — med weight. CGIAR institutional retrieval via Namita-J. | free PDF via academia [med]: https://www.academia.edu/113425782/Increased_sensitivity_to_drought_across_successional_stages_in_natural_Norway_spruce_Picea_abies_L_Karst_forests_of_the_Calimani_Mountains_Romania | OA-recovery 2026-09-25 (Namita-J session): Unpaywall is_oa=false (closed); web-search found no repository/preprint copy — only Academia.edu, which cannot be tool-verified or downloaded. Needs a HUMAN check (Academia/RG) before institutional retrieval. Also targets T3, which is DEFERRED (2026-09-17 scope cut) — deprioritise.",true,,
sierra_planting_vs_natural_1978,forest_restoration,passive_regeneration,T3,Bock et al. (1978). A Comparison of Planting and Natural Succession After a Forest Fire in the Northern Sierra Nevada. The Journal of Applied Ecology.,10.2307/2402613,https://doi.org/10.2307/2402613,paywalled,"paywalled (JSTOR/Wiley); 1978, may need archive retrieval",Institutional access via CGIAR library,D591_Rural-Scan_NBS/2_Technical_&_Data/library/2_ForestRestoration/sierra_planting_vs_natural_1978.pdf,acquired,Namita-J,2026-08-05,"Passive post-fire natural succession vs planting. Low priority (old, US) — only fetch if T3 fire-response corpus stays thin. | web-searched 2026-08: no free copy (institutional); check ResearchGate manually.",true,,
percolation_tanks_mar_south_india_2014,water_harvesting_conservation,runoff_catchment,T3,Massuel et al. (2014). Managed aquifer recharge in South India: What to expect from small percolation tanks in hard rock?. Journal of Hydrology.,10.1016/j.jhydrol.2014.02.062,https://hal.science/hal-01174963/,oa,OA (websearch:HAL/high),OA — browser/repository download (no institutional access needed),D591_Rural-Scan_NBS/2_Technical_&_Data/library/3_Water_Harvesting/percolation_tanks_mar_south_india_2014.pdf,acquired,Namita-J,2026-08-05,"Namita-J CGIAR institutional access. High-priority T3 recharge/drought-buffering, LMIC India dryland. | free PDF via HAL [high]: https://hal.science/hal-01174963/",true,,
checkdam_runoff_sediment_semiarid_2014,water_harvesting_conservation,runoff_catchment,T3,"Polyakov et al. (2014). Effect of check dams on runoff, sediment yield, and retention on small semiarid watersheds. Journal of Soil and Water Conservation.",10.2489/jswc.69.5.414,https://doi.org/10.2489/jswc.69.5.414,paywalled,paywalled (JSWC / SWCS),Institutional access via CGIAR library,D591_Rural-Scan_NBS/2_Technical_&_Data/library/3_Water_Harvesting/checkdam_runoff_sediment_semiarid_2014.pdf,pending,Namita-J,2026-08-05,Namita-J CGIAR access. Semiarid erosion/siltation hazard buffering. | web-searched 2026-08: no free copy (institutional); check ResearchGate manually.,true,,
checkdams_runoff_sediment_loess_2019,water_harvesting_conservation,runoff_catchment,T3,Shi et al. (2019). Land-use changes and check dams reducing runoff and sediment yield on the Loess Plateau of China. Science of The Total Environment.,10.1016/j.scitotenv.2019.01.430,https://doi.org/10.1016/j.scitotenv.2019.01.430,paywalled,paywalled (Elsevier),Institutional access via CGIAR library,D591_Rural-Scan_NBS/2_Technical_&_Data/library/3_Water_Harvesting/checkdams_runoff_sediment_loess_2019.pdf,pending,Namita-J,2026-08-05,Namita-J CGIAR access. Verify siting content survives screening before extraction (may be pure attribution modelling). | web-searched 2026-08: no free copy (institutional); check ResearchGate manually.,true,,
recharge_dam_performance_arid_satellite_2023,water_harvesting_conservation,runoff_catchment,T3,"Arunakumaren et al. (2023). Assessment of recharge dam performance in arid regions based on satellite data, case study: Jalajil and Rawdah Dams. International Journal of Hydrology Science and Technology.",10.1504/ijhst.2023.10059786,https://doi.org/10.1504/ijhst.2023.10059786,paywalled,paywalled (Inderscience),Institutional access via CGIAR library,D591_Rural-Scan_NBS/2_Technical_&_Data/library/3_Water_Harvesting/recharge_dam_performance_arid_satellite_2023.pdf,pending,Namita-J,2026-08-05,Namita-J CGIAR access. Recharge-dam siltation/performance (hazard-to-structure). | web-searched 2026-08: no free copy (institutional); check ResearchGate manually.,true,,
sanddam_siting_guidelines_kenya_2020,water_harvesting_conservation,runoff_catchment,T3,Ngugi et al. (2020). Back to the drawing board: assessing siting guidelines for sand dams in Kenya. Sustainable Water Resources Management.,10.1007/s40899-020-00417-4,https://avrdc.org/download/project-support/v4pp/training-trainers/1-3-water-mgmt/Sand-dams_Kenya-1.pdf,oa,OA (websearch:project-site/high),OA — browser/repository download (no institutional access needed),D591_Rural-Scan_NBS/2_Technical_&_Data/library/3_Water_Harvesting/sanddam_siting_guidelines_kenya_2020.pdf,acquired,Namita-J,2026-08-05,"Namita-J - prefer publisher PDF; ResearchGate copy is fallback (repo access, verify final version). | free PDF via project-site [high]: https://avrdc.org/download/project-support/v4pp/training-trainers/1-3-water-mgmt/Sand-dams_Kenya-1.pdf",true,,
khan_maharjan_2005_checkdam_syi_morphometric,water_harvesting_conservation,runoff_catchment,T4,Nooka Ratnam et al. (2005). Check dam positioning by prioritization of micro-watersheds using SYI model and morphometric analysis — Remote sensing and GIS perspective. Journal of the Indian Society of Remote Sensing.,10.1007/bf02989988,https://www.researchgate.net/publication/227252340_Check_dam_positioning_by_prioritization_of_micro-watersheds_using_SYI_model_and_morphometric_analysis_-_Remote_sensing_and_GIS_perspective,oa,OA (websearch:researchgate/med),OA — browser/repository download (no institutional access needed),D591_Rural-Scan_NBS/2_Technical_&_Data/library/3_Water_Harvesting/khan_maharjan_2005_checkdam_syi_morphometric.pdf,acquired,Namita-J,2026-08-05,High priority seminal F3 morphometric check-dam siting. Namita-J via CGIAR institutional access. | free PDF via researchgate [med]: https://www.researchgate.net/publication/227252340_Check_dam_positioning_by_prioritization_of_micro-watersheds_using_SYI_model_and_morphometric_analysis_-_Remote_sensing_and_GIS_perspective,true,,
ammar_2016_mcda_wh_artificial_recharge_iran,water_harvesting_conservation,runoff_catchment,T4,Singh et al. (2017). Multi-criteria analysis and GIS modeling for identifying prospective water harvesting and artificial recharge sites for sustainable water supply. Journal of Cleaner Production.,10.1016/j.jclepro.2016.11.163,https://doi.org/10.1016/j.jclepro.2016.11.163,paywalled,"paywalled (Elsevier, closed)",Institutional access via CGIAR library,D591_Rural-Scan_NBS/2_Technical_&_Data/library/3_Water_Harvesting/ammar_2016_mcda_wh_artificial_recharge_iran.pdf,duplicate,Namita-J,2026-08-05,WH + artificial-recharge MCDA siting criteria. Namita-J CGIAR access. | web-searched 2026-08: no free copy (institutional); check ResearchGate manually. | DUPLICATE of mahmoud_2016_mcda_gis_wh_recharge (identical verified DOI) — excluded from extraction.,true,mahmoud_2016_mcda_gis_wh_recharge,
mahmoud_2021_checkdam_suitability_topo_drainage_morocco,water_harvesting_conservation,runoff_catchment,T4,"Ettazarini (2021). GIS-based land suitability assessment for check dam site location, using topography and drainage information: a case study from Morocco. Environmental Earth Sciences.",10.1007/s12665-021-09881-3,https://doi.org/10.1007/s12665-021-09881-3,paywalled,"paywalled (Springer, closed)",Institutional access via CGIAR library,D591_Rural-Scan_NBS/2_Technical_&_Data/library/3_Water_Harvesting/mahmoud_2021_checkdam_suitability_topo_drainage_morocco.pdf,acquired,Namita-J,2026-08-05,LMIC dryland check-dam siting; topography + drainage limiter. Namita-J CGIAR access. | web-searched 2026-08: no free copy (institutional); check ResearchGate manually.,true,,
singh_2019_fuzzy_wh_structure_rainfed,water_harvesting_conservation,runoff_catchment,T4,Vema et al. (2019). Fuzzy inference system for site suitability evaluation of water harvesting structures in rainfed regions. Agricultural Water Management.,10.1016/j.agwat.2019.03.028,https://doi.org/10.1016/j.agwat.2019.03.028,paywalled,"paywalled (Elsevier, closed)",Institutional access via CGIAR library,D591_Rural-Scan_NBS/2_Technical_&_Data/library/3_Water_Harvesting/singh_2019_fuzzy_wh_structure_rainfed.pdf,acquired,Namita-J,2026-08-05,Fuzzy-membership suitability curves for WH structures; aligns with framework primitives. Namita-J CGIAR access. | web-searched 2026-08: no free copy (institutional); check ResearchGate manually.,true,,
percolation_tank_south_india_2014,water_harvesting_conservation,runoff_catchment,T6,Massuel et al. (2014). Managed aquifer recharge in South India: What to expect from small percolation tanks in hard rock?. Journal of Hydrology.,10.1016/j.jhydrol.2014.02.062,https://hal.science/hal-01174963/,oa,OA (websearch:HAL/high),OA — browser/repository download (no institutional access needed),D591_Rural-Scan_NBS/2_Technical_&_Data/library/3_Water_Harvesting/percolation_tank_south_india_2014.pdf,duplicate,Namita-J,2026-08-05,"CGIAR institutional access (Namita-J). High-value recharge-outcome anchor for percolation tanks, hard-rock India. | free PDF via HAL [high]: https://hal.science/hal-01174963/ | DUPLICATE of percolation_tanks_mar_south_india_2014 (identical verified DOI) — excluded from extraction.",true,percolation_tanks_mar_south_india_2014,
sand_dam_ethiopia_climate_2013,water_harvesting_conservation,runoff_catchment,T6,Lasage et al. (2013). The role of small scale sand dams in securing water supply under climate change in Ethiopia. Mitigation and Adaptation Strategies for Global Change.,10.1007/s11027-013-9493-8,https://doi.org/10.1007/s11027-013-9493-8,paywalled,Springer paywall,Institutional access via CGIAR library,D591_Rural-Scan_NBS/2_Technical_&_Data/library/3_Water_Harvesting/sand_dam_ethiopia_climate_2013.pdf,acquired,Namita-J,2026-08-05,"CGIAR institutional access (Namita-J). Sand-dam water-security outcome, dryland Ethiopia. | web-searched 2026-08: no free copy (institutional); check ResearchGate manually.",true,,
checkdam_recharge_rajasthan_farmers_2017,water_harvesting_conservation,runoff_catchment,T6,"Dashora et al. (2017). A simple method using farmers’ measurements applied to estimate check dam recharge in Rajasthan, India. Sustainable Water Resources Management.",10.1007/s40899-017-0185-5,https://recharge.iah.org/files/2018/09/2018-p301-316-Dashora-et-al.pdf,oa,OA (websearch:agency/high),OA — browser/repository download (no institutional access needed),D591_Rural-Scan_NBS/2_Technical_&_Data/library/3_Water_Harvesting/checkdam_recharge_rajasthan_farmers_2017.pdf,acquired,Namita-J,2026-08-05,"CGIAR institutional access (Namita-J). Per-structure recharge-volume quantification, dryland India. | free PDF via agency [high]: https://recharge.iah.org/files/2018/09/2018-p301-316-Dashora-et-al.pdf",true,,
farm_pond_design_yield_2020,water_harvesting_conservation,runoff_catchment,T6,Vico et al. (2020). Designing on-farm irrigation ponds for high and stable yield for different climates and risk-coping attitudes. Journal of Hydrology.,10.1016/j.jhydrol.2020.124634,https://publications.slu.se/?file=publ/show&id=105248,oa,OA (websearch:university-repo/med),OA — browser/repository download (no institutional access needed),D591_Rural-Scan_NBS/2_Technical_&_Data/library/3_Water_Harvesting/farm_pond_design_yield_2020.pdf,acquired,Namita-J,2026-08-05,CGIAR institutional access (Namita-J). Farm-pond design->yield/risk outcome; medium priority. | free PDF via university-repo [med]: https://publications.slu.se/?file=publ/show&id=105248,true,,
boers_1986_mcwh_arid,water_harvesting_conservation,micro_catchment,T4|T3,Boers et al. (1986). Micro-Catchment-Water-Harvesting (MCWH) for arid zone development. Agricultural Water Management.,10.1016/0378-3774(86)90003-x,https://doi.org/10.1016/0378-3774(86)90003-x,paywalled,"paywalled (Elsevier, closed)",Institutional access via CGIAR library,D591_Rural-Scan_NBS/2_Technical_&_Data/library/3_Water_Harvesting/boers_1986_mcwh_arid.pdf,acquired,Namita-J,2026-08-05,CGIAR institutional access. Foundational MCWH design/ratio source for F2 T4. | web-searched 2026-08: no free copy (institutional); check ResearchGate manually.,true,,
boers_1986_linreg_soilwater_design,water_harvesting_conservation,micro_catchment,T4,Boers et al. (1986). A linear regression model combined with a soil water balance model to design micro-catchments for water harvesting in arid zones. Agricultural Water Management.,10.1016/0378-3774(86)90038-7,https://doi.org/10.1016/0378-3774(86)90038-7,paywalled,"paywalled (Elsevier, closed)",Institutional access via CGIAR library,D591_Rural-Scan_NBS/2_Technical_&_Data/library/3_Water_Harvesting/boers_1986_linreg_soilwater_design.pdf,acquired,Namita-J,2026-08-05,CGIAR institutional access. Micro-catchment sizing/ratio + soil-water-balance. | web-searched 2026-08: no free copy (institutional); check ResearchGate manually.,true,,
prinz_2004_microcatchment_swc,water_harvesting_conservation,micro_catchment,T4,Schiettecatte et al. (2005). Impact of water harvesting techniques on soil and water conservation: a case study on a micro catchment in southeastern Tunisia. Journal of Arid Environments.,10.1016/j.jaridenv.2004.09.022,https://doi.org/10.1016/j.jaridenv.2004.09.022,paywalled,"paywalled (Elsevier, closed)",Institutional access via CGIAR library,D591_Rural-Scan_NBS/2_Technical_&_Data/library/3_Water_Harvesting/prinz_2004_microcatchment_swc.pdf,pending,Namita-J,2026-08-05,CGIAR institutional access. Micro-catchment WH slope/soil/runoff case study. | web-searched 2026-08: no free copy (institutional); check ResearchGate manually.,true,,
mahmoud_2016_mcda_gis_wh_recharge,water_harvesting_conservation,micro_catchment,T4,Singh et al. (2017). Multi-criteria analysis and GIS modeling for identifying prospective water harvesting and artificial recharge sites for sustainable water supply. Journal of Cleaner Production.,10.1016/j.jclepro.2016.11.163,https://doi.org/10.1016/j.jclepro.2016.11.163,paywalled,"paywalled (Elsevier, closed)",Institutional access via CGIAR library,D591_Rural-Scan_NBS/2_Technical_&_Data/library/3_Water_Harvesting/mahmoud_2016_mcda_gis_wh_recharge.pdf,acquired,Namita-J,2026-08-05,CGIAR institutional access. High-cite GIS-MCDA WH siting criteria + weights. | web-searched 2026-08: no free copy (institutional); check ResearchGate manually.,true,,
fuzzy_ahp_2017_wh_zones,water_harvesting_conservation,micro_catchment,T4,"Al-Abadi et al. (2017). A GIS-Based Integrated Fuzzy Logic and Analytic Hierarchy Process Model for Assessing Water-Harvesting Zones in Northeastern Maysan Governorate, Iraq. Arabian Journal for Science and Engineering.",10.1007/s13369-017-2487-1,https://www.academia.edu/39628692/A_GIS_Based_Integrated_Fuzzy_Logic_and_Analytic_Hierarchy_Process_Model_for_Assessing_Water_Harvesting_Zones_in_Northeastern_Maysan_Governorate_Iraq,oa,OA (websearch:academia/med),OA — browser/repository download (no institutional access needed),D591_Rural-Scan_NBS/2_Technical_&_Data/library/3_Water_Harvesting/fuzzy_ahp_2017_wh_zones.pdf,acquired,Namita-J,2026-08-05,CGIAR institutional access. Fuzzy-membership + AHP weights (aligns with framework primitives). | free PDF via academia [med]: https://www.academia.edu/39628692/A_GIS_Based_Integrated_Fuzzy_Logic_and_Analytic_Hierarchy_Process_Model_for_Assessing_Water_Harvesting_Zones_in_Northeastern_Maysan_Governorate_Iraq,true,,
schiettecatte_2004_microcatchment_swc,water_harvesting_conservation,micro_catchment,T3,Schiettecatte et al. (2005). Impact of water harvesting techniques on soil and water conservation: a case study on a micro catchment in southeastern Tunisia. Journal of Arid Environments.,10.1016/j.jaridenv.2004.09.022,https://doi.org/10.1016/j.jaridenv.2004.09.022,paywalled,paywalled (Elsevier),Institutional access via CGIAR library,D591_Rural-Scan_NBS/2_Technical_&_Data/library/3_Water_Harvesting/schiettecatte_2004_microcatchment_swc.pdf,duplicate,Namita-J,2026-08-05,Micro-catchment SWC + siltation/erosion. CGIAR institutional access. | web-searched 2026-08: no free copy (institutional); check ResearchGate manually. | DUPLICATE of prinz_2004_microcatchment_swc (identical verified DOI) — excluded from extraction.,true,prinz_2004_microcatchment_swc,
qiwang_2007_microwh_ridge_furrow,water_harvesting_conservation,micro_catchment,T3,"Wang et al. (2007). Runoff Efficiency and the Technique of Micro-water Harvesting with Ridges and Furrows, for Potato Production in Semi-arid Areas. Water Resources Management.",10.1007/s11269-007-9235-3,http://ir.lzu.edu.cn/handle/262010/114630,oa,OA (Unpaywall:repository),OA — browser/repository download (no institutional access needed),D591_Rural-Scan_NBS/2_Technical_&_Data/library/3_Water_Harvesting/qiwang_2007_microwh_ridge_furrow.pdf,acquired,Namita-J,2026-08-05,Check for green-OA/repository copy before institutional request. | OA via Unpaywall (repository),true,,
dewinnaar_2007_gis_runoff_thukela,water_harvesting_conservation,micro_catchment,T3,"de Winnaar et al. (2007). A GIS-based approach for identifying potential runoff harvesting sites in the Thukela River basin, South Africa. Physics and Chemistry of the Earth, Parts A/B/C.",10.1016/j.pce.2007.07.009,https://doi.org/10.1016/j.pce.2007.07.009,paywalled,paywalled (Elsevier),Institutional access via CGIAR library,D591_Rural-Scan_NBS/2_Technical_&_Data/library/3_Water_Harvesting/dewinnaar_2007_gis_runoff_thukela.pdf,acquired,Namita-J,2026-08-05,T3/T4-border runoff-harvesting siting. CGIAR institutional access. | web-searched 2026-08: no free copy (institutional); check ResearchGate manually.,true,,
karimi_2019_runoff_map_rwh_zones,water_harvesting_conservation,micro_catchment,T3,Karimi et al. (2019). Integrating runoff map of a spatially distributed model and thematic layers for identifying potential rainwater harvesting suitability sites using GIS techniques. Geocarto International.,10.1080/10106049.2019.1608590,https://doi.org/10.1080/10106049.2019.1608590,paywalled,paywalled (Taylor & Francis),Institutional access via CGIAR library,D591_Rural-Scan_NBS/2_Technical_&_Data/library/3_Water_Harvesting/karimi_2019_runoff_map_rwh_zones.pdf,acquired,Namita-J,2026-08-05,Runoff-driven RWH siting. CGIAR institutional access. | web-searched 2026-08: no free copy (institutional); check ResearchGate manually.,true,,
turkey_ridgefurrow_redpepper_2021,water_harvesting_conservation,micro_catchment,T6,Yildirim et al. (2022). The effect of mulched ridge and furrow micro catchment water harvesting on red pepper yield and quality features in Bafra Plain of Northern Turkey. Agricultural Water Management.,10.1016/j.agwat.2021.107305,https://doi.org/10.1016/j.agwat.2021.107305,paywalled,Elsevier paywall - no OA copy found.,Institutional access via CGIAR library,D591_Rural-Scan_NBS/2_Technical_&_Data/library/3_Water_Harvesting/turkey_ridgefurrow_redpepper_2021.pdf,acquired,Namita-J,2026-08-05,Namita-J via CGIAR institutional (ScienceDirect). High-value T6 micro-catchment WH yield datum. | web-searched 2026-08: no free copy (institutional); check ResearchGate manually.,true,,
ethiopia_eshewa_microcatchment_adoption_2020,water_harvesting_conservation,micro_catchment,T6,"Farmers' Perceptions and Adoption of Micro Catchments for Improved Establishment of Agroforestry Trees in East Shewa Zone, Ethiopia (2020).",,https://openalex.org/W3129354866,paywalled,No DOI in OpenAlex; publisher/host unresolved - likely paywalled or repository-hosted.,Institutional access via CGIAR library,D591_Rural-Scan_NBS/2_Technical_&_Data/library/3_Water_Harvesting/ethiopia_eshewa_microcatchment_adoption_2020.pdf,acquired,Namita-J,2026-08-05,"Namita-J: resolve host via OpenAlex primary_location, then CGIAR access or OA copy. Strong LMIC adoption/dis-adoption T6 source. | web-searched 2026-08: no free copy (institutional); check ResearchGate manually.",,,true
microcatchment_rehab_soil_microbial_2021,water_harvesting_conservation,micro_catchment,T6,"Tatsumi et al. (2021). Micro-catchment water harvesting-based rehabilitation ameliorated soil microbial abundance, diversity and function in a degraded dryland. Applied Soil Ecology.",10.1016/j.apsoil.2021.103938,https://repo.mel.cgiar.org/items/2fe31d3d-ff79-433d-bbf5-325bf3e03592,oa,OA (websearch:agency-CGIAR-MEL/med),OA — browser/repository download (no institutional access needed),D591_Rural-Scan_NBS/2_Technical_&_Data/library/3_Water_Harvesting/microcatchment_rehab_soil_microbial_2021.pdf,acquired,Namita-J,2026-08-05,"Namita-J via CGIAR. Borderline T6 (soil-function/rehab outcome, not yield/cost) - acquire only if T6 soil-moisture/recharge rows are thin after core set. | free PDF via agency-CGIAR-MEL [med]: https://repo.mel.cgiar.org/items/2fe31d3d-ff79-433d-bbf5-325bf3e03592",true,,
terracing_water_erosion_metaanalysis_china_2017,water_harvesting_conservation,terracing,T3,Chen et al. (2017). Effects of terracing practices on water erosion control in China: A meta-analysis. Earth-Science Reviews.,10.1016/j.earscirev.2017.08.007,https://doi.org/10.1016/j.earscirev.2017.08.007,paywalled,"paywalled (Elsevier, closed access)",Institutional access via CGIAR library,D591_Rural-Scan_NBS/2_Technical_&_Data/library/3_Water_Harvesting/terracing_water_erosion_metaanalysis_china_2017.pdf,acquired,Namita-J,2026-08-05,High-tier meta-analysis of terracing erosion-hazard control - anchor synthesis for T3. Namita-J via CGIAR institutional access. | web-searched 2026-08: no free copy (institutional); check ResearchGate manually.,true,,
terrace_soilmoisture_metaanalysis_china_2019,water_harvesting_conservation,terracing,T3,Chen et al. (2020). How can terracing impact on soil moisture variation in China? A meta-analysis. Agricultural Water Management.,10.1016/j.agwat.2019.105849,https://doi.org/10.1016/j.agwat.2019.105849,paywalled,"paywalled (Elsevier, closed access)",Institutional access via CGIAR library,D591_Rural-Scan_NBS/2_Technical_&_Data/library/3_Water_Harvesting/terrace_soilmoisture_metaanalysis_china_2019.pdf,acquired,Namita-J,2026-08-05,Meta-analysis of terrace -> soil-moisture / drought-buffering magnitude. Namita-J via CGIAR institutional. | web-searched 2026-08: no free copy (institutional); check ResearchGate manually.,true,,
terraces_mitigate_2015_drought_ethiopia_2018,water_harvesting_conservation,terracing,T3,Kosmowski (2018). Soil water management practices (terraces) helped to mitigate the 2015 drought in Ethiopia. Agricultural Water Management.,10.1016/j.agwat.2018.02.025,https://pmc.ncbi.nlm.nih.gov/articles/PMC5985715/,oa,OA (websearch:publisher-OA/PMC/high),OA — browser/repository download (no institutional access needed),D591_Rural-Scan_NBS/2_Technical_&_Data/library/3_Water_Harvesting/terraces_mitigate_2015_drought_ethiopia_2018.pdf,acquired,Namita-J,2026-08-05,"Top T3 drought-buffering pick, LMIC dryland. Check hybrid free version first; queue institutional as fallback. Namita-J. | free PDF via publisher-OA/PMC [high]: https://pmc.ncbi.nlm.nih.gov/articles/PMC5985715/ | DOI FAILED verification (doi_unresolved); original DOI blanked — acquire by TITLE. | DOI recovered 2026-09-29 from the DOI PRINTED ON the cached library PDF, then round-tripped through Crossref: resolved title matches the PDF text and the original citation (overlap 1.00); citation rebuilt from the Crossref record. Confirmed by PR review.",true,,
terrace_failure_connectivity_runoff_semiarid_2009,water_harvesting_conservation,terracing,T3,Meerkerk et al. (2009). Application of connectivity theory to model the impact of terrace failure on runoff in semi‐arid catchments. Hydrological Processes.,10.1002/hyp.7376,https://doi.org/10.1002/hyp.7376,paywalled,"paywalled (Wiley, closed access)",Institutional access via CGIAR library,D591_Rural-Scan_NBS/2_Technical_&_Data/library/3_Water_Harvesting/terrace_failure_connectivity_runoff_semiarid_2009.pdf,pending,Namita-J,2026-08-05,Hazard-to-structure (terrace failure) evidence for T3 failure-risk side. Namita-J via CGIAR institutional. | web-searched 2026-08: no free copy (institutional); check ResearchGate manually.,true,,
runoff_soilloss_rainfed_terraces_nepal_2003,water_harvesting_conservation,terracing,T3,Gardner et al. (2003). Runoff and soil erosion on cultivated rainfed terraces in the Middle Hills of Nepal. Applied Geography.,10.1016/s0143-6228(02)00069-3,https://doi.org/10.1016/s0143-6228(02)00069-3,paywalled,"paywalled (Elsevier, closed access)",Institutional access via CGIAR library,D591_Rural-Scan_NBS/2_Technical_&_Data/library/3_Water_Harvesting/runoff_soilloss_rainfed_terraces_nepal_2003.pdf,acquired,Namita-J,2026-08-05,LMIC (Nepal) rainfed-terrace runoff/erosion; med relevance. Lower priority. Namita-J. | web-searched 2026-08: no free copy (institutional); check ResearchGate manually.,true,,
stone_terraces_tigray_yield_profit_1999,water_harvesting_conservation,terracing,T6,"Gebremedhin et al. (1999). Effects of stone terraces on crop yields and farm profitability: Results of on-farm research in Tigray, northern Ethiopia. Journal of Soil and Water Conservation.",10.1080/00224561.1999.12457282,https://doi.org/10.1080/00224561.1999.12457282,paywalled,paywalled (Taylor & Francis / JSWC),Institutional access via CGIAR library,D591_Rural-Scan_NBS/2_Technical_&_Data/library/3_Water_Harvesting/stone_terraces_tigray_yield_profit_1999.pdf,acquired,Namita-J,2026-08-05,Namita-J via CGIAR institutional access. High-value T6 yield+profitability on-farm dataset for stone terraces. | web-searched 2026-08: no free copy (institutional); check ResearchGate manually.,true,,
stone_bund_terraces_yield_swethiopia_2021,water_harvesting_conservation,terracing,T6,Wolka et al. (2021). Spatial variation in soil properties and crop yield on stone bund terraces in southwest Ethiopia. Soil Use and Management.,10.1111/sum.12777,https://oar.icrisat.org/12993/1/Soil%20Use%20Manage_38_1736-1748_2022.pdf,oa,OA (websearch:agency-repo/high),OA — browser/repository download (no institutional access needed),D591_Rural-Scan_NBS/2_Technical_&_Data/library/3_Water_Harvesting/stone_bund_terraces_yield_swethiopia_2021.pdf,acquired,Namita-J,2026-08-05,Namita-J via CGIAR access. Yield + soil-moisture across terrace positions; complements OA Gumara 2020. | free PDF via agency-repo [high]: https://oar.icrisat.org/12993/1/Soil%20Use%20Manage_38_1736-1748_2022.pdf,true,,
swc_terraces_potato_yields_2019,water_harvesting_conservation,terracing,T6,Liang et al. (2019). Estimated potential impacts of soil and water conservation terraces on potato yields under different climate conditions. Journal of Soil and Water Conservation.,10.2489/jswc.74.3.225,https://doi.org/10.2489/jswc.74.3.225,paywalled,paywalled (SWCS/Taylor & Francis),Institutional access via CGIAR library,D591_Rural-Scan_NBS/2_Technical_&_Data/library/3_Water_Harvesting/swc_terraces_potato_yields_2019.pdf,acquired,Namita-J,2026-08-05,Namita-J via CGIAR access. Modelled yield impacts — lower priority; acquire only if OA candidates under-cover the crop-water-availability angle. | web-searched 2026-08: no free copy (institutional); check ResearchGate manually.,true,,
dahlke_2012_terrace_soils_yemen_suitability,water_harvesting_conservation,terracing,T4,"Pietsch et al. (2012). Terrace soils in the Yemen Highlands: Using physical, chemical and radiometric data to assess their suitability for agriculture and their vulnerability to degradation. Geoderma.",10.1016/j.geoderma.2012.03.027,https://edoc.unibas.ch/entities/publication/ce47457e-51ec-420f-bfc2-29d513ab3dae,oa,OA (websearch:university-repo/med),OA — browser/repository download (no institutional access needed),D591_Rural-Scan_NBS/2_Technical_&_Data/library/3_Water_Harvesting/dahlke_2012_terrace_soils_yemen_suitability.pdf,acquired,Namita-J,2026-08-05,"Screened-in high-relevance terrace soil-suitability (depth/texture/WHC), MENA dryland. Namita-J retrieve via CGIAR institutional access; upload PDF to SharePoint library/water_harvesting/ and set SRC.library_path. | free PDF via university-repo [med]: https://edoc.unibas.ch/entities/publication/ce47457e-51ec-420f-bfc2-29d513ab3dae",true,,
beckers_2019_runoff_terraced_wadi_gis,water_harvesting_conservation,terracing,T4,Bruins et al. (2019). GIS-based hydrological modelling to assess runoff yields in ancient-agricultural terraced wadi fields (central Negev desert). Journal of Arid Environments.,10.1016/j.jaridenv.2019.02.010,https://doi.org/10.1016/j.jaridenv.2019.02.010,paywalled,Elsevier paywall (closed access),Institutional access via CGIAR library,D591_Rural-Scan_NBS/2_Technical_&_Data/library/3_Water_Harvesting/beckers_2019_runoff_terraced_wadi_gis.pdf,acquired,Namita-J,2026-08-05,Screened-in: GIS runoff-yield siting of terraced wadi WH fields (drylands). Namita-J CGIAR institutional access; SharePoint upload + SRC.library_path. | web-searched 2026-08: no free copy (institutional); check ResearchGate manually.,true,,
wh_insitu_rwh_landscape_africa_2009,water_harvesting_conservation,in_situ,T3,"Vohland et al. (2009). A review of in situ rainwater harvesting (RWH) practices modifying landscape functions in African drylands. Agriculture, Ecosystems &amp; Environment.",10.1016/j.agee.2009.01.010,https://cgspace.cgiar.org/items/2851dd53-6c1a-4ebb-9c27-9713f434af3a,oa,OA (websearch:cgiar-cgspace/high),OA — browser/repository download (no institutional access needed),D591_Rural-Scan_NBS/2_Technical_&_Data/library/3_Water_Harvesting/wh_insitu_rwh_landscape_africa_2009.pdf,acquired,Namita-J,2026-08-05,High-priority T3 review; Namita-J via CGIAR institutional access. | free PDF via cgiar-cgspace [high]: https://cgspace.cgiar.org/items/2851dd53-6c1a-4ebb-9c27-9713f434af3a,true,,
wh_insitu_arid_suitability_method_2014,water_harvesting_conservation,in_situ,T3,Oweis T. et al. / de Winnaar (2014). The potential of in situ rainwater harvesting in arid regions: developing a methodology to identify suitable areas.,,https://openalex.org/W2000960672,paywalled,paywalled (closed access); DOI to confirm on retrieval,Institutional access via CGIAR library,D591_Rural-Scan_NBS/2_Technical_&_Data/library/3_Water_Harvesting/wh_insitu_arid_suitability_method_2014.pdf,pending,Namita-J,2026-08-05,Suitability-siting method + T3 aridity context; CGIAR institutional access. | web-searched 2026-08: no free copy (institutional); check ResearchGate manually.,,,
wh_insitu_tied_ridge_yield_stability_2017,water_harvesting_conservation,in_situ,T3,"Kiboi et al. (2017). Minimum tillage, tied ridging and mulching for better maize yield and yield stability in the Central Highlands of Kenya. Soil and Tillage Research.",10.1016/j.still.2017.04.001,https://openalex.org/W2624799388,paywalled,paywalled (closed access),Institutional access via CGIAR library,D591_Rural-Scan_NBS/2_Technical_&_Data/library/3_Water_Harvesting/wh_insitu_tied_ridge_yield_stability_2017.pdf,acquired,Namita-J,2026-08-05,"89 cites; yield-stability-under-variability = T3. Screened-in but paywalled; CGIAR access. | web-searched 2026-08: no free copy (institutional); check ResearchGate manually. | DOI recovered 2026-09-29 from the DOI PRINTED ON the cached library PDF, then round-tripped through Crossref: resolved title matches the PDF text and the original citation (overlap 0.92); citation rebuilt from the Crossref record. Confirmed by PR review.",true,,
swc_adoption_impact_switching_ethiopia_2013,water_harvesting_conservation,in_situ,T6,Abdulai et al. (2013). The Adoption and Impact of Soil and Water Conservation Technology: An Endogenous Switching Regression Application. Land Economics.,10.3368/le.90.1.26,https://doi.org/10.3368/le.90.1.26,paywalled,paywalled (Land Economics / UW Press),Institutional access via CGIAR library,D591_Rural-Scan_NBS/2_Technical_&_Data/library/3_Water_Harvesting/swc_adoption_impact_switching_ethiopia_2013.pdf,acquired,Namita-J,2026-08-05,Top-cited T6 adoption+yield-impact anchor (Ethiopia). CGIAR institutional access via Namita-J. | web-searched 2026-08: no free copy (institutional); check ResearchGate manually.,true,,
kassie_csa_adoption_drylands_2016,water_harvesting_conservation,in_situ,T6,Kpadonou et al. (2017). Advancing climate-smart-agriculture in developing drylands: Joint analysis of the adoption of multiple on-farm soil and water conservation technologies in West African Sahel. Land Use Policy.,10.1016/j.landusepol.2016.10.050,https://www.sciencedirect.com/science/article/am/pii/S0264837716300187,oa,OA (websearch:publisher-OA/high),OA — browser/repository download (no institutional access needed),D591_Rural-Scan_NBS/2_Technical_&_Data/library/3_Water_Harvesting/kassie_csa_adoption_drylands_2016.pdf,acquired,Namita-J,2026-08-05,Dryland multi-practice SWC adoption. CGIAR institutional access. | free PDF via publisher-OA [high]: https://www.sciencedirect.com/science/article/am/pii/S0264837716300187,true,,
swc_yield_runoff_soilloss_ssa_meta_2018,water_harvesting_conservation,in_situ,T6,"Wolka et al. (2018). Effects of soil and water conservation techniques on crop yield, runoff and soil loss in Sub-Saharan Africa: A review. Agricultural Water Management.",10.1016/j.agwat.2018.05.016,https://doi.org/10.1016/j.agwat.2018.05.016,paywalled,paywalled (Elsevier),Institutional access via CGIAR library,D591_Rural-Scan_NBS/2_Technical_&_Data/library/3_Water_Harvesting/swc_yield_runoff_soilloss_ssa_meta_2018.pdf,duplicate,Namita-J,2026-08-05,SSA SWC yield/runoff meta-analysis - high-value T6. Check for OA green copy; else CGIAR access. | web-searched 2026-08: no free copy (institutional); check ResearchGate manually. | DUPLICATE of wolka2018_swc_ssa_meta (identical verified DOI) — excluded from extraction.,true,wolka2018_swc_ssa_meta,
swc_adoption_burkina_faso_2004,water_harvesting_conservation,in_situ,T6,Sidibé (2005). Farm-level adoption of soil and water conservation techniques in northern Burkina Faso. Agricultural Water Management.,10.1016/j.agwat.2004.09.002,https://www.academia.edu/34734056/Farm_level_adoption_of_soil_and_water_conservation_techniques_in_northern_Burkina_Faso,oa,OA (websearch:academia/med),OA — browser/repository download (no institutional access needed),D591_Rural-Scan_NBS/2_Technical_&_Data/library/3_Water_Harvesting/swc_adoption_burkina_faso_2004.pdf,acquired,Namita-J,2026-08-05,Seminal Sahel adoption study. CGIAR institutional access. | free PDF via academia [med]: https://www.academia.edu/34734056/Farm_level_adoption_of_soil_and_water_conservation_techniques_in_northern_Burkina_Faso,true,,
nyamadzawo_contour_ridges_zimbabwe_2013,water_harvesting_conservation,in_situ,T6,"Assessing crop yield benefits from in situ rainwater harvesting through contour ridges in semi-arid Zimbabwe. Physics and Chemistry of the Earth, 2013.",,https://www.sciencedirect.com/science/article/abs/pii/S1474706513001253,paywalled,wrong_pdf_in_library,Institutional access via CGIAR library,D591_Rural-Scan_NBS/2_Technical_&_Data/library/3_Water_Harvesting/nyamadzawo_contour_ridges_zimbabwe_2013.pdf,pending,Namita-J,2026-08-05,"In-situ contour ridges yield benefit, LMIC dryland. DOI to confirm on acquire. | web-searched 2026-08: no free copy (institutional); check ResearchGate manually. | DOI FAILED verification (title_mismatch); original DOI blanked — acquire by TITLE. | 2026-09-29 HUMAN-CONFIRMED (Namita-J): the PDF saved at target_library_path is NOT this paper - its printed DOI 10.1016/j.pce.2013.09.010 resolves to 'A multiplier-based method of generating stochastic areal rainfall from point rainfalls'. Re-acquire the cited paper by TITLE and replace the file; never extract from the current PDF.",false,,
conservation_tillage_maize_global_meta_2022,water_harvesting_conservation,in_situ,T6,Zhang et al. (2022). Conservation tillage or plastic film mulching? A comprehensive global meta-analysis based on maize yield and nitrogen use efficiency. Science of The Total Environment.,10.1016/j.scitotenv.2022.154869,https://doi.org/10.1016/j.scitotenv.2022.154869,paywalled,paywalled (Elsevier),Institutional access via CGIAR library,D591_Rural-Scan_NBS/2_Technical_&_Data/library/3_Water_Harvesting/conservation_tillage_maize_global_meta_2022.pdf,acquired,Namita-J,2026-08-05,Global tillage yield meta. Med relevance (geography-mixed). Lower acquisition priority. | web-searched 2026-08: no free copy (institutional); check ResearchGate manually.,true,,
conservation_tillage_semiarid_loess_wue_2020,water_harvesting_conservation,in_situ,T6,Peng et al. (2020). Conservation tillage increases yield and precipitation use efficiency of wheat on the semi-arid Loess Plateau of China. Agricultural Water Management.,10.1016/j.agwat.2020.106024,https://doi.org/10.1016/j.agwat.2020.106024,paywalled,paywalled (Elsevier),Institutional access via CGIAR library,D591_Rural-Scan_NBS/2_Technical_&_Data/library/3_Water_Harvesting/conservation_tillage_semiarid_loess_wue_2020.pdf,acquired,Namita-J,2026-08-05,Semi-arid in-situ tillage yield+WUE. Med relevance (China-temperate). Lower priority. | web-searched 2026-08: no free copy (institutional); check ResearchGate manually.,true,,
wolka2018_swc_ssa_meta,water_harvesting_conservation,in_situ,T4,"Wolka et al. (2018). Effects of soil and water conservation techniques on crop yield, runoff and soil loss in Sub-Saharan Africa: A review. Agricultural Water Management.",10.1016/j.agwat.2018.05.016,https://doi.org/10.1016/j.agwat.2018.05.016,paywalled,Elsevier paywall (closed access),Institutional access via CGIAR library,D591_Rural-Scan_NBS/2_Technical_&_Data/library/3_Water_Harvesting/wolka2018_swc_ssa_meta.pdf,acquired,Namita-J,2026-08-05,High-priority: SSA in-situ/cross-slope SWC x slope x runoff meta-analysis. Namita-J via CGIAR institutional access. | web-searched 2026-08: no free copy (institutional); check ResearchGate manually.,true,,
gismcda_swc_siting_2014,water_harvesting_conservation,in_situ,T4,"Krois et al. (2014). GIS-based multi-criteria evaluation to identify potential sites for soil and water conservation techniques in the Ronquillo watershed, northern Peru. Applied Geography.",10.1016/j.apgeog.2014.04.006,https://doi.org/10.1016/j.apgeog.2014.04.006,paywalled,Elsevier paywall (closed access),Institutional access via CGIAR library,D591_Rural-Scan_NBS/2_Technical_&_Data/library/3_Water_Harvesting/gismcda_swc_siting_2014.pdf,acquired,Namita-J,2026-08-05,Direct SWC siting MCDA weights+criteria. Namita-J via CGIAR institutional access. | web-searched 2026-08: no free copy (institutional); check ResearchGate manually.,true,,
kahinda2008_sa_rwh_suitability,water_harvesting_conservation,in_situ,T4,"Kahinda et al. (2008). Developing suitability maps for rainwater harvesting in South Africa. Physics and Chemistry of the Earth, Parts A/B/C.",10.1016/j.pce.2008.06.047,https://doi.org/10.1016/j.pce.2008.06.047,paywalled,Elsevier paywall (closed access),Institutional access via CGIAR library,D591_Rural-Scan_NBS/2_Technical_&_Data/library/3_Water_Harvesting/kahinda2008_sa_rwh_suitability.pdf,acquired,Namita-J,2026-08-05,In-field (in-situ) vs ex-field RWH suitability criteria. Namita-J via CGIAR institutional access. | web-searched 2026-08: no free copy (institutional); check ResearchGate manually.,true,,
kadam2012_scscn_india_rwh,water_harvesting_conservation,in_situ,T4,"Kadam et al. (2012). Identifying Potential Rainwater Harvesting Sites of a Semi-arid, Basaltic Region of Western India, Using SCS-CN Method. Water Resources Management.",10.1007/s11269-012-0031-3,https://www.academia.edu/99568766/Identifying_Potential_Rainwater_Harvesting_Sites_of_a_Semi_arid_Basaltic_Region_of_Western_India_Using_SCS_CN_Method,oa,OA (websearch:academia/med),OA — browser/repository download (no institutional access needed),D591_Rural-Scan_NBS/2_Technical_&_Data/library/3_Water_Harvesting/kadam2012_scscn_india_rwh.pdf,acquired,Namita-J,2026-08-05,"SCS-CN runoff + siting, semi-arid India. Partial-scope (leans storage structures); acquire to extract runoff/CN + slope thresholds. Namita-J via CGIAR. | free PDF via academia [med]: https://www.academia.edu/99568766/Identifying_Potential_Rainwater_Harvesting_Sites_of_a_Semi_arid_Basaltic_Region_of_Western_India_Using_SCS_CN_Method",true,,
cook_patton_2020_mapping_regrowth_potential,forest_restoration,passive_regeneration,T4,Cook-Patton et al. (2020). Mapping carbon accumulation potential from global natural forest regrowth. Nature.,10.1038/s41586-020-2686-x,https://escholarship.org/uc/item/09f6k3zb,oa,OA (websearch:university-repo/high),OA — browser/repository download (no institutional access needed),D591_Rural-Scan_NBS/2_Technical_&_Data/library/2_ForestRestoration/cook_patton_2020_mapping_regrowth_potential.pdf,duplicate,Namita-J,2026-08-05,Nature paywall. Flagship global regeneration-potential surface - high priority acquire (Namita-J). Supplementary data layers likely open on figshare; check for free spatial layer. | free PDF via university-repo [high]: https://escholarship.org/uc/item/09f6k3zb | DUPLICATE of cookpatton_2020_regrowth_carbon_map (identical verified DOI) — excluded from extraction.,true,cookpatton_2020_regrowth_carbon_map,
cloud_forest_active_vs_passive_pasture_2018,forest_restoration,passive_regeneration,T4,"Trujillo-Miranda et al. (2018). Active versus passive restoration: Recovery of cloud forest structure, diversity and soil condition in abandoned pastures. Ecological Engineering.",10.1016/j.ecoleng.2018.03.011,https://www.academia.edu/74838465/Active_versus_passive_restoration_Recovery_of_cloud_forest_structure_diversity_and_soil_condition_in_abandoned_pastures,oa,OA (websearch:academia/med),OA — browser/repository download (no institutional access needed),D591_Rural-Scan_NBS/2_Technical_&_Data/library/2_ForestRestoration/cloud_forest_active_vs_passive_pasture_2018.pdf,acquired,Namita-J,2026-08-05,Elsevier paywall. Medium priority (site-level supporting evidence). Namita-J. | free PDF via academia [med]: https://www.academia.edu/74838465/Active_versus_passive_restoration_Recovery_of_cloud_forest_structure_diversity_and_soil_condition_in_abandoned_pastures,true,,
crouzeilles_2016_natregen_biodiversity_spatial_planning,forest_restoration,passive_regeneration,T4,Latawiec et al. (2016). Natural regeneration and biodiversity: a global meta‐analysis and implications for spatial planning. Biotropica.,10.1111/btp.12386,https://doi.org/10.1111/btp.12386,paywalled,closed_access,Institutional access via CGIAR library,D591_Rural-Scan_NBS/2_Technical_&_Data/library/2_ForestRestoration/crouzeilles_2016_natregen_biodiversity_spatial_planning.pdf,duplicate,Namita-J,2026-08-05,Wiley paywall. High priority - spatial-planning meta-analysis. Namita-J. | possible free copy (LOW conf-verify): https://www.researchgate.net/publication/310630808_Natural_regeneration_and_biodiversity_a_global_meta-analysis_and_implications_for_spatial_planning | DUPLICATE of crouzeilles_2016_natregen_biodiversity_meta (identical verified DOI) — excluded from extraction.,true,crouzeilles_2016_natregen_biodiversity_meta,
chazdon_guariguata_2016_natregen_tool,forest_restoration,passive_regeneration,T6,Chazdon et al. (2016). Natural regeneration as a tool for large‐scale forest restoration in the tropics: prospects and challenges. Biotropica.,10.1111/btp.12381,https://cgspace.cgiar.org/items/be93ad69-4a1b-4ef3-9749-b35ae25ed448,oa,OA (websearch:agency/high),OA — browser/repository download (no institutional access needed),D591_Rural-Scan_NBS/2_Technical_&_Data/library/2_ForestRestoration/chazdon_guariguata_2016_natregen_tool.pdf,duplicate,Namita-J,2026-08-05,Wiley/Biotropica paywalled; no OA copy found via OpenAlex. Route to Namita-J for institutional/library retrieval; a green PDF may exist on ResearchGate/CIFOR repository. Seminal T6 source for this family - acquire before extraction. | free PDF via agency [high]: https://cgspace.cgiar.org/items/be93ad69-4a1b-4ef3-9749-b35ae25ed448 | DUPLICATE of crouzeilles_2016_btp_nr_tool (identical verified DOI) — excluded from extraction.,true,crouzeilles_2016_btp_nr_tool,
atlantic_rainforest_recovery_time_2008,forest_restoration,passive_regeneration,T3,Liebsch et al. (2008). How long does the Atlantic Rain Forest take to recover after a disturbance? Changes in species composition and ecological features during secondary succession. Biological Conservation.,10.1016/j.biocon.2008.04.013,https://uenf.br/posgraduacao/ecologia-recursosnaturais/wp-content/uploads/sites/7/2019/05/Liebsch-et-al-2008-prova-de-conhecimentos-em-ecologia.pdf,oa,OA (websearch:university-repo/high),OA — browser/repository download (no institutional access needed),D591_Rural-Scan_NBS/2_Technical_&_Data/library/2_ForestRestoration/atlantic_rainforest_recovery_time_2008.pdf,acquired,Namita-J,2026-08-05,"Screened-in stock candidate; passive recovery-timescale evidence (Atlantic Forest, LMIC). Needs institutional/SharePoint acquisition by Namita-J. | free PDF via university-repo [high]: https://uenf.br/posgraduacao/ecologia-recursosnaturais/wp-content/uploads/sites/7/2019/05/Liebsch-et-al-2008-prova-de-conhecimentos-em-ecologia.pdf",true,,
sec_regrowth_resilience_slashburn_amazon_2005,forest_restoration,passive_regeneration,T3,Gehring et al. (2005). Resilience of secondary forest regrowth after slash-and-burn agriculture in central Amazonia. Journal of Tropical Ecology.,10.1017/s0266467405002543,https://doi.org/10.1017/s0266467405002543,paywalled,"paywalled (Cambridge Core, closed access)",Institutional access via CGIAR library,D591_Rural-Scan_NBS/2_Technical_&_Data/library/2_ForestRestoration/sec_regrowth_resilience_slashburn_amazon_2005.pdf,acquired,Namita-J,2026-08-05,"Screened-in stock candidate; fire-disturbance regrowth resilience (Amazonia, LMIC). Needs institutional/SharePoint acquisition by Namita-J. | web-searched 2026-08: no free copy (institutional); check ResearchGate manually.",true,,
more_than_just_trees_reforestation_success_ldc_2011,forest_restoration,active_planting,T6,Le et al. (2012). More than just trees: Assessing reforestation success in tropical developing countries. Journal of Rural Studies.,10.1016/j.jrurstud.2011.07.006,https://doi.org/10.1016/j.jrurstud.2011.07.006,paywalled,"paywalled (Elsevier, closed access)",Institutional access via CGIAR library,D591_Rural-Scan_NBS/2_Technical_&_Data/library/2_ForestRestoration/more_than_just_trees_reforestation_success_ldc_2011.pdf,acquired,Namita-J,2026-08-05,High-relevance LMIC reforestation-success T6 source; needs library acquisition (Namita-J). | web-searched 2026-08: no free copy (institutional); check ResearchGate manually.,true,,
lowcost_co2_removal_tropical_reforestation_2019,forest_restoration,active_planting,T6,Busch et al. (2019). Potential for low-cost carbon dioxide removal through tropical reforestation. Nature Climate Change.,10.1038/s41558-019-0485-x,https://doi.org/10.1038/s41558-019-0485-x,paywalled,"paywalled (Springer Nature, closed access)",Institutional access via CGIAR library,D591_Rural-Scan_NBS/2_Technical_&_Data/library/2_ForestRestoration/lowcost_co2_removal_tropical_reforestation_2019.pdf,acquired,Namita-J,2026-08-05,Direct cost_per_tCO2e evidence with spatial cost surfaces; acquire for T6 cost lane (Namita-J). | web-searched 2026-08: no free copy (institutional); check ResearchGate manually.,true,,
carbon_accumulation_afforestation_metaanalysis_2009,forest_restoration,active_planting,T6,LAGANIÈRE et al. (2009). Carbon accumulation in agricultural soils after afforestation: a meta‐analysis. Global Change Biology.,10.1111/j.1365-2486.2009.01930.x,https://www.academia.edu/14499241/Carbon_accumulation_in_agricultural_soils_after_afforestation_a_meta_analysis,oa,OA (websearch:academia/med),OA — browser/repository download (no institutional access needed),D591_Rural-Scan_NBS/2_Technical_&_Data/library/2_ForestRestoration/carbon_accumulation_afforestation_metaanalysis_2009.pdf,acquired,Namita-J,2026-08-05,Carbon-outcome meta-analysis; med priority (soil-carbon accounting). Acquire only if carbon-magnitude ranges needed (Namita-J). | free PDF via academia [med]: https://www.academia.edu/14499241/Carbon_accumulation_in_agricultural_soils_after_afforestation_a_meta_analysis,true,,
fr_zomer_cdm_afforestation_suit_2008,forest_restoration,active_planting,T4,"Zomer et al. (2008). Climate change mitigation: A spatial analysis of global land suitability for clean development mechanism afforestation and reforestation. Agriculture, Ecosystems &amp; Environment.",10.1016/j.agee.2008.01.014,https://cgiarcsi.community/wp-content/uploads/2019/01/zomer-et-al-2008-a-spatial-analysis-of-global-land-suitability-for-clean-development-mechanism-affresotation-and-reforestation.pdf,oa,OA (websearch:agency/high),OA — browser/repository download (no institutional access needed),D591_Rural-Scan_NBS/2_Technical_&_Data/library/2_ForestRestoration/fr_zomer_cdm_afforestation_suit_2008.pdf,acquired,Namita-J,2026-08-05,High-priority seminal global A/R suitability. Check for CIFOR/ICRAF green OA copy before purchase. | free PDF via agency [high]: https://cgiarcsi.community/wp-content/uploads/2019/01/zomer-et-al-2008-a-spatial-analysis-of-global-land-suitability-for-clean-development-mechanism-affresotation-and-reforestation.pdf,true,,
fr_semiarid_reforestation_spatial_planning_2026,forest_restoration,active_planting,T4,Oliveira et al. (2026). Optimizing reforestation for soil conservation in semi-arid landscapes: A heuristic-based spatial planning framework. Journal of Environmental Management.,10.1016/j.jenvman.2026.129374,https://doi.org/10.1016/j.jenvman.2026.129374,paywalled,"paywalled (Elsevier, oa_status=closed)",Institutional access via CGIAR library,D591_Rural-Scan_NBS/2_Technical_&_Data/library/2_ForestRestoration/fr_semiarid_reforestation_spatial_planning_2026.pdf,acquired,Namita-J,2026-08-05,Recent spatial-planning method for reforestation siting; strong T4 fit. | web-searched 2026-08: no free copy (institutional); check ResearchGate manually.,true,,
fr_nucleation_seedling_planting_2024,forest_restoration,active_planting,T4,Fonseca et al. (2024). Complementing seedling planting with nucleation techniques increases forest restoration potential in areas around bauxite mining. Land Degradation &amp; Development.,10.1002/ldr.5118,https://doi.org/10.1002/ldr.5118,paywalled,"paywalled (Wiley, oa_status=closed)",Institutional access via CGIAR library,D591_Rural-Scan_NBS/2_Technical_&_Data/library/2_ForestRestoration/fr_nucleation_seedling_planting_2024.pdf,pending,Namita-J,2026-08-05,Active-planting + distance-to-remnant regeneration-potential proxy. Med priority. | web-searched 2026-08: no free copy (institutional); check ResearchGate manually.,true,,
reforest_water_yield_drought_risk_2022,forest_restoration,active_planting,T3,Teo et al. (2022). Large‐scale reforestation can increase water yield and reduce drought risk for water‐insecure regions in the <scp>Asia‐Pacific</scp>. Global Change Biology.,10.1111/gcb.16404,https://doi.org/10.1111/gcb.16404,paywalled,"paywalled (closed, Wiley)",Institutional access via CGIAR library,D591_Rural-Scan_NBS/2_Technical_&_Data/library/2_ForestRestoration/reforest_water_yield_drought_risk_2022.pdf,acquired,Namita-J,2026-08-05,Namita-J: institutional access; high-priority (high T3 drought-risk relevance). | web-searched 2026-08: no free copy (institutional); check ResearchGate manually.,true,,
reforestation_flood_wetspa_hornad_2006,forest_restoration,active_planting,T3,"Bahremand et al. (2006). WetSpa Model Application for Assessing Reforestation Impacts on Floods in Margecany–Hornad Watershed, Slovakia. Water Resources Management.",10.1007/s11269-006-9089-0,https://www.researchgate.net/publication/225650894_WetSpa_Model_Application_for_Assessing_Reforestation_Impacts_on_Floods_in_Margecany-Hornad_Watershed_Slovakia,oa,OA (websearch:researchgate/med),OA — browser/repository download (no institutional access needed),D591_Rural-Scan_NBS/2_Technical_&_Data/library/2_ForestRestoration/reforestation_flood_wetspa_hornad_2006.pdf,acquired,Namita-J,2026-08-05,Namita-J: institutional access; flood-cover hazard evidence. | free PDF via researchgate [med]: https://www.researchgate.net/publication/225650894_WetSpa_Model_Application_for_Assessing_Reforestation_Impacts_on_Floods_in_Margecany-Hornad_Watershed_Slovakia,true,,
afforestation_erosion_sediment_catchments_2009,forest_restoration,active_planting,T3,Porto et al. (2009). Investigating the effects of afforestation on soil erosion and sediment mobilisation in two small catchments in Southern Italy. CATENA.,10.1016/j.catena.2009.01.007,https://doi.org/10.1016/j.catena.2009.01.007,paywalled,"paywalled (closed, Elsevier)",Institutional access via CGIAR library,D591_Rural-Scan_NBS/2_Technical_&_Data/library/2_ForestRestoration/afforestation_erosion_sediment_catchments_2009.pdf,acquired,Namita-J,2026-08-05,Namita-J: institutional access; erosion-control hazard evidence. | web-searched 2026-08: no free copy (institutional); check ResearchGate manually.,true,,
enrichment_planting_seedling_survival_tradeoffs_2018,forest_restoration,active_planting,T3,"Laughlin et al. (2018). Tree Seedling Survival Depends on Canopy Age, Cover and Initial Composition: Trade-offs in Forest Restoration Enrichment Planting. Ecological Restoration.",10.3368/er.36.1.52,https://doi.org/10.3368/er.36.1.52,paywalled,"paywalled (closed, UW Press)",Institutional access via CGIAR library,D591_Rural-Scan_NBS/2_Technical_&_Data/library/2_ForestRestoration/enrichment_planting_seedling_survival_tradeoffs_2018.pdf,pending,Namita-J,2026-08-05,Namita-J: high-priority; direct F3 enrichment-planting survival. | web-searched 2026-08: no free copy (institutional); check ResearchGate manually.,true,,
reforestation_drought_west_africa_2017,forest_restoration,active_planting,T3,Diasso et al. (2017). Future impacts of global warming and reforestation on drought patterns over West Africa. Theoretical and Applied Climatology.,10.1007/s00704-017-2209-3,https://doi.org/10.1007/s00704-017-2209-3,paywalled,"paywalled (closed, Springer)",Institutional access via CGIAR library,D591_Rural-Scan_NBS/2_Technical_&_Data/library/2_ForestRestoration/reforestation_drought_west_africa_2017.pdf,pending,Namita-J,2026-08-05,Namita-J: LMIC (West Africa) drought evidence; institutional access. | web-searched 2026-08: no free copy (institutional); check ResearchGate manually.,true,,
anr_carbon_farming_cost_2015,forest_restoration,assisted_regeneration,T6,Evans et al. (2015). Carbon farming via assisted natural regeneration as a cost-effective mechanism for restoring biodiversity in agricultural landscapes. Environmental Science &amp; Policy.,10.1016/j.envsci.2015.02.003,https://www.researchgate.net/publication/273389245_Carbon_farming_via_assisted_natural_regeneration_as_a_cost-effective_mechanism_for_restoring_biodiversity_in_agricultural_landscapes,oa,OA (websearch:researchgate/med),OA — browser/repository download (no institutional access needed),D591_Rural-Scan_NBS/2_Technical_&_Data/library/2_ForestRestoration/anr_carbon_farming_cost_2015.pdf,acquired,Namita-J,2026-08-05,High-priority seminal T6 cost/carbon-effectiveness. Namita-J to acquire via institutional access -> SharePoint library/forest_restoration/. | free PDF via researchgate [med]: https://www.researchgate.net/publication/273389245_Carbon_farming_via_assisted_natural_regeneration_as_a_cost-effective_mechanism_for_restoring_biodiversity_in_agricultural_landscapes,true,,
anr_success_drone_field_2019,forest_restoration,assisted_regeneration,T6,"Pérez et al. (2019). Evaluating success of various restorative interventions through drone‐ and field‐collected data, using six putative framework species in Argentinian Patagonia. Restoration Ecology.",10.1111/rec.13025,https://www.researchgate.net/publication/335776882_Evaluating_success_of_various_restorative_interventions_through_drone-and_field-collected_data_using_six_putative_framework_species_in_Argentinian_Patagonia,oa,OA (websearch:researchgate/med),OA — browser/repository download (no institutional access needed),D591_Rural-Scan_NBS/2_Technical_&_Data/library/2_ForestRestoration/anr_success_drone_field_2019.pdf,acquired,Namita-J,2026-08-05,T6 restoration-success + spatial monitoring content. Namita-J to acquire if drone-based success metrics needed; med priority. | free PDF via researchgate [med]: https://www.researchgate.net/publication/335776882_Evaluating_success_of_various_restorative_interventions_through_drone-and_field-collected_data_using_six_putative_framework_species_in_Argentinian_Patagonia,true,,
anr_degraded_seasonal_forest_1997,forest_restoration,assisted_regeneration,T3,Hardwick et al. (1997). Understanding and assisting natural regeneration processes in degraded seasonal evergreen forests in northern Thailand. Forest Ecology and Management.,10.1016/s0378-1127(97)00206-5,https://cdn.forru.org/publication-files/forru-0000101-0001-en.pdf,oa,OA (websearch:agency/high),OA — browser/repository download (no institutional access needed),D591_Rural-Scan_NBS/2_Technical_&_Data/library/2_ForestRestoration/anr_degraded_seasonal_forest_1997.pdf,acquired,Namita-J,2026-08-05,Seminal ANR-process source; paywalled Elsevier. Namita-J to acquire via institutional access + upload to SharePoint library/forest_restoration/. | free PDF via agency [high]: https://cdn.forru.org/publication-files/forru-0000101-0001-en.pdf,true,,
framework_sp_seedling_recruit_dryforest_2009,forest_restoration,assisted_regeneration,T3,Wydhayagarn et al. (2009). Bird communities and seedling recruitment in restoring seasonally dry forest using the framework species method in Northern Thailand. New Forests.,10.1007/s11056-009-9133-z,https://www.researchgate.net/publication/226968766_Bird_communities_and_seedling_recruitment_in_restoring_seasonally_dry_forest_using_the_framework_species_method_in_Northern_Thailand,oa,OA (websearch:researchgate/med),OA — browser/repository download (no institutional access needed),D591_Rural-Scan_NBS/2_Technical_&_Data/library/2_ForestRestoration/framework_sp_seedling_recruit_dryforest_2009.pdf,acquired,Namita-J,2026-08-05,Springer paywall. LMIC dry-forest drought relevance for T3. Namita-J to acquire. | free PDF via researchgate [med]: https://www.researchgate.net/publication/226968766_Bird_communities_and_seedling_recruitment_in_restoring_seasonally_dry_forest_using_the_framework_species_method_in_Northern_Thailand,true,,
survival_nr_ecological_restoration_2021,forest_restoration,assisted_regeneration,T3,"Loureiro et al. (2021). Survival, seedlings growth and natural regeneration in areas under ecological restoration in a sandy coastal plain (restinga) of southeastern Brazil. Austral Ecology.",10.1111/aec.13114,https://www.researchgate.net/publication/355177761_Survival_seedlings_growth_and_natural_regeneration_in_areas_under_ecological_restoration_in_a_sandy_coastal_plain_restinga_of_southeastern_Brazil,oa,OA (websearch:researchgate/med),OA — browser/repository download (no institutional access needed),D591_Rural-Scan_NBS/2_Technical_&_Data/library/2_ForestRestoration/survival_nr_ecological_restoration_2021.pdf,acquired,Namita-J,2026-08-05,Wiley paywall. Direct survival/mortality T3 metric. Namita-J to acquire. | free PDF via researchgate [med]: https://www.researchgate.net/publication/355177761_Survival_seedlings_growth_and_natural_regeneration_in_areas_under_ecological_restoration_in_a_sandy_coastal_plain_restinga_of_southeastern_Brazil,true,,
shono_anr_degraded_tropical_2007,forest_restoration,assisted_regeneration,T4,Shono et al. (2007). Application of Assisted Natural Regeneration to Restore Degraded Tropical Forestlands. Restoration Ecology.,10.1111/j.1526-100x.2007.00274.x,http://formad-environnement.org/RNA_Restoration-Ecology_Shono-et-al2007.pdf,oa,OA (websearch:project-site/high),OA — browser/repository download (no institutional access needed),D591_Rural-Scan_NBS/2_Technical_&_Data/library/2_ForestRestoration/shono_anr_degraded_tropical_2007.pdf,acquired,Namita-J,2026-08-05,HIGH priority — seminal ANR practice + site-viability conditions. Namita-J via institutional access -> SharePoint library/forest_restoration/. | free PDF via project-site [high]: http://formad-environnement.org/RNA_Restoration-Ecology_Shono-et-al2007.pdf,true,,
chazdon_natregen_tool_flr_2016,forest_restoration,assisted_regeneration,T4,Chazdon et al. (2016). Natural regeneration as a tool for large‐scale forest restoration in the tropics: prospects and challenges. Biotropica.,10.1111/btp.12381,https://cgspace.cgiar.org/items/be93ad69-4a1b-4ef3-9749-b35ae25ed448,oa,OA (websearch:agency/CGSpace/med),OA — browser/repository download (no institutional access needed),D591_Rural-Scan_NBS/2_Technical_&_Data/library/2_ForestRestoration/chazdon_natregen_tool_flr_2016.pdf,duplicate,Namita-J,2026-08-05,HIGH priority seminal anchor (694 cites). Namita-J. | free PDF via agency/CGSpace [med]: https://cgspace.cgiar.org/items/be93ad69-4a1b-4ef3-9749-b35ae25ed448 | DUPLICATE of crouzeilles_2016_btp_nr_tool (identical verified DOI) — excluded from extraction.,true,crouzeilles_2016_btp_nr_tool,
holl_stimulating_natregen_degraded_2013,forest_restoration,assisted_regeneration,T4,"Shoo et al. (2013). Stimulating Natural Regeneration of Tropical Forest on Degraded Land: Approaches, Outcomes, and Information Gaps. Restoration Ecology.",10.1111/rec.12048,https://doi.org/10.1111/rec.12048,paywalled,"paywalled (Wiley, closed OA)",Institutional access via CGIAR library,D591_Rural-Scan_NBS/2_Technical_&_Data/library/2_ForestRestoration/holl_stimulating_natregen_degraded_2013.pdf,acquired,Namita-J,2026-08-05,MED priority — passive/active switch on degradation gradient. Namita-J. | web-searched 2026-08: no free copy (institutional); check ResearchGate manually.,true,,
barros_mcda_prioritize_restoration_amazon_2022,forest_restoration,assisted_regeneration,T4,Cavalcante et al. (2022). Multicriteria approach to prioritize forest restoration areas for biodiversity conservation in the eastern Amazon. Journal of Environmental Management.,10.1016/j.jenvman.2022.115590,https://papers.ssrn.com/sol3/papers.cfm?abstract_id=4094737,oa,OA (websearch:semanticscholar/med),OA — browser/repository download (no institutional access needed),D591_Rural-Scan_NBS/2_Technical_&_Data/library/2_ForestRestoration/barros_mcda_prioritize_restoration_amazon_2022.pdf,acquired,Namita-J,2026-08-05,HIGH priority — LMIC MCDA prioritization. Namita-J. | free PDF via semanticscholar [med]: https://papers.ssrn.com/sol3/papers.cfm?abstract_id=4094737,true,,
rip_buffer_width_guidelines_review_2004,riparian_buffer,planted,T4,Lee et al. (2004). Quantitative review of riparian buffer width guidelines from Canada and the United States. Journal of Environmental Management.,10.1016/j.jenvman.2003.11.009,https://www.napawatersheds.org/img/managed/Document/2887/RiparianBufferReview.JEnvMgnt2004.pdf,oa,OA (websearch:agency-repo/high),OA — browser/repository download (no institutional access needed),D591_Rural-Scan_NBS/2_Technical_&_Data/library/4_Riparian_Buffers/rip_buffer_width_guidelines_review_2004.pdf,acquired,Namita-J,2026-08-06,"High-priority seminal T4 width-envelope source. Namita-J to acquire PDF -> SharePoint library/riparian_buffer/, set SRC.library_path. No PDF in git. | free PDF via agency-repo [high]: https://www.napawatersheds.org/img/managed/Document/2887/RiparianBufferReview.JEnvMgnt2004.pdf",true,,
multispecies_buffer_design_placement_1995,riparian_buffer,planted,T4,Schultz et al. (1995). Design and placement of a multi-species riparian buffer strip system. Agroforestry Systems.,10.1007/bf00704869,https://doi.org/10.1007/bf00704869,paywalled,"paywalled (Springer, closed OA)",Institutional access via CGIAR library,D591_Rural-Scan_NBS/2_Technical_&_Data/library/4_Riparian_Buffers/multispecies_buffer_design_placement_1995.pdf,acquired,Namita-J,2026-08-06,Core F1 planted design+placement source. Namita-J acquire -> SharePoint. | possible free copy (LOW conf-verify): https://projects.sare.org/information-product/design-and-placement-of-a-multispecies-riparian-buffer-strip-system/,true,,
grass_barrier_vfs_runoff_effectiveness_2004,riparian_buffer,planted,T4,"Blanco-Canqui et al. (2004). Grass Barrier and Vegetative Filter Strip Effectiveness in Reducing Runoff, Sediment, Nitrogen, and Phosphorus Loss. Soil Science Society of America Journal.",10.2136/sssaj2004.1670,https://www.ars.usda.gov/ARSUserFiles/50701000/cswq-0007-154368.pdf,oa,OA (websearch:agency/high),OA — browser/repository download (no institutional access needed),D591_Rural-Scan_NBS/2_Technical_&_Data/library/4_Riparian_Buffers/grass_barrier_vfs_runoff_effectiveness_2004.pdf,acquired,Namita-J,2026-08-06,Grass-buffer parameter + runoff-load relations. Namita-J acquire -> SharePoint. | free PDF via agency [high]: https://www.ars.usda.gov/ARSUserFiles/50701000/cswq-0007-154368.pdf,true,,
site_specific_vs_fixed_width_cost_2016,riparian_buffer,planted,T4,Tiwari et al. (2016). Cost of riparian buffer zones: A comparison of hydrologically adapted site‐specific riparian buffers with traditional fixed widths. Water Resources Research.,10.1002/2015wr018014,https://agupubs.onlinelibrary.wiley.com/doi/full/10.1002/2015WR018014,oa,OA (websearch:publisher-OA/med),OA — browser/repository download (no institutional access needed),D591_Rural-Scan_NBS/2_Technical_&_Data/library/4_Riparian_Buffers/site_specific_vs_fixed_width_cost_2016.pdf,acquired,Namita-J,2026-08-06,Variable-width/DTW siting logic. Namita-J acquire -> SharePoint. | free PDF via publisher-OA [med]: https://agupubs.onlinelibrary.wiley.com/doi/full/10.1002/2015WR018014,true,,
effective_width_sediment_anfis_swat_2020,riparian_buffer,planted,T4,Sirabahenda et al. (2020). Assessment of the effective width of riparian buffer strips to reduce suspended sediment in an agricultural landscape using ANFIS and SWAT models. CATENA.,10.1016/j.catena.2020.104762,https://doi.org/10.1016/j.catena.2020.104762,paywalled,"paywalled (Elsevier, closed OA)",Institutional access via CGIAR library,D591_Rural-Scan_NBS/2_Technical_&_Data/library/4_Riparian_Buffers/effective_width_sediment_anfis_swat_2020.pdf,duplicate,Namita-J,2026-08-06,Effective-width in agricultural (system_constraint) landscape. Namita-J acquire -> SharePoint. | web-searched 2026-08: no free copy (institutional); check ResearchGate manually. | DUPLICATE of effective_width_suspended_sediment_2020 (identical verified DOI) — excluded from extraction.,true,effective_width_suspended_sediment_2020,
managing_buffer_strips_es_review_2020,riparian_buffer,planted,T3,"Cole et al. (2020). Managing riparian buffer strips to optimise ecosystem services: A review. Agriculture, Ecosystems &amp; Environment.",10.1016/j.agee.2020.106891,https://pure.sruc.ac.uk/en/publications/managing-riparian-buffer-strips-to-optimise-ecosystem-services-a-/,oa,OA (websearch:university-repo/med),OA — browser/repository download (no institutional access needed),D591_Rural-Scan_NBS/2_Technical_&_Data/library/4_Riparian_Buffers/managing_buffer_strips_es_review_2020.pdf,acquired,Namita-J,2026-08-06,Priority: anchor updated_lit synthesis spanning flood/erosion/sediment/thermal + width/veg-type levers. | free PDF via university-repo [med]: https://pure.sruc.ac.uk/en/publications/managing-riparian-buffer-strips-to-optimise-ecosystem-services-a-/,true,,
buffer_width_guidelines_review_2004,riparian_buffer,planted,T3,Lee et al. (2004). Quantitative review of riparian buffer width guidelines from Canada and the United States. Journal of Environmental Management.,10.1016/j.jenvman.2003.11.009,https://www.napawatersheds.org/img/managed/Document/2887/RiparianBufferReview.JEnvMgnt2004.pdf,oa,OA (websearch:agency/project-site/high),OA — browser/repository download (no institutional access needed),D591_Rural-Scan_NBS/2_Technical_&_Data/library/4_Riparian_Buffers/buffer_width_guidelines_review_2004.pdf,duplicate,Namita-J,2026-08-06,Core width-limiter synthesis. | free PDF via agency/project-site [high]: https://www.napawatersheds.org/img/managed/Document/2887/RiparianBufferReview.JEnvMgnt2004.pdf | DUPLICATE of rip_buffer_width_guidelines_review_2004 (identical verified DOI) — excluded from extraction.,true,rip_buffer_width_guidelines_review_2004,
effective_width_suspended_sediment_2020,riparian_buffer,planted,T3,Sirabahenda et al. (2020). Assessment of the effective width of riparian buffer strips to reduce suspended sediment in an agricultural landscape using ANFIS and SWAT models. CATENA.,10.1016/j.catena.2020.104762,https://espace.inrs.ca/11210/1/P3831.pdf,oa,OA (websearch:university-repo/med),OA — browser/repository download (no institutional access needed),D591_Rural-Scan_NBS/2_Technical_&_Data/library/4_Riparian_Buffers/effective_width_suspended_sediment_2020.pdf,acquired,Namita-J,2026-08-06,Effective-width x suspended-sediment; strong T3 sediment + siting param. | free PDF via university-repo [med]: https://espace.inrs.ca/11210/1/P3831.pdf,true,,
buffer_width_microclimate_logging_2019,riparian_buffer,planted,T3,Oldén et al. (2019). The effect of buffer strip width and selective logging on riparian forest microclimate. Forest Ecology and Management.,10.1016/j.foreco.2019.117623,https://jyx.jyu.fi/jyx/Record/jyx_123456789_66021,oa,OA (websearch:university-repo/med),OA — browser/repository download (no institutional access needed),D591_Rural-Scan_NBS/2_Technical_&_Data/library/4_Riparian_Buffers/buffer_width_microclimate_logging_2019.pdf,acquired,Namita-J,2026-08-06,Thermal/microclimate buffering evidence (T3 shade/temperature). | free PDF via university-repo [med]: https://jyx.jyu.fi/jyx/Record/jyx_123456789_66021,true,,
nutrient_sediment_retention_length_vegtype_2024,riparian_buffer,planted,T3,"kumwimba et al. (2024). Nutrient and sediment retention by riparian vegetated buffer strips: Impacts of buffer length, vegetation type, and season. Agriculture, Ecosystems &amp; Environment.",10.1016/j.agee.2024.109050,https://doi.org/10.1016/j.agee.2024.109050,paywalled,paywalled (Elsevier),Institutional access via CGIAR library,D591_Rural-Scan_NBS/2_Technical_&_Data/library/4_Riparian_Buffers/nutrient_sediment_retention_length_vegtype_2024.pdf,acquired,Namita-J,2026-08-06,Recent quantification of length x veg-type x sediment retention. | web-searched 2026-08: no free copy (institutional); check ResearchGate manually.,true,,
rvb_wq_restoration_lowrance_1993,riparian_buffer,planted,T3,OSBORNE et al. (1993). Riparian vegetated buffer strips in water‐quality restoration and stream management. Freshwater Biology.,10.1111/j.1365-2427.1993.tb00761.x,https://scispace.com/pdf/riparian-vegetated-buffer-strips-in-water-quality-59fuwn9mky.pdf,oa,OA (websearch:semanticscholar/med),OA — browser/repository download (no institutional access needed),D591_Rural-Scan_NBS/2_Technical_&_Data/library/4_Riparian_Buffers/rvb_wq_restoration_lowrance_1993.pdf,acquired,Namita-J,2026-08-06,Seminal; acquire if seminality weight warranted despite nutrient bias. | free PDF via semanticscholar [med]: https://scispace.com/pdf/riparian-vegetated-buffer-strips-in-water-quality-59fuwn9mky.pdf,true,,
multispecies_buffers_sediment_rainfall_2000,riparian_buffer,planted,T3,Lee et al. (2000). Multispecies Riparian Buffers Trap Sediment and Nutrients during Rainfall Simulations. Journal of Environmental Quality.,10.2134/jeq2000.00472425002900040025x,https://doi.org/10.2134/jeq2000.00472425002900040025x,paywalled,paywalled (Wiley/ASA),Institutional access via CGIAR library,D591_Rural-Scan_NBS/2_Technical_&_Data/library/4_Riparian_Buffers/multispecies_buffers_sediment_rainfall_2000.pdf,acquired,Namita-J,2026-08-06,Direct sediment-trapping performance metric. | web-searched 2026-08: no free copy (institutional); check ResearchGate manually.,true,,
sediment_nutrient_removal_multispecies_2003,riparian_buffer,planted,T3,Lee et al. (2003). Sediment and nutrient removal in an established multi-species riparian buffer. Journal of Soil and Water Conservation.,10.1080/00224561.2003.12457491,https://doi.org/10.1080/00224561.2003.12457491,paywalled,paywalled (JSWC),Institutional access via CGIAR library,D591_Rural-Scan_NBS/2_Technical_&_Data/library/4_Riparian_Buffers/sediment_nutrient_removal_multispecies_2003.pdf,acquired,Namita-J,2026-08-06,Established-buffer sediment removal. | possible free copy (LOW conf-verify): https://www.researchgate.net/publication/247466880_Sediment_and_Nutrient_Removal_in_an_Established_Multi-Species_Riparian_Buffer,true,,
mayer_2007_n_removal_meta,riparian_buffer,planted,T6,Mayer et al. (2007). Meta‐Analysis of Nitrogen Removal in Riparian Buffers. Journal of Environmental Quality.,10.2134/jeq2006.0462,http://www.ask-force.org/web/Bt/Mayer-Meta-Analysis-Riparian-Buffers-2007.pdf,oa,OA (websearch:publisher-OA/high),OA — browser/repository download (no institutional access needed),D591_Rural-Scan_NBS/2_Technical_&_Data/library/4_Riparian_Buffers/mayer_2007_n_removal_meta.pdf,acquired,Namita-J,2026-08-06,Highest-priority acquire: seminal quantitative N-removal vs width/vegetation synthesis. Namita-J -> SharePoint library/riparian_buffer/. Not in git. | free PDF via publisher-OA [high]: http://www.ask-force.org/web/Bt/Mayer-Meta-Analysis-Riparian-Buffers-2007.pdf,true,,
dosskey_grass_shrub_2007,riparian_buffer,planted,T6,"Mankin et al. (2007). Grass‐Shrub Riparian Buffer Removal of Sediment, Phosphorus, and Nitrogen From Simulated Runoff<sup>1</sup>. JAWRA Journal of the American Water Resources Association.",10.1111/j.1752-1688.2007.00090.x,https://www.academia.edu/114207101/Grass_Shrub_Riparian_Buffer_Removal_of_Sediment_Phosphorus_and_Nitrogen_From_Simulated_Runoff,oa,OA (websearch:academia/med),OA — browser/repository download (no institutional access needed),D591_Rural-Scan_NBS/2_Technical_&_Data/library/4_Riparian_Buffers/dosskey_grass_shrub_2007.pdf,acquired,Namita-J,2026-08-06,Grass-vs-woody trapping efficiencies (sediment/P/N). Namita-J acquire -> SharePoint. Not in git. | free PDF via academia [med]: https://www.academia.edu/114207101/Grass_Shrub_Riparian_Buffer_Removal_of_Sediment_Phosphorus_and_Nitrogen_From_Simulated_Runoff,true,,
fortier_poplar_buffer_carbon_2010,riparian_buffer,planted,T6,"Fortier et al. (2010). Nutrient accumulation and carbon sequestration in 6-year-old hybrid poplars in multiclonal agricultural riparian buffer strips. Agriculture, Ecosystems &amp; Environment.",10.1016/j.agee.2010.02.013,https://doi.org/10.1016/j.agee.2010.02.013,paywalled,paywalled (closed OA),Institutional access via CGIAR library,D591_Rural-Scan_NBS/2_Technical_&_Data/library/4_Riparian_Buffers/fortier_poplar_buffer_carbon_2010.pdf,acquired,Namita-J,2026-08-06,Carbon-sequestration T6 outcome for planted woody buffers (under-covered elsewhere). Namita-J acquire -> SharePoint. Not in git. | web-searched 2026-08: no free copy (institutional); check ResearchGate manually.,true,,
spatial_mcda_riparian_priorities_2013,riparian_buffer,natural_restored,T4,Zhao et al. (2013). A spatial multi-criteria planning scheme for evaluating riparian buffer restoration priorities. Ecological Engineering.,10.1016/j.ecoleng.2013.01.037,https://doi.org/10.1016/j.ecoleng.2013.01.037,paywalled,Elsevier paywall - no OA copy located,Institutional access via CGIAR library,D591_Rural-Scan_NBS/2_Technical_&_Data/library/4_Riparian_Buffers/spatial_mcda_riparian_priorities_2013.pdf,acquired,Namita-J,2026-08-06,Highest-priority acquire: core T4 GIS-MCDA siting reference. Namita-J -> library/riparian_buffer/. Never commit PDF to git. | web-searched 2026-08: no free copy (institutional); check ResearchGate manually.,true,,
critical_source_areas_buffer_planning_2009,riparian_buffer,natural_restored,T4,Qiu (2009). Assessing Critical Source Areas in Watersheds for Conservation Buffer Planning and Riparian Restoration. Environmental Management.,10.1007/s00267-009-9380-y,https://doi.org/10.1007/s00267-009-9380-y,paywalled,Springer paywall,Institutional access via CGIAR library,D591_Rural-Scan_NBS/2_Technical_&_Data/library/4_Riparian_Buffers/critical_source_areas_buffer_planning_2009.pdf,pending,Namita-J,2026-08-06,T4 critical-source-area siting. Namita-J acquire. | web-searched 2026-08: no free copy (institutional); check ResearchGate manually.,true,,
latam_riparian_forest_buffers_2019,riparian_buffer,natural_restored,T4,Meli et al. (2019). Riparian-forest buffers: Bridging the gap between top-down and bottom-up restoration approaches in Latin America. Land Use Policy.,10.1016/j.landusepol.2019.104085,https://doi.org//10.1016/j.landusepol.2019.104085,oa,OA (Unpaywall:publisher),OA — browser/repository download (no institutional access needed),D591_Rural-Scan_NBS/2_Technical_&_Data/library/4_Riparian_Buffers/latam_riparian_forest_buffers_2019.pdf,acquired,Namita-J,2026-08-06,LMIC value; acquire if capacity. | OA via Unpaywall (publisher),true,,
global_review_riparian_veg_restoration_2015,riparian_buffer,natural_restored,T4,"González et al. (2015). Restoration of riparian vegetation: A global review of implementation and evaluation approaches in the international, peer-reviewed literature. Journal of Environmental Management.",10.1016/j.jenvman.2015.04.033,https://doi.org/10.1016/j.jenvman.2015.04.033,paywalled,Elsevier paywall,Institutional access via CGIAR library,D591_Rural-Scan_NBS/2_Technical_&_Data/library/4_Riparian_Buffers/global_review_riparian_veg_restoration_2015.pdf,acquired,Namita-J,2026-08-06,F2 restoration review; acquire. | web-searched 2026-08: no free copy (institutional); check ResearchGate manually.,true,,
neotropical_riparian_biodiversity_thresholds_2020,riparian_buffer,natural_restored,T4,Dala‐Corte et al. (2020). Thresholds of freshwater biodiversity in response to riparian vegetation loss in the Neotropical region. Journal of Applied Ecology.,10.1111/1365-2664.13657,https://onlinelibrary.wiley.com/doi/pdfdirect/10.1111/1365-2664.13657,oa,OA (Unpaywall:publisher),OA — browser/repository download (no institutional access needed),D591_Rural-Scan_NBS/2_Technical_&_Data/library/4_Riparian_Buffers/neotropical_riparian_biodiversity_thresholds_2020.pdf,acquired,Namita-J,2026-08-06,LMIC riparian-condition thresholds; acquire. | OA via Unpaywall (publisher),true,,
brazil_landuse_loworder_streams_2018,riparian_buffer,natural_restored,T4,Mello et al. (2018). Effects of land use and land cover on water quality of low-order streams in Southeastern Brazil: Watershed versus riparian zone. CATENA.,10.1016/j.catena.2018.04.027,https://doi.org/10.1016/j.catena.2018.04.027,paywalled,Elsevier paywall,Institutional access via CGIAR library,D591_Rural-Scan_NBS/2_Technical_&_Data/library/4_Riparian_Buffers/brazil_landuse_loworder_streams_2018.pdf,acquired,Namita-J,2026-08-06,LMIC adjacent-land-use (system_constraint); acquire. | web-searched 2026-08: no free copy (institutional); check ResearchGate manually.,true,,
managing_riparian_buffer_strips_es_review_2020,riparian_buffer,natural_restored,T4,"Cole et al. (2020). Managing riparian buffer strips to optimise ecosystem services: A review. Agriculture, Ecosystems &amp; Environment.",10.1016/j.agee.2020.106891,https://doi.org/10.1016/j.agee.2020.106891,paywalled,Elsevier paywall,Institutional access via CGIAR library,D591_Rural-Scan_NBS/2_Technical_&_Data/library/4_Riparian_Buffers/managing_riparian_buffer_strips_es_review_2020.pdf,duplicate,Namita-J,2026-08-06,Buffer siting/width->ES review; acquire if capacity. | web-searched 2026-08: no free copy (institutional); check ResearchGate manually. | DUPLICATE of managing_buffer_strips_es_review_2020 (identical verified DOI) — excluded from extraction.,true,managing_buffer_strips_es_review_2020,
osborne_kovacic_1993_buffer_wq_restoration,riparian_buffer,natural_restored,T6,OSBORNE et al. (1993). Riparian vegetated buffer strips in water‐quality restoration and stream management. Freshwater Biology.,10.1111/j.1365-2427.1993.tb00761.x,https://doi.org/10.1111/j.1365-2427.1993.tb00761.x,paywalled,"paywalled (Wiley, closed OA status in OpenAlex)",Institutional access via CGIAR library,D591_Rural-Scan_NBS/2_Technical_&_Data/library/4_Riparian_Buffers/osborne_kovacic_1993_buffer_wq_restoration.pdf,duplicate,Namita-J,2026-08-06,Seminal restored-buffer WQ synthesis. Namita-J to acquire PDF -> SharePoint library/riparian_buffer/; not to be committed to git. | web-searched 2026-08: no free copy (institutional); check ResearchGate manually. | DUPLICATE of rvb_wq_restoration_lowrance_1993 (identical verified DOI) — excluded from extraction.,true,rvb_wq_restoration_lowrance_1993,
mayer_2007_meta_n_removal_buffers,riparian_buffer,natural_restored,T6,Mayer et al. (2007). Meta‐Analysis of Nitrogen Removal in Riparian Buffers. Journal of Environmental Quality.,10.2134/jeq2006.0462,http://www.ask-force.org/web/Bt/Mayer-Meta-Analysis-Riparian-Buffers-2007.pdf,oa,OA (websearch:project-site/agency/high),OA — browser/repository download (no institutional access needed),D591_Rural-Scan_NBS/2_Technical_&_Data/library/4_Riparian_Buffers/mayer_2007_meta_n_removal_buffers.pdf,duplicate,Namita-J,2026-08-06,Highest-value N-removal-efficiency meta-analysis (verify DOI on acquisition). Namita-J -> SharePoint library. | free PDF via project-site/agency [high]: http://www.ask-force.org/web/Bt/Mayer-Meta-Analysis-Riparian-Buffers-2007.pdf | DUPLICATE of mayer_2007_n_removal_meta (identical verified DOI) — excluded from extraction.,true,mayer_2007_n_removal_meta,
newbold_2000_buffer_restoration_connecticut_wq,riparian_buffer,natural_restored,T6,"Newbold, J.D. et al. (2000). Water Quality Changes from Riparian Buffer Restoration in Connecticut. Journal of Environmental Quality 29(4).",,https://api.openalex.org/works?filter=title.search:Water%20Quality%20Changes%20from%20Riparian%20Buffer%20Restoration%20in%20Connecticut,paywalled,paywalled; DOI not captured in search (resolve via OpenAlex work record),Institutional access via CGIAR library,D591_Rural-Scan_NBS/2_Technical_&_Data/library/4_Riparian_Buffers/newbold_2000_buffer_restoration_connecticut_wq.pdf,acquired,Namita-J,2026-08-06,Directly restored-buffer T6. Namita-J: resolve DOI + acquire PDF -> library. | web-searched 2026-08: no free copy (institutional); check ResearchGate manually.,,,true
reforestation_ecosystem_services_costa_rica_2022,riparian_buffer,natural_restored,T6,"(2022). Modeling multiple ecosystem services and beneficiaries of riparian reforestation in Costa Rica. Ecosystem Services, S2212041622000663.",,https://www.sciencedirect.com/science/article/pii/S2212041622000663,paywalled,likely paywalled (Elsevier); confirm OA,Institutional access via CGIAR library,D591_Rural-Scan_NBS/2_Technical_&_Data/library/4_Riparian_Buffers/reforestation_ecosystem_services_costa_rica_2022.pdf,acquired,Namita-J,2026-08-06,Priority LMIC/tropical anchor. Namita-J: check OA/institutional access; DOI via ScienceDirect record. | possible free copy (LOW conf-verify): https://www.sciencedirect.com/science/article/pii/S2212041622000663,,,true
restoration_age_nutrient_retention_2014,riparian_buffer,natural_restored,T3,McMillan et al. (2014). Influence of Restoration Age and Riparian Vegetation on Reach‐Scale Nutrient Retention in Restored Urban Streams. JAWRA Journal of the American Water Resources Association.,10.1111/jawr.12205,https://doi.org/10.1111/jawr.12205,paywalled,paywalled (Wiley); no OA copy located,Institutional access via CGIAR library,D591_Rural-Scan_NBS/2_Technical_&_Data/library/4_Riparian_Buffers/restoration_age_nutrient_retention_2014.pdf,acquired,Namita-J,2026-08-06,"Namita-J to acquire PDF -> SharePoint library/riparian_buffer/. F2 restoration-age/regeneration trajectory x nutrient-retention T3 — high value, no free copy. | web-searched 2026-08: no free copy (institutional); check ResearchGate manually.",true,,
osborne_kovacic_buffer_wq_restoration_1993,riparian_buffer,natural_restored,T3,OSBORNE et al. (1993). Riparian vegetated buffer strips in water‐quality restoration and stream management. Freshwater Biology.,10.1111/j.1365-2427.1993.tb00761.x,https://scispace.com/pdf/riparian-vegetated-buffer-strips-in-water-quality-59fuwn9mky.pdf,oa,OA (websearch:semanticscholar/med),OA — browser/repository download (no institutional access needed),D591_Rural-Scan_NBS/2_Technical_&_Data/library/4_Riparian_Buffers/osborne_kovacic_buffer_wq_restoration_1993.pdf,duplicate,Namita-J,2026-08-06,Namita-J to acquire. Seminal (950 cites) foundational T3 buffer-restoration reference; queue for corpus even if only for is_seminal grounding. | free PDF via semanticscholar [med]: https://scispace.com/pdf/riparian-vegetated-buffer-strips-in-water-quality-59fuwn9mky.pdf | DUPLICATE of rvb_wq_restoration_lowrance_1993 (identical verified DOI) — excluded from extraction.,true,rvb_wq_restoration_lowrance_1993,
page_nl_paludiculture_crop_suitability_model,wetland_management,peatland,T4,Brouwer et al. (2026). Modeling crop suitability for rewetting landscapes in the Netherlands across present and future climate scenarios. Agricultural Water Management.,10.1016/j.agwat.2026.110190,https://www.researchgate.net/publication/400905969_Modeling_crop_suitability_for_rewetting_landscapes_in_the_Netherlands_across_present_and_future_climate_scenarios,oa,OA (websearch:researchgate/med),OA — browser/repository download (no institutional access needed),D591_Rural-Scan_NBS/2_Technical_&_Data/library/5_Wetlands_Constructed/page_nl_paludiculture_crop_suitability_model.pdf,acquired,Namita-J,2026-08-06,"Highest-value T4 suitability-modelling exemplar for F3 (water balance + soil texture + pH + water table). Namita-J to acquire via institutional access; upload PDF to SharePoint library/wetland_management/, set SRC.library_path. Not to be committed to git. | free PDF via researchgate [med]: https://www.researchgate.net/publication/400905969_Modeling_crop_suitability_for_rewetting_landscapes_in_the_Netherlands_across_present_and_future_climate_scenarios | DOI FAILED verification (doi_unresolved); original DOI blanked — acquire by TITLE. | DOI recovered 2026-09-29 from the DOI PRINTED ON the cached library PDF, then round-tripped through Crossref: resolved title matches the PDF text and the original citation (overlap 1.00); citation rebuilt from the Crossref record. Confirmed by PR review.",true,,
jauhiainen_tropical_peat_hydro_restoration_2008,wetland_management,peatland,T3,Jauhiainen et al. (2008). CARBON DIOXIDE AND METHANE FLUXES IN DRAINED TROPICAL PEAT BEFORE AND AFTER HYDROLOGICAL RESTORATION. Ecology.,10.1890/07-2038.1,https://doi.org/10.1890/07-2038.1,paywalled,"paywalled (closed access, ESA journal)",Institutional access via CGIAR library,D591_Rural-Scan_NBS/2_Technical_&_Data/library/5_Wetlands_Constructed/jauhiainen_tropical_peat_hydro_restoration_2008.pdf,acquired,Namita-J,2026-08-06,Screened-in for tropical rewetting/water-table mechanism. Route to Namita-J for library upload; never commit PDF to git. | web-searched 2026-08: no free copy (institutional); check ResearchGate manually.,true,,
dohong_tropical_restoration_techniques_review_2018,wetland_management,peatland,T3,Dohong et al. (2018). A Review of Techniques for Effective Tropical Peatland Restoration. Wetlands.,10.1007/s13157-018-1017-6,https://doi.org/10.1007/s13157-018-1017-6,paywalled,"paywalled (Springer, closed)",Institutional access via CGIAR library,D591_Rural-Scan_NBS/2_Technical_&_Data/library/5_Wetlands_Constructed/dohong_tropical_restoration_techniques_review_2018.pdf,pending,Namita-J,2026-08-06,High-value tropical technique review (rewetting/canal-blocking). Namita-J acquire -> SharePoint library/<wetland_management>. | web-searched 2026-08: no free copy (institutional); check ResearchGate manually.,true,,
harrison_seasia_peat_strategies_2021,wetland_management,peatland,T3,Mishra et al. (2021). Degradation of Southeast Asian tropical peatlands and integrated strategies for their better management and restoration. Journal of Applied Ecology.,10.1111/1365-2664.13905,https://doi.org/10.1111/1365-2664.13905,paywalled,"paywalled (Wiley, closed)",Institutional access via CGIAR library,D591_Rural-Scan_NBS/2_Technical_&_Data/library/5_Wetlands_Constructed/harrison_seasia_peat_strategies_2021.pdf,acquired,Namita-J,2026-08-06,Integrated SE-Asia restoration strategies incl. water-table + fire. Namita-J acquire. | web-searched 2026-08: no free copy (institutional); check ResearchGate manually.,true,,
tan_paludiculture_tropical_review_2020,wetland_management,peatland,T3,Tan et al. (2021). Paludiculture as a sustainable land use alternative for tropical peatlands: A review. Science of The Total Environment.,10.1016/j.scitotenv.2020.142111,https://doi.org/10.1016/j.scitotenv.2020.142111,paywalled,"paywalled (Elsevier, closed)",Institutional access via CGIAR library,D591_Rural-Scan_NBS/2_Technical_&_Data/library/5_Wetlands_Constructed/tan_paludiculture_tropical_review_2020.pdf,acquired,Namita-J,2026-08-06,Tropical paludiculture siting/species review. Namita-J acquire. | web-searched 2026-08: no free copy (institutional); check ResearchGate manually.,true,,
peatland_restoration_ecosystem_services_2016,wetland_management,peatland,T6,(2016). Peatland Restoration and Ecosystem Services. .,10.1017/cbo9781139177788,https://doi.org/10.1017/cbo9781139177788,paywalled,"paywalled (book, closed access)",Institutional access via CGIAR library,D591_Rural-Scan_NBS/2_Technical_&_Data/library/5_Wetlands_Constructed/peatland_restoration_ecosystem_services_2016.pdf,acquired,Namita-J,2026-08-06,T6 ecosystem-services framework across carbon/water/biodiversity. Namita-J: check CUP institutional access or chapter-level OA. | web-searched 2026-08: no free copy (institutional); check ResearchGate manually.,true,,
tropical_peatland_restoration_techniques_review_2018,wetland_management,peatland,T6,Dohong et al. (2018). A Review of Techniques for Effective Tropical Peatland Restoration. Wetlands.,10.1007/s13157-018-1017-6,https://doi.org/10.1007/s13157-018-1017-6,paywalled,"paywalled (Springer, closed)",Institutional access via CGIAR library,D591_Rural-Scan_NBS/2_Technical_&_Data/library/5_Wetlands_Constructed/tropical_peatland_restoration_techniques_review_2018.pdf,duplicate,Namita-J,2026-08-06,TROPICAL restoration techniques + cost context. Check Springer access; possible green copy via ResearchGate. | web-searched 2026-08: no free copy (institutional); check ResearchGate manually. | DUPLICATE of dohong_tropical_restoration_techniques_review_2018 (identical verified DOI) — excluded from extraction.,true,dohong_tropical_restoration_techniques_review_2018,
paludiculture_tropical_peatland_landuse_2020,wetland_management,peatland,T6,Tan et al. (2021). Paludiculture as a sustainable land use alternative for tropical peatlands: A review. Science of The Total Environment.,10.1016/j.scitotenv.2020.142111,https://doi.org/10.1016/j.scitotenv.2020.142111,paywalled,"paywalled (Elsevier, closed)",Institutional access via CGIAR library,D591_Rural-Scan_NBS/2_Technical_&_Data/library/5_Wetlands_Constructed/paludiculture_tropical_peatland_landuse_2020.pdf,duplicate,Namita-J,2026-08-06,Core F3 paludiculture-tropical review (T6 production + carbon). Check Elsevier/institutional access. | web-searched 2026-08: no free copy (institutional); check ResearchGate manually. | DUPLICATE of tan_paludiculture_tropical_review_2020 (identical verified DOI) — excluded from extraction.,true,tan_paludiculture_tropical_review_2020,
cheng_2020_us_nitrate_removal_wetland_restoration,wetland_management,restoration_rewetting,T6,Cheng et al. (2020). Maximizing US nitrate removal through wetland protection and restoration. Nature.,10.1038/s41586-020-03042-5,https://www.tularebasinwatershedpartnership.org/files/2d39176a3/maximizing_us_nitrate_removal_through_wetland_protection_and_restoration_-_cheng_et_al._2020__1_.pdf,oa,OA (websearch:project-site/med),OA — browser/repository download (no institutional access needed),D591_Rural-Scan_NBS/2_Technical_&_Data/library/5_Wetlands_Constructed/cheng_2020_us_nitrate_removal_wetland_restoration.pdf,acquired,Namita-J,2026-08-06,"High-value T6 water-quality (N removal) + siting-prioritisation. DOI to confirm at fetch. Assign Namita-J. | free PDF via project-site [med]: https://www.tularebasinwatershedpartnership.org/files/2d39176a3/maximizing_us_nitrate_removal_through_wetland_protection_and_restoration_-_cheng_et_al._2020__1_.pdf | DOI recovered 2026-09-29 from the DOI PRINTED ON the cached library PDF, then round-tripped through Crossref: resolved title matches the PDF text and the original citation (overlap 1.00); citation rebuilt from the Crossref record. Confirmed by PR review.",true,,
erwin_2009_wetland_restoration_climate_change,wetland_management,restoration_rewetting,T6,Erwin (2008). Wetlands and global climate change: the role of wetland restoration in a changing world. Wetlands Ecology and Management.,10.1007/s11273-008-9119-1,https://www.environment.com/wp-content/uploads/2009/01/fulltext.pdf,oa,OA (websearch:publisher-OA/high),OA — browser/repository download (no institutional access needed),D591_Rural-Scan_NBS/2_Technical_&_Data/library/5_Wetlands_Constructed/erwin_2009_wetland_restoration_climate_change.pdf,acquired,Namita-J,2026-08-06,"Seminal climate-role review; check for OA green copy. Assign Namita-J. | free PDF via publisher-OA [high]: https://www.environment.com/wp-content/uploads/2009/01/fulltext.pdf | DOI recovered 2026-09-29 from the DOI PRINTED ON the cached library PDF, then round-tripped through Crossref: resolved title matches the PDF text and the original citation (overlap 1.00); citation rebuilt from the Crossref record. Confirmed by PR review.",true,,
balancing_2022_floodplain_reconnection_wetland_restoration,wetland_management,restoration_rewetting,T6,Worley et al. (2023). Balancing multiple stakeholder objectives for floodplain reconnection and wetland restoration. Journal of Environmental Management.,10.1016/j.jenvman.2022.116648,https://doi.org/10.1016/j.jenvman.2022.116648,paywalled,Elsevier paywall,Institutional access via CGIAR library,D591_Rural-Scan_NBS/2_Technical_&_Data/library/5_Wetlands_Constructed/balancing_2022_floodplain_reconnection_wetland_restoration.pdf,acquired,Namita-J,2026-08-06,Floodplain-reconnection multi-objective trade-offs; check institutional access. Assign Namita-J. | web-searched 2026-08: no free copy (institutional); check ResearchGate manually.,true,,
upper_mississippi_flood_reduction_1995,wetland_management,restoration_rewetting,T3,Hey et al. (1995). Flood Reduction through Wetland Restoration: The Upper Mississippi River Basin as a Case History. Restoration Ecology.,10.1111/j.1526-100X.1995.tb00070.x,https://openalex.org/W1990227083,paywalled,closed_access,Institutional access via CGIAR library,D591_Rural-Scan_NBS/2_Technical_&_Data/library/5_Wetlands_Constructed/upper_mississippi_flood_reduction_1995.pdf,acquired,Namita-J,2026-08-06,Seminal T3 flood-attenuation case. Find DOI + PDF; Namita-J to acquire to SharePoint library (never git). | web-searched 2026-08: no free copy (institutional); check ResearchGate manually. | DOI recovered 2026-09-29 from the Wiley download stamp on the cached PDF; resolves to a title matching the citation. PDF IS A SCAN (no text layer) - needs OCR before any extraction. Confirmed by PR review.,true,,
synoptic_prioritize_flood_attenuation_2000,wetland_management,restoration_rewetting,T3,A synoptic assessment for prioritizing wetland restoration efforts to optimize flood attenuation (2000).,,https://openalex.org/W2047916243,paywalled,closed_access,Institutional access via CGIAR library,D591_Rural-Scan_NBS/2_Technical_&_Data/library/5_Wetlands_Constructed/synoptic_prioritize_flood_attenuation_2000.pdf,acquired,Namita-J,2026-08-06,Siting+attenuation. Acquire PDF via Namita-J. | web-searched 2026-08: no free copy (institutional); check ResearchGate manually.,,,true
spatial_targeting_floodplain_equity_2020,wetland_management,restoration_rewetting,T3,Gourevitch et al. (2020). Spatial targeting of floodplain restoration to equitably mitigate flood risk. Global Environmental Change.,10.1016/j.gloenvcha.2020.102050,https://www.jessegourevitch.com/s/Gourevitch-et-al-2020.pdf,oa,OA (websearch:author-site/high),OA — browser/repository download (no institutional access needed),D591_Rural-Scan_NBS/2_Technical_&_Data/library/5_Wetlands_Constructed/spatial_targeting_floodplain_equity_2020.pdf,acquired,Namita-J,2026-08-06,"Flood-risk + equity siting. Acquire PDF. | free PDF via author-site [high]: https://www.jessegourevitch.com/s/Gourevitch-et-al-2020.pdf | DOI recovered 2026-09-29 from the DOI PRINTED ON the cached library PDF, then round-tripped through Crossref: resolved title matches the PDF text and the original citation (overlap 1.00); citation rebuilt from the Crossref record. Confirmed by PR review.",true,,
floodplain_restoration_flood_risk_lower_missouri_2015,wetland_management,restoration_rewetting,T3,"The Role of Floodplain Restoration in Mitigating Flood Risk, Lower Missouri River, USA (2015).",,https://openalex.org/W347982419,paywalled,closed_access,Institutional access via CGIAR library,D591_Rural-Scan_NBS/2_Technical_&_Data/library/5_Wetlands_Constructed/floodplain_restoration_flood_risk_lower_missouri_2015.pdf,acquired,Namita-J,2026-08-06,Quantified flood-risk reduction. Acquire PDF. | possible free copy (LOW conf-verify): https://www.usgs.gov/publications/role-floodplain-restoration-mitigating-flood-risk-lower-missouri-river-usa | TITLE CHECK FAILED (coverage 0.11): cached file may be the wrong document.,,,false
wetland_restoration_prioritizing_reduce_drought_2018,wetland_management,restoration_rewetting,T3,"Maleki et al. (2018). Wetland restoration prioritizing, a tool to reduce negative effects of drought; An application of multicriteria-spatial decision support system (MC-SDSS). Ecological Engineering.",10.1016/j.ecoleng.2017.12.031,https://openalex.org/W2781712938,paywalled,closed_access,Institutional access via CGIAR library,D591_Rural-Scan_NBS/2_Technical_&_Data/library/5_Wetlands_Constructed/wetland_restoration_prioritizing_reduce_drought_2018.pdf,acquired,Namita-J,2026-08-06,"Key DROUGHT-lens source (rare). Prioritise acquisition. | web-searched 2026-08: no free copy (institutional); check ResearchGate manually. | DOI recovered 2026-09-29 from the DOI PRINTED ON the cached library PDF, then round-tripped through Crossref: resolved title matches the PDF text and the original citation (overlap 0.50); citation rebuilt from the Crossref record. Confirmed by PR review.",true,,
comparing_mcda_prioritize_wetland_sites_2017,wetland_management,restoration_rewetting,T3,Comparing Two Multi-Criteria Methods for Prioritizing Wetland Restoration and Creation Sites (2017).,,https://openalex.org/W2580094717,paywalled,closed_access,Institutional access via CGIAR library,D591_Rural-Scan_NBS/2_Technical_&_Data/library/5_Wetlands_Constructed/comparing_mcda_prioritize_wetland_sites_2017.pdf,acquired,Namita-J,2026-08-06,MCDA method for our engine. Acquire PDF. | web-searched 2026-08: no free copy (institutional); check ResearchGate manually. | TITLE CHECK FAILED (coverage 0.67): cached file may be the wrong document.,,,false
floodplain_stage0_flood_attenuation_2022,wetland_management,restoration_rewetting,T3,Federman et al. (2022). Impact of floodplain and Stage 0 stream restoration on flood attenuation and floodplain exchange during small frequent storms. JAWRA Journal of the American Water Resources Association.,10.1111/1752-1688.13073,https://openalex.org/W4308469710,paywalled,hybrid_verify_oa,Institutional access via CGIAR library,D591_Rural-Scan_NBS/2_Technical_&_Data/library/5_Wetlands_Constructed/floodplain_stage0_flood_attenuation_2022.pdf,acquired,Namita-J,2026-08-06,"Hybrid OA - check for free full text first; if gated, Namita-J acquire. | possible free copy (LOW conf-verify): https://vtechworks.lib.vt.edu/items/55e13586-40ae-4b42-8f98-8deab0a99180 | DOI recovered 2026-09-29 from the DOI PRINTED ON the cached library PDF, then round-tripped through Crossref: resolved title matches the PDF text and the original citation (overlap 0.55); citation rebuilt from the Crossref record. Confirmed by PR review.",true,,
ramsar_bn10_restoration_climate_resilience,wetland_management,restoration_rewetting,T3,Ramsar Convention (2023). Briefing Note 10: Wetland restoration for climate change resilience.,,https://www.ramsar.org/sites/default/files/2023-07/bn10_restoration_climate_change_s.pdf,paywalled,webfetch_403_bot_block,Institutional access via CGIAR library,D591_Rural-Scan_NBS/2_Technical_&_Data/library/5_Wetlands_Constructed/ramsar_bn10_restoration_climate_resilience.pdf,pending,Namita-J,2026-08-06,"Publicly downloadable in a browser (403 only to automated fetch). Download EN+ES, cache snapshot; not paywalled. | web-searched 2026-08: no free copy (institutional); check ResearchGate manually.",,,
wetland_solutions_extreme_flood_drought_efficiency_2023,wetland_management,restoration_rewetting,T3,Wu et al. (2023). Wetland-based solutions against extreme flood and severe drought: Efficiency evaluation of risk mitigation. Climate Risk Management.,10.1016/j.crm.2023.100505,https://www.sciencedirect.com/science/article/pii/S2212096323000311,paywalled,paywalled,Institutional access via CGIAR library,D591_Rural-Scan_NBS/2_Technical_&_Data/library/5_Wetlands_Constructed/wetland_solutions_extreme_flood_drought_efficiency_2023.pdf,acquired,Namita-J,2026-08-06,"Reclassify to updated_lit on registration. Check OA mirror / green copy before Namita-J acquires. | web-searched 2026-08: no free copy (institutional); check ResearchGate manually. | DOI recovered 2026-09-29 from the DOI PRINTED ON the cached library PDF, then round-tripped through Crossref: resolved title matches the PDF text and the original citation (overlap 1.00); citation rebuilt from the Crossref record. Confirmed by PR review.",true,,
combined_hydro_landscape_2005,wetland_management,restoration_rewetting,T4,Newbold (2005). A combined hydrologic simulation and landscape design model to prioritize sites for wetlands restoration. Environmental Modeling &amp; Assessment.,10.1007/s10666-005-9002-x,https://doi.org/10.1007/s10666-005-9002-x,paywalled,paywalled_springer,Institutional access via CGIAR library,D591_Rural-Scan_NBS/2_Technical_&_Data/library/5_Wetlands_Constructed/combined_hydro_landscape_2005.pdf,pending,Namita-J,2026-08-06,Screened-IN seminal siting model; needs PDF to SharePoint library/wetland_management/. Namita-J. | web-searched 2026-08: no free copy (institutional); check ResearchGate manually.,true,,
mcda_two_methods_wetland_2017,wetland_management,restoration_rewetting,T4,"Darwiche-Criado et al. (2017). Comparing Two Multi-Criteria Methods for Prioritizing Wetland Restoration and Creation Sites Based on Ecological, Biophysical and Socio-Economic Factors. Water Resources Management.",10.1007/s11269-017-1572-2,https://doi.org/10.1007/s11269-017-1572-2,paywalled,paywalled_springer,Institutional access via CGIAR library,D591_Rural-Scan_NBS/2_Technical_&_Data/library/5_Wetlands_Constructed/mcda_two_methods_wetland_2017.pdf,pending,Namita-J,2026-08-06,MCDA weighting evidence for T4. Namita-J to acquire. | web-searched 2026-08: no free copy (institutional); check ResearchGate manually.,true,,
riparian_restoration_nutrient_hydro_2021,wetland_management,restoration_rewetting,T4,Wu et al. (2021). Hydroclimatic variability and riparian wetland restoration control the hydrology and nutrient fluxes in a lowland agricultural catchment. Journal of Hydrology.,10.1016/j.jhydrol.2021.126904,https://doi.org/10.1016/j.jhydrol.2021.126904,paywalled,paywalled_elsevier,Institutional access via CGIAR library,D591_Rural-Scan_NBS/2_Technical_&_Data/library/5_Wetlands_Constructed/riparian_restoration_nutrient_hydro_2021.pdf,acquired,Namita-J,2026-08-06,Screen for extractable T4 water-table/connectivity thresholds before commit. Namita-J. | web-searched 2026-08: no free copy (institutional); check ResearchGate manually.,true,,
watershed_restoration_targets_hydro_2022,wetland_management,restoration_rewetting,T4,Goyette et al. (2022). Setting Targets for Wetland Restoration to Mitigate Climate Change Effects on Watershed Hydrology. Environmental Management.,10.1007/s00267-022-01763-z,https://doi.org/10.1007/s00267-022-01763-z,paywalled,paywalled_springer,Institutional access via CGIAR library,D591_Rural-Scan_NBS/2_Technical_&_Data/library/5_Wetlands_Constructed/watershed_restoration_targets_hydro_2022.pdf,acquired,Namita-J,2026-08-06,Namita-J to acquire. | web-searched 2026-08: no free copy (institutional); check ResearchGate manually.,true,,
water_table_methane_wetland_2022,wetland_management,restoration_rewetting,T4,Yang et al. (2022). Impact of Water Table on Methane Emission Dynamics in Terrestrial Wetlands and Implications on Strategies for Wetland Management and Restoration. Wetlands.,10.1007/s13157-022-01634-7,https://doi.org/10.1007/s13157-022-01634-7,paywalled,paywalled_springer,Institutional access via CGIAR library,D591_Rural-Scan_NBS/2_Technical_&_Data/library/5_Wetlands_Constructed/water_table_methane_wetland_2022.pdf,acquired,Namita-J,2026-08-06,Water-table limiter (T4) + GHG (T6). Namita-J. | web-searched 2026-08: no free copy (institutional); check ResearchGate manually.,true,,
gis_riparian_siting_russell_1997,wetland_management,restoration_rewetting,T4,Russell et al. (1997). The Role of GIS in Selecting Sites for Riparian Restoration Based on Hyderology and Land Use. Restoration Ecology.,10.1111/j.1526-100X.1997.tb00205.x,https://onlinelibrary.wiley.com/doi/10.1111/j.1526-100X.1997.tb00205.x,paywalled,paywalled_wiley,Institutional access via CGIAR library,D591_Rural-Scan_NBS/2_Technical_&_Data/library/5_Wetlands_Constructed/gis_riparian_siting_russell_1997.pdf,acquired,Namita-J,2026-08-06,Near-seminal GIS siting (wetness/land-use). Namita-J; low priority if newer sources saturate. | web-searched 2026-08: no free copy (institutional); check ResearchGate manually.,true,,
oa_instream_wetland_creation_suitability_2025,wetland_management,creation,T4,Guamán Pintado et al. (2025). Finding suitable locations for in-stream wetland creation/restoration: comparing suitability analysis with machine learning approach&amp;#160;. .,10.5194/egusphere-egu25-17250,https://doi.org/10.5194/egusphere-egu25-17250,oa,OA (Unpaywall:None),OA — browser/repository download (no institutional access needed),D591_Rural-Scan_NBS/2_Technical_&_Data/library/5_Wetlands_Constructed/oa_instream_wetland_creation_suitability_2025.pdf,pending,Namita-J,2026-08-06,"Conference abstract only; monitor for the full peer-reviewed paper before extraction. Namita-J. | OA via Unpaywall (None) | OA-recovery 2026-09-25 (Namita-J session): the monitored full paper has surfaced as 'In-stream wetland suitability mapping using Analytic Hierarchy Process and machine learning' (Guaman-Pintado et al.) with Zenodo data + code supplements (records 18484341, 18403086), but Crossref has NO record for it yet — no journal DOI, no OA PDF to acquire. The EGU25 item itself is an abstract only, so nothing extractable. Re-check Crossref by title next sweep.",true,,
oa_semiarid_created_wetland_water_quality_2007,wetland_management,creation,T4,Moreno et al. (2007). Creating wetlands for the improvement of water quality and landscape restoration in semi-arid zones degraded by intensive agricultural use. Ecological Engineering.,10.1016/j.ecoleng.2006.07.001,https://openalex.org/W2092608873,paywalled,access_unverified,Institutional access via CGIAR library,D591_Rural-Scan_NBS/2_Technical_&_Data/library/5_Wetlands_Constructed/oa_semiarid_created_wetland_water_quality_2007.pdf,acquired,Namita-J,2026-08-06,"OA status not confirmed; if paywalled route to SharePoint library on screen-in. Namita-J. | web-searched 2026-08: no free copy (institutional); check ResearchGate manually. | DOI recovered 2026-09-29 from the DOI PRINTED ON the cached library PDF, then round-tripped through Crossref: resolved title matches the PDF text and the original citation (overlap 0.85); citation rebuilt from the Crossref record. Confirmed by PR review.",true,,
creating_riverine_wetlands_nutrient_pulsing_2005,wetland_management,creation,T3,"Mitsch et al. (2005). Creating riverine wetlands: Ecological succession, nutrient retention, and pulsing effects. Ecological Engineering.",10.1016/j.ecoleng.2005.04.014,https://openalex.org (title.search:'created wetland'),paywalled,paywalled (closed access); DOI not captured in discovery (OpenAlex budget exhausted before per-work fetch),Institutional access via CGIAR library,D591_Rural-Scan_NBS/2_Technical_&_Data/library/5_Wetlands_Constructed/creating_riverine_wetlands_nutrient_pulsing_2005.pdf,acquired,Namita-J,2026-08-06,"Screened-in stock source (T3 nutrient retention + flood pulsing). Namita-J to acquire PDF -> SharePoint library/wetland_management/; set SRC.library_path. Confirm DOI on retrieval. | web-searched 2026-08: no free copy (institutional); check ResearchGate manually. | DOI recovered 2026-09-29 from the DOI PRINTED ON the cached library PDF, then round-tripped through Crossref: resolved title matches the PDF text and the original citation (overlap 1.00); citation rebuilt from the Crossref record. Confirmed by PR review.",true,,
tropical_peatland_restoration_reduces_fire_2026,wetland_management,creation,T3,Salmayenti et al. (2026). Tropical Peatland Restoration Reduces Fire Occurrence. Geophysical Research Letters.,10.1029/2025GL121564,https://doi.org/10.1029/2025gl121564,oa,OA (Unpaywall:publisher),OA — browser/repository download (no institutional access needed),D591_Rural-Scan_NBS/2_Technical_&_Data/library/5_Wetlands_Constructed/tropical_peatland_restoration_reduces_fire_2026.pdf,acquired,Namita-J,2026-08-06,High-relevance F3 peat-fire T3 counterfactual. Namita-J to acquire -> SharePoint (PDF NOT in git). Check for AGU OA/accepted-manuscript version first. | OA via Unpaywall (publisher),true,,
ahlen_wetland_position_storage_flood_2022,wetland_management,creation,T3,Åhlén et al. (2022). Wetland position in the landscape: Impact on water storage and flood buffering. Ecohydrology.,10.1002/eco.2458,https://doi.org/10.1002/eco.2458,oa,OA (Unpaywall:publisher),OA — browser/repository download (no institutional access needed),D591_Rural-Scan_NBS/2_Technical_&_Data/library/5_Wetlands_Constructed/ahlen_wetland_position_storage_flood_2022.pdf,acquired,Namita-J,2026-08-06,"High-relevance T3 flood/water-storage + siting. Verify OA; if free, ingest directly (no queue). If paywalled, Namita-J acquire -> SharePoint. | OA via Unpaywall (publisher)",true,,
paludiculture_tropical_review_2020,wetland_management,creation,T6,Tan et al. (2021). Paludiculture as a sustainable land use alternative for tropical peatlands: A review. Science of The Total Environment.,10.1016/j.scitotenv.2020.142111,https://doi.org/10.1016/j.scitotenv.2020.142111,paywalled,"paywalled (Elsevier, closed OA status)",Institutional access via CGIAR library,D591_Rural-Scan_NBS/2_Technical_&_Data/library/5_Wetlands_Constructed/paludiculture_tropical_review_2020.pdf,duplicate,Namita-J,2026-08-06,"High value: tropical-peat LMIC review for T6 carbon+cost. Namita-J to source via institutional access or request; upload PDF to SharePoint library/wetland_management/, set SRC.library_path. Never commit PDF to git. | web-searched 2026-08: no free copy (institutional); check ResearchGate manually. | DUPLICATE of tan_paludiculture_tropical_review_2020 (identical verified DOI) — excluded from extraction.",true,tan_paludiculture_tropical_review_2020,
wl_creation_ag_biodiv_2009,wetland_management,creation,T6,Thiere et al. (2009). Wetland creation in agricultural landscapes: Biodiversity benefits on local and regional scales. Biological Conservation.,10.1016/j.biocon.2009.01.006,https://www.lunduniversity.lu.se/lup/publication/e026202a-32ab-4eef-a38b-db58dcf4c1d4,oa,OA (websearch:university-repo/med),OA — browser/repository download (no institutional access needed),D591_Rural-Scan_NBS/2_Technical_&_Data/library/5_Wetlands_Constructed/wl_creation_ag_biodiv_2009.pdf,acquired,Namita-J,2026-08-06,Core F2 creation-on-farmland biodiversity T6 source (205 cites). Namita-J institutional access; SharePoint + SRC.library_path. | free PDF via university-repo [med]: https://www.lunduniversity.lu.se/lup/publication/e026202a-32ab-4eef-a38b-db58dcf4c1d4,true,,
wet_optimal_location_created_mediterranean_2010,wetland_management,creation,T4,Moreno-Mateos et al. (2010). Optimal Location of Created and Restored Wetlands in Mediterranean Agricultural Catchments. Water Resources Management.,10.1007/s11269-009-9564-5,https://doi.org/10.1007/s11269-009-9564-5,oa,,OA — downloaded via Unpaywall/publisher OA route,D591_Rural-Scan_NBS/2_Technical_&_Data/library/5_Wetlands_Constructed/wet_optimal_location_created_mediterranean_2010.pdf,acquired,Namita-J,2026-09-29,"wetland creation discovery round 2026-09-29 (updated_lit, OpenAlex title-search, run wet_creation_disc_2026-09) | DOI round-tripped via Crossref; resolved title matches the downloaded PDF (overlap 1.0).",true,,
wet_constructed_suitability_sugarcane_2022,wetland_management,constructed,T4,"Canning et al. (2022). Constructed Wetlands Suitability for Sugarcane Profitability, Freshwater Biodiversity and Ecosystem Services. Environmental Management.",10.1007/s00267-022-01734-4,https://doi.org/10.1007/s00267-022-01734-4,oa,,OA — downloaded via Unpaywall/publisher OA route,D591_Rural-Scan_NBS/2_Technical_&_Data/library/5_Wetlands_Constructed/wet_constructed_suitability_sugarcane_2022.pdf,acquired,Namita-J,2026-09-29,"wetland creation discovery round 2026-09-29 (updated_lit, OpenAlex title-search, run wet_creation_disc_2026-09) | DOI round-tripped via Crossref; resolved title matches the downloaded PDF (overlap 0.89).",true,,
wet_potential_rf_gee_geomorph_brazil_2023,wetland_management,restoration_rewetting,T4,"Cunha et al. (2023). Classification of Potential Wetlands using the Random Forest in Google Earth Engine in Geomorphological Units - Rio Grande do Sul, Brazil. Revista Brasileira de Cartografia.",10.14393/rbcv75n0a-69753,https://doi.org/10.14393/rbcv75n0a-69753,oa,,OA — downloaded via Unpaywall/publisher OA route,D591_Rural-Scan_NBS/2_Technical_&_Data/library/5_Wetlands_Constructed/wet_potential_rf_gee_geomorph_brazil_2023.pdf,acquired,Namita-J,2026-09-29,"wetland creation discovery round 2026-09-29 (updated_lit, OpenAlex title-search, run wet_creation_disc_2026-09) | DOI round-tripped via Crossref; resolved title matches the downloaded PDF (overlap 1.0).",true,,
wet_potential_tiruchirappalli_india_2014,wetland_management,restoration_rewetting,T4,"Durai et al. (2014). Identification of potential wetlands in Tiruchirappalli District, Tamil Nadu, India. International Journal of Environment.",10.3126/ije.v3i1.9944,https://doi.org/10.3126/ije.v3i1.9944,oa,,OA — downloaded via Unpaywall/publisher OA route,D591_Rural-Scan_NBS/2_Technical_&_Data/library/5_Wetlands_Constructed/wet_potential_tiruchirappalli_india_2014.pdf,acquired,Namita-J,2026-09-29,"wetland creation discovery round 2026-09-29 (updated_lit, OpenAlex title-search, run wet_creation_disc_2026-09) | DOI round-tripped via Crossref; resolved title matches the downloaded PDF (overlap 1.0).",true,,
wet_potential_sites_ravenna_usgs_1999,wetland_management,restoration_rewetting,T4,"Schalk et al. (1999). Identification of potential wetlands in training areas on Ravenna Army Ammunition Plant, Ohio, and guidelines for their management. Open-File Report.",10.3133/ofr9968,https://doi.org/10.3133/ofr9968,oa,,OA — downloaded via Unpaywall/publisher OA route,D591_Rural-Scan_NBS/2_Technical_&_Data/library/5_Wetlands_Constructed/wet_potential_sites_ravenna_usgs_1999.pdf,acquired,Namita-J,2026-09-29,"wetland creation discovery round 2026-09-29 (updated_lit, OpenAlex title-search, run wet_creation_disc_2026-09) | DOI round-tripped via Crossref; resolved title matches the downloaded PDF (overlap 1.0).",true,,
wet_prioritizing_potential_knowledge_transfer_2024,wetland_management,restoration_rewetting,T4,wet_prioritizing_potential_knowledge_transfer_2024,,https://doi.org/10.48550/arxiv.2406.05578,oa,,OA — downloaded via Unpaywall/publisher OA route,D591_Rural-Scan_NBS/2_Technical_&_Data/library/5_Wetlands_Constructed/wet_prioritizing_potential_knowledge_transfer_2024.pdf,acquired,Namita-J,2026-09-29,"wetland creation discovery round 2026-09-29 (updated_lit, OpenAlex title-search, run wet_creation_disc_2026-09) | DataCite DOI (arXiv) not verifiable via Crossref - doi blanked, acquire/extract by title only after a human check.",,,true
wet_potential_topographic_index_brittany_2014,wetland_management,restoration_rewetting,T4,"Ariesty et al. (2014). Modelling of Potential Wetlands based on a Topographic Index in Brittany, France. Jurnal Keteknikan Pertanian.",10.19028/jtep.02.1.73-80,https://doi.org/10.19028/jtep.02.1.73-80,oa,,OA — downloaded via Unpaywall/publisher OA route,D591_Rural-Scan_NBS/2_Technical_&_Data/library/5_Wetlands_Constructed/wet_potential_topographic_index_brittany_2014.pdf,acquired,Namita-J,2026-09-29,"wetland creation discovery round 2026-09-29 (updated_lit, OpenAlex title-search, run wet_creation_disc_2026-09) | DOI round-tripped via Crossref; resolved title matches the downloaded PDF (overlap 1.0).",true,,
wet_catchment_es_suitability_ecoind_2017,wetland_management,restoration_rewetting,T4,"Odgaard et al. (2017). A multi-criteria, ecosystem-service value method used to assess catchment suitability for potential wetland reconstruction in Denmark. Ecological Indicators.",10.1016/j.ecolind.2016.12.001,https://doi.org/10.1016/j.ecolind.2016.12.001,oa,webfetch_403_bot_block,OA — browser download (no institutional access needed),D591_Rural-Scan_NBS/2_Technical_&_Data/library/5_Wetlands_Constructed/wet_catchment_es_suitability_ecoind_2017.pdf,pending,Namita-J,2026-09-29,"wetland creation discovery round 2026-09-29 (updated_lit, OpenAlex title-search, run wet_creation_disc_2026-09) | GOLD OPEN ACCESS but the publisher blocks automated download (Unpaywall + direct publisher PDF route both refused). NOT paywalled - open the DOI in a browser and save the PDF to target_library_path.",true,,
wet_potential_restoration_indicator_conus_2017,wetland_management,restoration_rewetting,T4,Horvath et al. (2017). Building a potential wetland restoration indicator for the contiguous United States. Ecological Indicators.,10.1016/j.ecolind.2017.07.026,https://doi.org/10.1016/j.ecolind.2017.07.026,oa,webfetch_403_bot_block,OA — browser download (no institutional access needed),D591_Rural-Scan_NBS/2_Technical_&_Data/library/5_Wetlands_Constructed/wet_potential_restoration_indicator_conus_2017.pdf,pending,Namita-J,2026-09-29,"wetland creation discovery round 2026-09-29 (updated_lit, OpenAlex title-search, run wet_creation_disc_2026-09) | GOLD OPEN ACCESS but the publisher blocks automated download (Unpaywall + direct publisher PDF route both refused). NOT paywalled - open the DOI in a browser and save the PDF to target_library_path.",true,,
wet_potential_wetlands_rf_bigdata_2023,wetland_management,restoration_rewetting,T4,Xiang et al. (2023). Mapping potential wetlands by a new framework method using random forest algorithm and big Earth data: A case study in China's Yangtze River Basin. Global Ecology and Conservation.,10.1016/j.gecco.2023.e02397,https://doi.org/10.1016/j.gecco.2023.e02397,oa,webfetch_403_bot_block,OA — browser download (no institutional access needed),D591_Rural-Scan_NBS/2_Technical_&_Data/library/5_Wetlands_Constructed/wet_potential_wetlands_rf_bigdata_2023.pdf,pending,Namita-J,2026-09-29,"wetland creation discovery round 2026-09-29 (updated_lit, OpenAlex title-search, run wet_creation_disc_2026-09) | GOLD OPEN ACCESS but the publisher blocks automated download (Unpaywall + direct publisher PDF route both refused). NOT paywalled - open the DOI in a browser and save the PDF to target_library_path.",true,,
wet_feasible_locations_lidar_suitability_2018,wetland_management,creation,T4,Uuemaa et al. (2018). Identifying Feasible Locations for Wetland Creation or Restoration in Catchments by Suitability Modelling Using Light Detection and Ranging (LiDAR) Digital Elevation Model (DEM). Water.,10.3390/w10040464,https://doi.org/10.3390/w10040464,oa,webfetch_403_bot_block,OA — browser download (no institutional access needed),D591_Rural-Scan_NBS/2_Technical_&_Data/library/5_Wetlands_Constructed/wet_feasible_locations_lidar_suitability_2018.pdf,pending,Namita-J,2026-09-29,"wetland creation discovery round 2026-09-29 (updated_lit, OpenAlex title-search, run wet_creation_disc_2026-09) | GOLD OPEN ACCESS but the publisher blocks automated download (Unpaywall + direct publisher PDF route both refused). NOT paywalled - open the DOI in a browser and save the PDF to target_library_path.",true,,
wet_mcda_suitability_index_ontario_2020,wetland_management,restoration_rewetting,T4,Medland et al. (2020). A multi-Criteria Wetland Suitability Index for Restoration across Ontario’s Mixedwood Plains. Sustainability.,10.3390/su12239953,https://doi.org/10.3390/su12239953,oa,webfetch_403_bot_block,OA — browser download (no institutional access needed),D591_Rural-Scan_NBS/2_Technical_&_Data/library/5_Wetlands_Constructed/wet_mcda_suitability_index_ontario_2020.pdf,pending,Namita-J,2026-09-29,"wetland creation discovery round 2026-09-29 (updated_lit, OpenAlex title-search, run wet_creation_disc_2026-09) | GOLD OPEN ACCESS but the publisher blocks automated download (Unpaywall + direct publisher PDF route both refused). NOT paywalled - open the DOI in a browser and save the PDF to target_library_path.",true,,
wet_potential_distribution_china_ml_2023,wetland_management,restoration_rewetting,T4,Xiang et al. (2023). Modeling potential wetland distributions in China based on geographic big data and machine learning algorithms. International Journal of Digital Earth.,10.1080/17538947.2023.2256723,https://doi.org/10.1080/17538947.2023.2256723,oa,webfetch_403_bot_block,OA — browser download (no institutional access needed),D591_Rural-Scan_NBS/2_Technical_&_Data/library/5_Wetlands_Constructed/wet_potential_distribution_china_ml_2023.pdf,pending,Namita-J,2026-09-29,"wetland creation discovery round 2026-09-29 (updated_lit, OpenAlex title-search, run wet_creation_disc_2026-09) | GOLD OPEN ACCESS but the publisher blocks automated download (Unpaywall + direct publisher PDF route both refused). NOT paywalled - open the DOI in a browser and save the PDF to target_library_path.",true,,
wet_rehabilitation_areas_multisource_china_2020,wetland_management,restoration_rewetting,T4,Qiu et al. (2020). Using Multisource Geospatial Data to Identify Potential Wetland Rehabilitation Areas: A Pilot Study in China’s Sanjiang Plain. Water.,10.3390/w12092496,https://doi.org/10.3390/w12092496,oa,webfetch_403_bot_block,OA — browser download (no institutional access needed),D591_Rural-Scan_NBS/2_Technical_&_Data/library/5_Wetlands_Constructed/wet_rehabilitation_areas_multisource_china_2020.pdf,pending,Namita-J,2026-09-29,"wetland creation discovery round 2026-09-29 (updated_lit, OpenAlex title-search, run wet_creation_disc_2026-09) | GOLD OPEN ACCESS but the publisher blocks automated download (Unpaywall + direct publisher PDF route both refused). NOT paywalled - open the DOI in a browser and save the PDF to target_library_path.",true,,
wet_global_potential_climate_ensemble_2025,wetland_management,restoration_rewetting,T4,Zhu et al. (2025). Simulation of the geographical distribution of global potential wetlands under climate change using an ensemble species distribution model. Global Ecology and Conservation.,10.1016/j.gecco.2025.e03862,https://doi.org/10.1016/j.gecco.2025.e03862,oa,webfetch_403_bot_block,OA — browser download (no institutional access needed),D591_Rural-Scan_NBS/2_Technical_&_Data/library/5_Wetlands_Constructed/wet_global_potential_climate_ensemble_2025.pdf,pending,Namita-J,2026-09-29,"wetland creation discovery round 2026-09-29 (updated_lit, OpenAlex title-search, run wet_creation_disc_2026-09) | GOLD OPEN ACCESS but the publisher blocks automated download (Unpaywall + direct publisher PDF route both refused). NOT paywalled - open the DOI in a browser and save the PDF to target_library_path.",true,,
wocat_1219_2014,water_harvesting_conservation,in_situ,T4,"WOCAT (2014). Zai or tassa planting pits. WOCAT SLM Technologies Database, Technology 1219 (Niger). Compiler: Dieter Nill.",,https://wocat.net/en/database/technologies/1219/,oa,,web (publisher: wocat.net),D591_Rural-Scan_NBS/2_Technical_&_Data/library/3_Water_Harvesting/wocat_1219_2014.pdf,acquired,Namita-J/Claude,2026-09-30,Round 2 (round2_grey_wocat_2026-09). WOCAT title search query 'zai'. PDF from wocat.net/en/database/technologies/1219/pdf/ (the legacy qcat /summary/<id>/ endpoint uses a DIFFERENT id scheme and returns the wrong sheet).,,,true
wocat_1587_2013,water_harvesting_conservation,in_situ,T4,"WOCAT (2013). Planting pits for soil fertilisation and moisture improvement. WOCAT SLM Technologies Database, Technology 1587 (Uganda). Compiler: Wilson Bamwerinde.",,https://wocat.net/en/database/technologies/1587/,oa,,web (publisher: wocat.net),D591_Rural-Scan_NBS/2_Technical_&_Data/library/3_Water_Harvesting/wocat_1587_2013.pdf,acquired,Namita-J/Claude,2026-09-30,Round 2 (round2_grey_wocat_2026-09). WOCAT title search query 'planting pits'. PDF from wocat.net/en/database/technologies/1587/pdf/ (the legacy qcat /summary/<id>/ endpoint uses a DIFFERENT id scheme and returns the wrong sheet).,,,true
wocat_1100_2011,water_harvesting_conservation,in_situ,T4,"WOCAT (2011). Planting pits and stone lines. WOCAT SLM Technologies Database, Technology 1100 (Niger). Compiler: Charles Bielders.",,https://wocat.net/en/database/technologies/1100/,oa,,web (publisher: wocat.net),D591_Rural-Scan_NBS/2_Technical_&_Data/library/3_Water_Harvesting/wocat_1100_2011.pdf,acquired,Namita-J/Claude,2026-09-30,Round 2 (round2_grey_wocat_2026-09). WOCAT title search query 'planting pits'. PDF from wocat.net/en/database/technologies/1100/pdf/ (the legacy qcat /summary/<id>/ endpoint uses a DIFFERENT id scheme and returns the wrong sheet).,,,true
wocat_959_2010,water_harvesting_conservation,in_situ,T4,"WOCAT (2010). Composting associated with planting pits. WOCAT SLM Technologies Database, Technology 959 (Burkina Faso). Compiler: Moussa Bonzi.",,https://wocat.net/en/database/technologies/959/,oa,,web (publisher: wocat.net),D591_Rural-Scan_NBS/2_Technical_&_Data/library/3_Water_Harvesting/wocat_959_2010.pdf,acquired,Namita-J/Claude,2026-09-30,Round 2 (round2_grey_wocat_2026-09). WOCAT title search query 'planting pits'. PDF from wocat.net/en/database/technologies/959/pdf/ (the legacy qcat /summary/<id>/ endpoint uses a DIFFERENT id scheme and returns the wrong sheet).,,,true
wocat_1652_2014,water_harvesting_conservation,in_situ,T4,"WOCAT (2014). Contour bunds for crops and forest/rangeland. WOCAT SLM Technologies Database, Technology 1652 (Niger). Compiler: Dieter Nill.",,https://wocat.net/en/database/technologies/1652/,oa,,web (publisher: wocat.net),D591_Rural-Scan_NBS/2_Technical_&_Data/library/3_Water_Harvesting/wocat_1652_2014.pdf,acquired,Namita-J/Claude,2026-09-30,Round 2 (round2_grey_wocat_2026-09). WOCAT title search query 'contour bunds'. PDF from wocat.net/en/database/technologies/1652/pdf/ (the legacy qcat /summary/<id>/ endpoint uses a DIFFERENT id scheme and returns the wrong sheet).,,,true
wocat_968_2011,water_harvesting_conservation,in_situ,T4,"WOCAT (2011). Water Harvesting & Basin tillage. WOCAT SLM Technologies Database, Technology 968 (South Africa). Compiler: Cobus Botha.",,https://wocat.net/en/database/technologies/968/,oa,,web (publisher: wocat.net),D591_Rural-Scan_NBS/2_Technical_&_Data/library/3_Water_Harvesting/wocat_968_2011.pdf,acquired,Namita-J/Claude,2026-09-30,Round 2 (round2_grey_wocat_2026-09). WOCAT title search query 'basin tillage'. PDF from wocat.net/en/database/technologies/968/pdf/ (the legacy qcat /summary/<id>/ endpoint uses a DIFFERENT id scheme and returns the wrong sheet).,,,true
wocat_1139_2013,water_harvesting_conservation,in_situ,T4,"WOCAT (2013). Conservation Tillage with Magoye Ripper. WOCAT SLM Technologies Database, Technology 1139 (Zambia). Compiler: Silenga Wamunyima.",,https://wocat.net/en/database/technologies/1139/,oa,,web (publisher: wocat.net),D591_Rural-Scan_NBS/2_Technical_&_Data/library/3_Water_Harvesting/wocat_1139_2013.pdf,acquired,Namita-J/Claude,2026-09-30,Round 2 (round2_grey_wocat_2026-09). WOCAT title search query 'conservation tillage'. PDF from wocat.net/en/database/technologies/1139/pdf/ (the legacy qcat /summary/<id>/ endpoint uses a DIFFERENT id scheme and returns the wrong sheet).,,,true
wocat_1021_2011,water_harvesting_conservation,in_situ,T4,"WOCAT (2011). Conservation Tillage Practices for Corn Production. WOCAT SLM Technologies Database, Technology 1021 (Philippines). Compiler: Philippine Overview of Conservation.",,https://wocat.net/en/database/technologies/1021/,oa,,web (publisher: wocat.net),D591_Rural-Scan_NBS/2_Technical_&_Data/library/3_Water_Harvesting/wocat_1021_2011.pdf,acquired,Namita-J/Claude,2026-09-30,Round 2 (round2_grey_wocat_2026-09). WOCAT title search query 'conservation tillage'. PDF from wocat.net/en/database/technologies/1021/pdf/ (the legacy qcat /summary/<id>/ endpoint uses a DIFFERENT id scheme and returns the wrong sheet).,,,true
wocat_941_2010,water_harvesting_conservation,in_situ,T4,"WOCAT (2010). Conservation Tillage for large-scale cereal production, Kisima, Kenya. WOCAT SLM Technologies Database, Technology 941 (Kenya). Compiler: Kithinji Mutunga.",,https://wocat.net/en/database/technologies/941/,oa,,web (publisher: wocat.net),D591_Rural-Scan_NBS/2_Technical_&_Data/library/3_Water_Harvesting/wocat_941_2010.pdf,acquired,Namita-J/Claude,2026-09-30,Round 2 (round2_grey_wocat_2026-09). WOCAT title search query 'conservation tillage'. PDF from wocat.net/en/database/technologies/941/pdf/ (the legacy qcat /summary/<id>/ endpoint uses a DIFFERENT id scheme and returns the wrong sheet).,,,true
wocat_940_2010,water_harvesting_conservation,in_situ,T4,"WOCAT (2010). Small-scale conservation tillage. WOCAT SLM Technologies Database, Technology 940 (Kenya). Compiler: Frederick I. Kihara.",,https://wocat.net/en/database/technologies/940/,oa,,web (publisher: wocat.net),D591_Rural-Scan_NBS/2_Technical_&_Data/library/3_Water_Harvesting/wocat_940_2010.pdf,acquired,Namita-J/Claude,2026-09-30,Round 2 (round2_grey_wocat_2026-09). WOCAT title search query 'conservation tillage'. PDF from wocat.net/en/database/technologies/940/pdf/ (the legacy qcat /summary/<id>/ endpoint uses a DIFFERENT id scheme and returns the wrong sheet).,,,true
wocat_1614_2014,water_harvesting_conservation,micro_catchment,T4,"WOCAT (2014). Semi-circular bunds (for crops and forest/rangeland). WOCAT SLM Technologies Database, Technology 1614 (Niger). Compiler: Dieter Nill.",,https://wocat.net/en/database/technologies/1614/,oa,,web (publisher: wocat.net),D591_Rural-Scan_NBS/2_Technical_&_Data/library/3_Water_Harvesting/wocat_1614_2014.pdf,acquired,Namita-J/Claude,2026-09-30,Round 2 (round2_grey_wocat_2026-09). WOCAT title search query 'semi-circular bunds'. PDF from wocat.net/en/database/technologies/1614/pdf/ (the legacy qcat /summary/<id>/ endpoint uses a DIFFERENT id scheme and returns the wrong sheet).,,,true
wocat_2895_2017,water_harvesting_conservation,micro_catchment,T4,"WOCAT (2017). Micro-catchments for rainwater harvesting. WOCAT SLM Technologies Database, Technology 2895 (Kenya). Compiler: Kevin Mganga.",,https://wocat.net/en/database/technologies/2895/,oa,,web (publisher: wocat.net),D591_Rural-Scan_NBS/2_Technical_&_Data/library/3_Water_Harvesting/wocat_2895_2017.pdf,acquired,Namita-J/Claude,2026-09-30,Round 2 (round2_grey_wocat_2026-09). WOCAT title search query 'micro-catchment'. PDF from wocat.net/en/database/technologies/2895/pdf/ (the legacy qcat /summary/<id>/ endpoint uses a DIFFERENT id scheme and returns the wrong sheet).,,,true
wocat_5860_2021,water_harvesting_conservation,micro_catchment,T4,"WOCAT (2021). Mechanized micro water harvesting through ‘Vallerani’ tractor plough for central Jordanian Badia. WOCAT SLM Technologies Database, Technology 5860 (Jordan). Compiler: Mira Haddad.",,https://wocat.net/en/database/technologies/5860/,oa,,web (publisher: wocat.net),D591_Rural-Scan_NBS/2_Technical_&_Data/library/3_Water_Harvesting/wocat_5860_2021.pdf,acquired,Namita-J/Claude,2026-09-30,Round 2 (round2_grey_wocat_2026-09). WOCAT title search query 'vallerani'. PDF from wocat.net/en/database/technologies/5860/pdf/ (the legacy qcat /summary/<id>/ endpoint uses a DIFFERENT id scheme and returns the wrong sheet).,,,true
wocat_1528_2012,water_harvesting_conservation,micro_catchment,T4,"WOCAT (2012). Vallerani System. WOCAT SLM Technologies Database, Technology 1528 (Burkina Faso). Compiler: Sabina Galli Vallerani.",,https://wocat.net/en/database/technologies/1528/,oa,,web (publisher: wocat.net),D591_Rural-Scan_NBS/2_Technical_&_Data/library/3_Water_Harvesting/wocat_1528_2012.pdf,acquired,Namita-J/Claude,2026-09-30,Round 2 (round2_grey_wocat_2026-09). WOCAT title search query 'vallerani'. PDF from wocat.net/en/database/technologies/1528/pdf/ (the legacy qcat /summary/<id>/ endpoint uses a DIFFERENT id scheme and returns the wrong sheet).,,,true
wocat_1613_2014,water_harvesting_conservation,micro_catchment,T4,"WOCAT (2014). Nardi/Vallerani trenches. WOCAT SLM Technologies Database, Technology 1613 (Niger). Compiler: Dieter Nill.",,https://wocat.net/en/database/technologies/1613/,oa,,web (publisher: wocat.net),D591_Rural-Scan_NBS/2_Technical_&_Data/library/3_Water_Harvesting/wocat_1613_2014.pdf,acquired,Namita-J/Claude,2026-09-30,Round 2 (round2_grey_wocat_2026-09). WOCAT title search query 'vallerani'. PDF from wocat.net/en/database/technologies/1613/pdf/ (the legacy qcat /summary/<id>/ endpoint uses a DIFFERENT id scheme and returns the wrong sheet).,,,true
wocat_1474_2011,water_harvesting_conservation,runoff_catchment,T4,"WOCAT (2011). Farm pond. WOCAT SLM Technologies Database, Technology 1474 (India). Compiler: Channabasappa Metri.",,https://wocat.net/en/database/technologies/1474/,oa,,web (publisher: wocat.net),D591_Rural-Scan_NBS/2_Technical_&_Data/library/3_Water_Harvesting/wocat_1474_2011.pdf,acquired,Namita-J/Claude,2026-09-30,Round 2 (round2_grey_wocat_2026-09). WOCAT title search query 'farm pond'. PDF from wocat.net/en/database/technologies/1474/pdf/ (the legacy qcat /summary/<id>/ endpoint uses a DIFFERENT id scheme and returns the wrong sheet).,,,true
wocat_2844_2017,water_harvesting_conservation,runoff_catchment,T4,"WOCAT (2017). On-farm ponds to alleviate the potential impact of seasonal droughts and for increasing crop cultivation and aquaculture. WOCAT SLM Technologies Database, Technology 2844 (Cambodia). Compiler: Nary Lay.",,https://wocat.net/en/database/technologies/2844/,oa,,web (publisher: wocat.net),D591_Rural-Scan_NBS/2_Technical_&_Data/library/3_Water_Harvesting/wocat_2844_2017.pdf,acquired,Namita-J/Claude,2026-09-30,Round 2 (round2_grey_wocat_2026-09). WOCAT title search query 'farm pond'. PDF from wocat.net/en/database/technologies/2844/pdf/ (the legacy qcat /summary/<id>/ endpoint uses a DIFFERENT id scheme and returns the wrong sheet).,,,true
wocat_7778_2026,water_harvesting_conservation,runoff_catchment,T4,"WOCAT (2026). Integrated Land Management for Gully Erosion Control through Gabions and Rock Check Dams in Guri Gaab Village. WOCAT SLM Technologies Database, Technology 7778 (Somalia). Compiler: ABDULLAHI ABDULKADIR.",,https://wocat.net/en/database/technologies/7778/,oa,,web (publisher: wocat.net),D591_Rural-Scan_NBS/2_Technical_&_Data/library/3_Water_Harvesting/wocat_7778_2026.pdf,acquired,Namita-J/Claude,2026-09-30,Round 2 (round2_grey_wocat_2026-09). WOCAT title search query 'check dam'. PDF from wocat.net/en/database/technologies/7778/pdf/ (the legacy qcat /summary/<id>/ endpoint uses a DIFFERENT id scheme and returns the wrong sheet).,,,true
wocat_6716_2023,water_harvesting_conservation,runoff_catchment,T4,"WOCAT (2023). Double Basin Masonry Check Dam. WOCAT SLM Technologies Database, Technology 6716 (Ethiopia). Compiler: GERBA LETA.",,https://wocat.net/en/database/technologies/6716/,oa,,web (publisher: wocat.net),D591_Rural-Scan_NBS/2_Technical_&_Data/library/3_Water_Harvesting/wocat_6716_2023.pdf,acquired,Namita-J/Claude,2026-09-30,Round 2 (round2_grey_wocat_2026-09). WOCAT title search query 'check dam'. PDF from wocat.net/en/database/technologies/6716/pdf/ (the legacy qcat /summary/<id>/ endpoint uses a DIFFERENT id scheme and returns the wrong sheet).,,,true
wocat_6478_2022,water_harvesting_conservation,runoff_catchment,T4,"WOCAT (2022). Employing Fascines (Vegetative Check Dams) in Land Management. WOCAT SLM Technologies Database, Technology 6478 (Madagascar). Compiler: Harifidy RAKOTO RATSIMBA.",,https://wocat.net/en/database/technologies/6478/,oa,,web (publisher: wocat.net),D591_Rural-Scan_NBS/2_Technical_&_Data/library/3_Water_Harvesting/wocat_6478_2022.pdf,acquired,Namita-J/Claude,2026-09-30,Round 2 (round2_grey_wocat_2026-09). WOCAT title search query 'check dam'. PDF from wocat.net/en/database/technologies/6478/pdf/ (the legacy qcat /summary/<id>/ endpoint uses a DIFFERENT id scheme and returns the wrong sheet).,,,true
wocat_5210_2019,water_harvesting_conservation,runoff_catchment,T4,"WOCAT (2019). Stone Check Walls and Check Dams for Soil and Water Conservation. WOCAT SLM Technologies Database, Technology 5210 (India). Compiler: Jaclyn Bandy.",,https://wocat.net/en/database/technologies/5210/,oa,,web (publisher: wocat.net),D591_Rural-Scan_NBS/2_Technical_&_Data/library/3_Water_Harvesting/wocat_5210_2019.pdf,acquired,Namita-J/Claude,2026-09-30,Round 2 (round2_grey_wocat_2026-09). WOCAT title search query 'check dam'. PDF from wocat.net/en/database/technologies/5210/pdf/ (the legacy qcat /summary/<id>/ endpoint uses a DIFFERENT id scheme and returns the wrong sheet).,,,true
wocat_1547_2012,water_harvesting_conservation,runoff_catchment,T4,"WOCAT (2012). Check dam ponds. WOCAT SLM Technologies Database, Technology 1547 (Ethiopia). Compiler: Eyasu Yazew.",,https://wocat.net/en/database/technologies/1547/,oa,,web (publisher: wocat.net),D591_Rural-Scan_NBS/2_Technical_&_Data/library/3_Water_Harvesting/wocat_1547_2012.pdf,acquired,Namita-J/Claude,2026-09-30,Round 2 (round2_grey_wocat_2026-09). WOCAT title search query 'check dam'. PDF from wocat.net/en/database/technologies/1547/pdf/ (the legacy qcat /summary/<id>/ endpoint uses a DIFFERENT id scheme and returns the wrong sheet).,,,true
wocat_1455_2011,water_harvesting_conservation,runoff_catchment,T4,"WOCAT (2011). Check dam for land. WOCAT SLM Technologies Database, Technology 1455 (China). Compiler: Fei WANG.",,https://wocat.net/en/database/technologies/1455/,oa,,web (publisher: wocat.net),D591_Rural-Scan_NBS/2_Technical_&_Data/library/3_Water_Harvesting/wocat_1455_2011.pdf,acquired,Namita-J/Claude,2026-09-30,Round 2 (round2_grey_wocat_2026-09). WOCAT title search query 'check dam'. PDF from wocat.net/en/database/technologies/1455/pdf/ (the legacy qcat /summary/<id>/ endpoint uses a DIFFERENT id scheme and returns the wrong sheet).,,,true
wocat_1400_2011,water_harvesting_conservation,runoff_catchment,T4,"WOCAT (2011). Gabion check dam. WOCAT SLM Technologies Database, Technology 1400 (Tunisia). Compiler: Mongi Ben Zaied.",,https://wocat.net/en/database/technologies/1400/,oa,,web (publisher: wocat.net),D591_Rural-Scan_NBS/2_Technical_&_Data/library/3_Water_Harvesting/wocat_1400_2011.pdf,acquired,Namita-J/Claude,2026-09-30,Round 2 (round2_grey_wocat_2026-09). WOCAT title search query 'check dam'. PDF from wocat.net/en/database/technologies/1400/pdf/ (the legacy qcat /summary/<id>/ endpoint uses a DIFFERENT id scheme and returns the wrong sheet).,,,true
wocat_1719_2011,water_harvesting_conservation,runoff_catchment,T4,"WOCAT (2011). Check dams from stem cuttings. WOCAT SLM Technologies Database, Technology 1719 (Nicaragua). Compiler: Mathias Gurtner.",,https://wocat.net/en/database/technologies/1719/,oa,,web (publisher: wocat.net),D591_Rural-Scan_NBS/2_Technical_&_Data/library/3_Water_Harvesting/wocat_1719_2011.pdf,acquired,Namita-J/Claude,2026-09-30,Round 2 (round2_grey_wocat_2026-09). WOCAT title search query 'check dam'. PDF from wocat.net/en/database/technologies/1719/pdf/ (the legacy qcat /summary/<id>/ endpoint uses a DIFFERENT id scheme and returns the wrong sheet).,,,true
wocat_1493_2011,water_harvesting_conservation,runoff_catchment,T4,"WOCAT (2011). Gully plugging using check dams. WOCAT SLM Technologies Database, Technology 1493 (Nepal). Compiler: Nicole Guedel.",,https://wocat.net/en/database/technologies/1493/,oa,,web (publisher: wocat.net),D591_Rural-Scan_NBS/2_Technical_&_Data/library/3_Water_Harvesting/wocat_1493_2011.pdf,acquired,Namita-J/Claude,2026-09-30,Round 2 (round2_grey_wocat_2026-09). WOCAT title search query 'check dam'. PDF from wocat.net/en/database/technologies/1493/pdf/ (the legacy qcat /summary/<id>/ endpoint uses a DIFFERENT id scheme and returns the wrong sheet).,,,true
wocat_1486_2011,water_harvesting_conservation,runoff_catchment,T4,"WOCAT (2011). Kitui Sand dams. WOCAT SLM Technologies Database, Technology 1486 (Kenya). Compiler: Unknown User.",,https://wocat.net/en/database/technologies/1486/,oa,,web (publisher: wocat.net),D591_Rural-Scan_NBS/2_Technical_&_Data/library/3_Water_Harvesting/wocat_1486_2011.pdf,acquired,Namita-J/Claude,2026-09-30,Round 2 (round2_grey_wocat_2026-09). WOCAT title search query 'sand dam'. PDF from wocat.net/en/database/technologies/1486/pdf/ (the legacy qcat /summary/<id>/ endpoint uses a DIFFERENT id scheme and returns the wrong sheet).,,,true
wocat_1537_2012,water_harvesting_conservation,runoff_catchment,T4,"WOCAT (2012). Sand dams. WOCAT SLM Technologies Database, Technology 1537 (Kenya). Compiler: Ian Neal.",,https://wocat.net/en/database/technologies/1537/,oa,,web (publisher: wocat.net),D591_Rural-Scan_NBS/2_Technical_&_Data/library/3_Water_Harvesting/wocat_1537_2012.pdf,acquired,Namita-J/Claude,2026-09-30,Round 2 (round2_grey_wocat_2026-09). WOCAT title search query 'sand dam'. PDF from wocat.net/en/database/technologies/1537/pdf/ (the legacy qcat /summary/<id>/ endpoint uses a DIFFERENT id scheme and returns the wrong sheet).,,,true
wocat_1005_2011,water_harvesting_conservation,runoff_catchment,T4,"WOCAT (2011). Furrow-enhanced runoff harvesting for olives. WOCAT SLM Technologies Database, Technology 1005 (Syria). Compiler: Francis Turkelboom.",,https://wocat.net/en/database/technologies/1005/,oa,,web (publisher: wocat.net),D591_Rural-Scan_NBS/2_Technical_&_Data/library/3_Water_Harvesting/wocat_1005_2011.pdf,acquired,Namita-J/Claude,2026-09-30,Round 2 (round2_grey_wocat_2026-09). WOCAT title search query 'runoff harvesting'. PDF from wocat.net/en/database/technologies/1005/pdf/ (the legacy qcat /summary/<id>/ endpoint uses a DIFFERENT id scheme and returns the wrong sheet).,,,true
wocat_7777_2026,water_harvesting_conservation,runoff_catchment,T4,"WOCAT (2026). Kaluun-Dacar Water Harvesting Haffir. WOCAT SLM Technologies Database, Technology 7777 (Somalia). Compiler: Abdulkadir Ali Mohamed.",,https://wocat.net/en/database/technologies/7777/,oa,,web (publisher: wocat.net),D591_Rural-Scan_NBS/2_Technical_&_Data/library/3_Water_Harvesting/wocat_7777_2026.pdf,acquired,Namita-J/Claude,2026-09-30,Round 2 (round2_grey_wocat_2026-09). WOCAT title search query 'haffir'. PDF from wocat.net/en/database/technologies/7777/pdf/ (the legacy qcat /summary/<id>/ endpoint uses a DIFFERENT id scheme and returns the wrong sheet).,,,true
wocat_3223_2017,water_harvesting_conservation,terracing,T4,"WOCAT (2017). Progressive bench terraces formed by a vetiver hedge system and trees. WOCAT SLM Technologies Database, Technology 3223 (Haiti). Compiler: Joana Eichenberger.",,https://wocat.net/en/database/technologies/3223/,oa,,web (publisher: wocat.net),D591_Rural-Scan_NBS/2_Technical_&_Data/library/3_Water_Harvesting/wocat_3223_2017.pdf,acquired,Namita-J/Claude,2026-09-30,Round 2 (round2_grey_wocat_2026-09). WOCAT title search query 'bench terrace'. PDF from wocat.net/en/database/technologies/3223/pdf/ (the legacy qcat /summary/<id>/ endpoint uses a DIFFERENT id scheme and returns the wrong sheet).,,,true
wocat_4284_2018,water_harvesting_conservation,terracing,T4,"WOCAT (2018). Soil Conservation Through Bench Terrace Technology in Highly Degradable Hilly Slopy Areas of Bangladesh. WOCAT SLM Technologies Database, Technology 4284 (Bangladesh). Compiler: Md Babul Hossain.",,https://wocat.net/en/database/technologies/4284/,oa,,web (publisher: wocat.net),D591_Rural-Scan_NBS/2_Technical_&_Data/library/3_Water_Harvesting/wocat_4284_2018.pdf,acquired,Namita-J/Claude,2026-09-30,Round 2 (round2_grey_wocat_2026-09). WOCAT title search query 'bench terrace'. PDF from wocat.net/en/database/technologies/4284/pdf/ (the legacy qcat /summary/<id>/ endpoint uses a DIFFERENT id scheme and returns the wrong sheet).,,,true
wocat_1560_2013,water_harvesting_conservation,terracing,T4,"WOCAT (2013). Bench terraces covered with small stones. WOCAT SLM Technologies Database, Technology 1560 (Yemen). Compiler: ahmed algalal.",,https://wocat.net/en/database/technologies/1560/,oa,,web (publisher: wocat.net),D591_Rural-Scan_NBS/2_Technical_&_Data/library/3_Water_Harvesting/wocat_1560_2013.pdf,acquired,Namita-J/Claude,2026-09-30,Round 2 (round2_grey_wocat_2026-09). WOCAT title search query 'bench terrace'. PDF from wocat.net/en/database/technologies/1560/pdf/ (the legacy qcat /summary/<id>/ endpoint uses a DIFFERENT id scheme and returns the wrong sheet).,,,true
wocat_1522_2010,water_harvesting_conservation,terracing,T4,"WOCAT (2010). Progressive bench terrace. WOCAT SLM Technologies Database, Technology 1522 (China). Compiler: Fei WANG.",,https://wocat.net/en/database/technologies/1522/,oa,,web (publisher: wocat.net),D591_Rural-Scan_NBS/2_Technical_&_Data/library/3_Water_Harvesting/wocat_1522_2010.pdf,acquired,Namita-J/Claude,2026-09-30,Round 2 (round2_grey_wocat_2026-09). WOCAT title search query 'bench terrace'. PDF from wocat.net/en/database/technologies/1522/pdf/ (the legacy qcat /summary/<id>/ endpoint uses a DIFFERENT id scheme and returns the wrong sheet).,,,true
wocat_4281_2018,water_harvesting_conservation,terracing,T4,"WOCAT (2018). Continuous bench terrace in high sloping area for tea plantation. WOCAT SLM Technologies Database, Technology 4281 (Thailand). Compiler: Pitayakon Limtong.",,https://wocat.net/en/database/technologies/4281/,oa,,web (publisher: wocat.net),D591_Rural-Scan_NBS/2_Technical_&_Data/library/3_Water_Harvesting/wocat_4281_2018.pdf,acquired,Namita-J/Claude,2026-09-30,Round 2 (round2_grey_wocat_2026-09). WOCAT title search query 'bench terrace'. PDF from wocat.net/en/database/technologies/4281/pdf/ (the legacy qcat /summary/<id>/ endpoint uses a DIFFERENT id scheme and returns the wrong sheet).,,,true
wocat_6891_2023,water_harvesting_conservation,terracing,T4,"WOCAT (2023). Contour Stone Bunds. WOCAT SLM Technologies Database, Technology 6891 (Bhutan). Compiler: Editors.",,https://wocat.net/en/database/technologies/6891/,oa,,web (publisher: wocat.net),D591_Rural-Scan_NBS/2_Technical_&_Data/library/3_Water_Harvesting/wocat_6891_2023.pdf,acquired,Namita-J/Claude,2026-09-30,Round 2 (round2_grey_wocat_2026-09). WOCAT title search query 'stone bunds'. PDF from wocat.net/en/database/technologies/6891/pdf/ (the legacy qcat /summary/<id>/ endpoint uses a DIFFERENT id scheme and returns the wrong sheet).,,,true
wocat_6729_2023,water_harvesting_conservation,terracing,T4,"WOCAT (2023). Vegetation of contour stone bunds using herbaceous species. WOCAT SLM Technologies Database, Technology 6729 (Burkina Faso). Compiler: Moussa ABOU.",,https://wocat.net/en/database/technologies/6729/,oa,,web (publisher: wocat.net),D591_Rural-Scan_NBS/2_Technical_&_Data/library/3_Water_Harvesting/wocat_6729_2023.pdf,acquired,Namita-J/Claude,2026-09-30,Round 2 (round2_grey_wocat_2026-09). WOCAT title search query 'stone bunds'. PDF from wocat.net/en/database/technologies/6729/pdf/ (the legacy qcat /summary/<id>/ endpoint uses a DIFFERENT id scheme and returns the wrong sheet).,,,true
wocat_1546_2012,water_harvesting_conservation,terracing,T4,"WOCAT (2012). Large semi circular stone bunds. WOCAT SLM Technologies Database, Technology 1546 (Ethiopia). Compiler: Eyasu Yazew.",,https://wocat.net/en/database/technologies/1546/,oa,,web (publisher: wocat.net),D591_Rural-Scan_NBS/2_Technical_&_Data/library/3_Water_Harvesting/wocat_1546_2012.pdf,acquired,Namita-J/Claude,2026-09-30,Round 2 (round2_grey_wocat_2026-09). WOCAT title search query 'stone bunds'. PDF from wocat.net/en/database/technologies/1546/pdf/ (the legacy qcat /summary/<id>/ endpoint uses a DIFFERENT id scheme and returns the wrong sheet).,,,true
wocat_1616_2014,water_harvesting_conservation,terracing,T4,"WOCAT (2014). Contour stone bunds. WOCAT SLM Technologies Database, Technology 1616 (Niger). Compiler: Dieter Nill.",,https://wocat.net/en/database/technologies/1616/,oa,,web (publisher: wocat.net),D591_Rural-Scan_NBS/2_Technical_&_Data/library/3_Water_Harvesting/wocat_1616_2014.pdf,acquired,Namita-J/Claude,2026-09-30,Round 2 (round2_grey_wocat_2026-09). WOCAT title search query 'stone bunds'. PDF from wocat.net/en/database/technologies/1616/pdf/ (the legacy qcat /summary/<id>/ endpoint uses a DIFFERENT id scheme and returns the wrong sheet).,,,true
wocat_6610_2022,water_harvesting_conservation,terracing,T4,"WOCAT (2022). Stone Lines. WOCAT SLM Technologies Database, Technology 6610 (Tunisia). Compiler: Wafa Saidi.",,https://wocat.net/en/database/technologies/6610/,oa,,web (publisher: wocat.net),D591_Rural-Scan_NBS/2_Technical_&_Data/library/3_Water_Harvesting/wocat_6610_2022.pdf,acquired,Namita-J/Claude,2026-09-30,Round 2 (round2_grey_wocat_2026-09). WOCAT title search query 'stone lines'. PDF from wocat.net/en/database/technologies/6610/pdf/ (the legacy qcat /summary/<id>/ endpoint uses a DIFFERENT id scheme and returns the wrong sheet).,,,true
wocat_1589_2013,water_harvesting_conservation,terracing,T4,"WOCAT (2013). Stone lines. WOCAT SLM Technologies Database, Technology 1589 (Uganda). Compiler: Wilson Bamwerinde.",,https://wocat.net/en/database/technologies/1589/,oa,,web (publisher: wocat.net),D591_Rural-Scan_NBS/2_Technical_&_Data/library/3_Water_Harvesting/wocat_1589_2013.pdf,acquired,Namita-J/Claude,2026-09-30,Round 2 (round2_grey_wocat_2026-09). WOCAT title search query 'stone lines'. PDF from wocat.net/en/database/technologies/1589/pdf/ (the legacy qcat /summary/<id>/ endpoint uses a DIFFERENT id scheme and returns the wrong sheet).,,,true
wocat_7553_2025,water_harvesting_conservation,terracing,T4,"WOCAT (2025). Gradoni Orchard Terraces. WOCAT SLM Technologies Database, Technology 7553 (Uzbekistan). Compiler: Joren Verbist.",,https://wocat.net/en/database/technologies/7553/,oa,,web (publisher: wocat.net),D591_Rural-Scan_NBS/2_Technical_&_Data/library/3_Water_Harvesting/wocat_7553_2025.pdf,acquired,Namita-J/Claude,2026-09-30,Round 2 (round2_grey_wocat_2026-09). WOCAT title search query 'terraces'. PDF from wocat.net/en/database/technologies/7553/pdf/ (the legacy qcat /summary/<id>/ endpoint uses a DIFFERENT id scheme and returns the wrong sheet).,,,true
wocat_1553_2012,water_harvesting_conservation,terracing,T4,"WOCAT (2012). Radical Terraces. WOCAT SLM Technologies Database, Technology 1553 (Rwanda). Compiler: Desire Kagabo.",,https://wocat.net/en/database/technologies/1553/,oa,,web (publisher: wocat.net),D591_Rural-Scan_NBS/2_Technical_&_Data/library/3_Water_Harvesting/wocat_1553_2012.pdf,acquired,Namita-J/Claude,2026-09-30,Round 2 (round2_grey_wocat_2026-09). WOCAT title search query 'terraces'. PDF from wocat.net/en/database/technologies/1553/pdf/ (the legacy qcat /summary/<id>/ endpoint uses a DIFFERENT id scheme and returns the wrong sheet).,,,true
wocat_1506_2011,water_harvesting_conservation,terracing,T4,"WOCAT (2011). Rehabilitation of ancient terraces. WOCAT SLM Technologies Database, Technology 1506 (Peru). Compiler: Unknown User.",,https://wocat.net/en/database/technologies/1506/,oa,,web (publisher: wocat.net),D591_Rural-Scan_NBS/2_Technical_&_Data/library/3_Water_Harvesting/wocat_1506_2011.pdf,acquired,Namita-J/Claude,2026-09-30,Round 2 (round2_grey_wocat_2026-09). WOCAT title search query 'terraces'. PDF from wocat.net/en/database/technologies/1506/pdf/ (the legacy qcat /summary/<id>/ endpoint uses a DIFFERENT id scheme and returns the wrong sheet).,,,true
wocat_1573_2013,water_harvesting_conservation,terracing,T4,"WOCAT (2013). Reforced terraces for stone walls. WOCAT SLM Technologies Database, Technology 1573 (Cabo Verde). Compiler: Jacques Tavares.",,https://wocat.net/en/database/technologies/1573/,oa,,web (publisher: wocat.net),D591_Rural-Scan_NBS/2_Technical_&_Data/library/3_Water_Harvesting/wocat_1573_2013.pdf,acquired,Namita-J/Claude,2026-09-30,Round 2 (round2_grey_wocat_2026-09). WOCAT title search query 'terraces'. PDF from wocat.net/en/database/technologies/1573/pdf/ (the legacy qcat /summary/<id>/ endpoint uses a DIFFERENT id scheme and returns the wrong sheet).,,,true
wocat_1595_2013,water_harvesting_conservation,rooftop,T4,"WOCAT (2013). Rubagano rooftop rainwater harvesting system (with concrete/brick tank). WOCAT SLM Technologies Database, Technology 1595 (Uganda). Compiler: Wilson Bamwerinde.",,https://wocat.net/en/database/technologies/1595/,oa,,web (publisher: wocat.net),D591_Rural-Scan_NBS/2_Technical_&_Data/library/3_Water_Harvesting/wocat_1595_2013.pdf,acquired,Namita-J/Claude,2026-09-30,Round 2 (round2_grey_wocat_2026-09). WOCAT title search query 'rooftop rainwater'. PDF from wocat.net/en/database/technologies/1595/pdf/ (the legacy qcat /summary/<id>/ endpoint uses a DIFFERENT id scheme and returns the wrong sheet).,,,true
wocat_1497_2011,water_harvesting_conservation,rooftop,T4,"WOCAT (2011). Rooftop rainwater harvesting system. WOCAT SLM Technologies Database, Technology 1497 (Nepal). Compiler: Madhav Dhakal.",,https://wocat.net/en/database/technologies/1497/,oa,,web (publisher: wocat.net),D591_Rural-Scan_NBS/2_Technical_&_Data/library/3_Water_Harvesting/wocat_1497_2011.pdf,acquired,Namita-J/Claude,2026-09-30,Round 2 (round2_grey_wocat_2026-09). WOCAT title search query 'rooftop rainwater'. PDF from wocat.net/en/database/technologies/1497/pdf/ (the legacy qcat /summary/<id>/ endpoint uses a DIFFERENT id scheme and returns the wrong sheet).,,,true
wocat_1333_2010,water_harvesting_conservation,spate,T4,"WOCAT (2010). Spate Irrigation. WOCAT SLM Technologies Database, Technology 1333 (Eritrea). Compiler: Unknown User.",,https://wocat.net/en/database/technologies/1333/,oa,,web (publisher: wocat.net),D591_Rural-Scan_NBS/2_Technical_&_Data/library/3_Water_Harvesting/wocat_1333_2010.pdf,acquired,Namita-J/Claude,2026-09-30,Round 2 (round2_grey_wocat_2026-09). WOCAT title search query 'spate irrigation'. PDF from wocat.net/en/database/technologies/1333/pdf/ (the legacy qcat /summary/<id>/ endpoint uses a DIFFERENT id scheme and returns the wrong sheet).,,,true
wocat_6715_2023,water_harvesting_conservation,spate,T4,"WOCAT (2023). Water Spreading Weirs. WOCAT SLM Technologies Database, Technology 6715 (Ethiopia). Compiler: GERBA LETA.",,https://wocat.net/en/database/technologies/6715/,oa,,web (publisher: wocat.net),D591_Rural-Scan_NBS/2_Technical_&_Data/library/3_Water_Harvesting/wocat_6715_2023.pdf,acquired,Namita-J/Claude,2026-09-30,Round 2 (round2_grey_wocat_2026-09). WOCAT title search query 'water spreading'. PDF from wocat.net/en/database/technologies/6715/pdf/ (the legacy qcat /summary/<id>/ endpoint uses a DIFFERENT id scheme and returns the wrong sheet).,,,true
wocat_1292_2015,water_harvesting_conservation,spate,T4,"WOCAT (2015). Water Spreading (typical example from Hashatribab). WOCAT SLM Technologies Database, Technology 1292 (Sudan). Compiler: Abdalla Osman Eisa.",,https://wocat.net/en/database/technologies/1292/,oa,,web (publisher: wocat.net),D591_Rural-Scan_NBS/2_Technical_&_Data/library/3_Water_Harvesting/wocat_1292_2015.pdf,acquired,Namita-J/Claude,2026-09-30,Round 2 (round2_grey_wocat_2026-09). WOCAT title search query 'water spreading'. PDF from wocat.net/en/database/technologies/1292/pdf/ (the legacy qcat /summary/<id>/ endpoint uses a DIFFERENT id scheme and returns the wrong sheet).,,,true
wocat_1013_2011,water_harvesting_conservation,spate,T4,"WOCAT (2011). Jessour. WOCAT SLM Technologies Database, Technology 1013 (Tunisia). Compiler: Mongi Ben Zaied.",,https://wocat.net/en/database/technologies/1013/,oa,,web (publisher: wocat.net),D591_Rural-Scan_NBS/2_Technical_&_Data/library/3_Water_Harvesting/wocat_1013_2011.pdf,acquired,Namita-J/Claude,2026-09-30,Round 2 (round2_grey_wocat_2026-09). WOCAT title search query 'jessour'. PDF from wocat.net/en/database/technologies/1013/pdf/ (the legacy qcat /summary/<id>/ endpoint uses a DIFFERENT id scheme and returns the wrong sheet).,,,true
wocat_5770_2020,water_harvesting_conservation,spate,T4,"WOCAT (2020). Marab - Water Harvesting Based Floodplain Agriculture. WOCAT SLM Technologies Database, Technology 5770 (Jordan). Compiler: Joren Verbist.",,https://wocat.net/en/database/technologies/5770/,oa,,web (publisher: wocat.net),D591_Rural-Scan_NBS/2_Technical_&_Data/library/3_Water_Harvesting/wocat_5770_2020.pdf,acquired,Namita-J/Claude,2026-09-30,Round 2 (round2_grey_wocat_2026-09). WOCAT title search query 'marab'. PDF from wocat.net/en/database/technologies/5770/pdf/ (the legacy qcat /summary/<id>/ endpoint uses a DIFFERENT id scheme and returns the wrong sheet).,,,true
wocat_2325_2017,forest_restoration,assisted_regeneration,T4,"WOCAT (2017). Assisted Natural Regeneration on agro-pastoral, sylvo-pastoral and pastoral land. WOCAT SLM Technologies Database, Technology 2325 (Niger). Compiler: Soumaila Abdoulaye.",,https://wocat.net/en/database/technologies/2325/,oa,,web (publisher: wocat.net),D591_Rural-Scan_NBS/2_Technical_&_Data/library/2_ForestRestoration/wocat_2325_2017.pdf,acquired,Namita-J/Claude,2026-09-30,Round 2 (round2_grey_wocat_2026-09). WOCAT title search query 'natural regeneration'. PDF from wocat.net/en/database/technologies/2325/pdf/ (the legacy qcat /summary/<id>/ endpoint uses a DIFFERENT id scheme and returns the wrong sheet).,,,true
wocat_4372_2019,forest_restoration,assisted_regeneration,T4,"WOCAT (2019). Assisted Natural Regeneration. WOCAT SLM Technologies Database, Technology 4372 (Bangladesh). Compiler: Fazlay Arafat.",,https://wocat.net/en/database/technologies/4372/,oa,,web (publisher: wocat.net),D591_Rural-Scan_NBS/2_Technical_&_Data/library/2_ForestRestoration/wocat_4372_2019.pdf,acquired,Namita-J/Claude,2026-09-30,Round 2 (round2_grey_wocat_2026-09). WOCAT title search query 'natural regeneration'. PDF from wocat.net/en/database/technologies/4372/pdf/ (the legacy qcat /summary/<id>/ endpoint uses a DIFFERENT id scheme and returns the wrong sheet).,,,true
wocat_1626_2014,forest_restoration,assisted_regeneration,T4,"WOCAT (2014). Assisted natural regeneration. WOCAT SLM Technologies Database, Technology 1626 (Niger). Compiler: Dieter Nill.",,https://wocat.net/en/database/technologies/1626/,oa,,web (publisher: wocat.net),D591_Rural-Scan_NBS/2_Technical_&_Data/library/2_ForestRestoration/wocat_1626_2014.pdf,acquired,Namita-J/Claude,2026-09-30,Round 2 (round2_grey_wocat_2026-09). WOCAT title search query 'natural regeneration'. PDF from wocat.net/en/database/technologies/1626/pdf/ (the legacy qcat /summary/<id>/ endpoint uses a DIFFERENT id scheme and returns the wrong sheet).,,,true
wocat_1414_2011,forest_restoration,passive_regeneration,T4,"WOCAT (2011). Area closure. WOCAT SLM Technologies Database, Technology 1414 (Ethiopia). Compiler: Unknown User.",,https://wocat.net/en/database/technologies/1414/,oa,,web (publisher: wocat.net),D591_Rural-Scan_NBS/2_Technical_&_Data/library/2_ForestRestoration/wocat_1414_2011.pdf,acquired,Namita-J/Claude,2026-09-30,Round 2 (round2_grey_wocat_2026-09). WOCAT title search query 'area closure'. PDF from wocat.net/en/database/technologies/1414/pdf/ (the legacy qcat /summary/<id>/ endpoint uses a DIFFERENT id scheme and returns the wrong sheet).,,,true
wocat_1048_2011,forest_restoration,passive_regeneration,T4,"WOCAT (2011). Area closure for rehabilitation. WOCAT SLM Technologies Database, Technology 1048 (Ethiopia). Compiler: Daniel Danano.",,https://wocat.net/en/database/technologies/1048/,oa,,web (publisher: wocat.net),D591_Rural-Scan_NBS/2_Technical_&_Data/library/2_ForestRestoration/wocat_1048_2011.pdf,acquired,Namita-J/Claude,2026-09-30,Round 2 (round2_grey_wocat_2026-09). WOCAT title search query 'area closure'. PDF from wocat.net/en/database/technologies/1048/pdf/ (the legacy qcat /summary/<id>/ endpoint uses a DIFFERENT id scheme and returns the wrong sheet).,,,true
wocat_1598_2014,forest_restoration,passive_regeneration,T4,"WOCAT (2014). Area closure on degraded lands. WOCAT SLM Technologies Database, Technology 1598 (Ethiopia). Compiler: Gizaw Desta Gessesse.",,https://wocat.net/en/database/technologies/1598/,oa,,web (publisher: wocat.net),D591_Rural-Scan_NBS/2_Technical_&_Data/library/2_ForestRestoration/wocat_1598_2014.pdf,acquired,Namita-J/Claude,2026-09-30,Round 2 (round2_grey_wocat_2026-09). WOCAT title search query 'area closure'. PDF from wocat.net/en/database/technologies/1598/pdf/ (the legacy qcat /summary/<id>/ endpoint uses a DIFFERENT id scheme and returns the wrong sheet).,,,true
wocat_1418_2011,forest_restoration,passive_regeneration,T4,"WOCAT (2011). Area Closure for Rehabilitation of Degraded Hillsides. WOCAT SLM Technologies Database, Technology 1418 (Ethiopia). Compiler: Unknown User.",,https://wocat.net/en/database/technologies/1418/,oa,,web (publisher: wocat.net),D591_Rural-Scan_NBS/2_Technical_&_Data/library/2_ForestRestoration/wocat_1418_2011.pdf,acquired,Namita-J/Claude,2026-09-30,Round 2 (round2_grey_wocat_2026-09). WOCAT title search query 'area closure'. PDF from wocat.net/en/database/technologies/1418/pdf/ (the legacy qcat /summary/<id>/ endpoint uses a DIFFERENT id scheme and returns the wrong sheet).,,,true
wocat_1072_2011,forest_restoration,passive_regeneration,T4,"WOCAT (2011). Rehabilitation of Degraded Lands ( Area closure). WOCAT SLM Technologies Database, Technology 1072 (Ethiopia). Compiler: Unknown User.",,https://wocat.net/en/database/technologies/1072/,oa,,web (publisher: wocat.net),D591_Rural-Scan_NBS/2_Technical_&_Data/library/2_ForestRestoration/wocat_1072_2011.pdf,acquired,Namita-J/Claude,2026-09-30,Round 2 (round2_grey_wocat_2026-09). WOCAT title search query 'area closure'. PDF from wocat.net/en/database/technologies/1072/pdf/ (the legacy qcat /summary/<id>/ endpoint uses a DIFFERENT id scheme and returns the wrong sheet).,,,true
wocat_1568_2013,forest_restoration,passive_regeneration,T4,"WOCAT (2013). Area closure and reforestation with Acacia. WOCAT SLM Technologies Database, Technology 1568 (Tunisia). Compiler: Maarten De Boever.",,https://wocat.net/en/database/technologies/1568/,oa,,web (publisher: wocat.net),D591_Rural-Scan_NBS/2_Technical_&_Data/library/2_ForestRestoration/wocat_1568_2013.pdf,acquired,Namita-J/Claude,2026-09-30,Round 2 (round2_grey_wocat_2026-09). WOCAT title search query 'area closure'. PDF from wocat.net/en/database/technologies/1568/pdf/ (the legacy qcat /summary/<id>/ endpoint uses a DIFFERENT id scheme and returns the wrong sheet).,,,true
wocat_1607_2014,forest_restoration,passive_regeneration,T4,"WOCAT (2014). Area enclosures for protection of riverine ecosystem and regeneration of cut and carry materials. WOCAT SLM Technologies Database, Technology 1607 (Tanzania). Compiler: ALLAN BUBELWA.",,https://wocat.net/en/database/technologies/1607/,oa,,web (publisher: wocat.net),D591_Rural-Scan_NBS/2_Technical_&_Data/library/2_ForestRestoration/wocat_1607_2014.pdf,acquired,Namita-J/Claude,2026-09-30,Round 2 (round2_grey_wocat_2026-09). WOCAT title search query 'enclosure'. PDF from wocat.net/en/database/technologies/1607/pdf/ (the legacy qcat /summary/<id>/ endpoint uses a DIFFERENT id scheme and returns the wrong sheet).,,,true
wocat_750_2016,forest_restoration,active_planting,T4,"WOCAT (2016). Community protection of microbasins through reforestation. WOCAT SLM Technologies Database, Technology 750 (Honduras). Compiler: Helen Gambon.",,https://wocat.net/en/database/technologies/750/,oa,,web (publisher: wocat.net),D591_Rural-Scan_NBS/2_Technical_&_Data/library/2_ForestRestoration/wocat_750_2016.pdf,acquired,Namita-J/Claude,2026-09-30,Round 2 (round2_grey_wocat_2026-09). WOCAT title search query 'reforestation'. PDF from wocat.net/en/database/technologies/750/pdf/ (the legacy qcat /summary/<id>/ endpoint uses a DIFFERENT id scheme and returns the wrong sheet).,,,true
wocat_4300_2019,forest_restoration,active_planting,T4,"WOCAT (2019). Afforestation with mangrove plants to protect land degradation. WOCAT SLM Technologies Database, Technology 4300 (Bangladesh). Compiler: Fazlay Arafat.",,https://wocat.net/en/database/technologies/4300/,oa,,web (publisher: wocat.net),D591_Rural-Scan_NBS/2_Technical_&_Data/library/2_ForestRestoration/wocat_4300_2019.pdf,acquired,Namita-J/Claude,2026-09-30,Round 2 (round2_grey_wocat_2026-09). WOCAT title search query 'afforestation'. PDF from wocat.net/en/database/technologies/4300/pdf/ (the legacy qcat /summary/<id>/ endpoint uses a DIFFERENT id scheme and returns the wrong sheet).,,,true
wocat_1533_2011,forest_restoration,active_planting,T4,"WOCAT (2011). Afforestation for rehabilitation of degraded irrigated croplands (CACILM). WOCAT SLM Technologies Database, Technology 1533 (Uzbekistan). Compiler: Rustam Ibragimov.",,https://wocat.net/en/database/technologies/1533/,oa,,web (publisher: wocat.net),D591_Rural-Scan_NBS/2_Technical_&_Data/library/2_ForestRestoration/wocat_1533_2011.pdf,acquired,Namita-J/Claude,2026-09-30,Round 2 (round2_grey_wocat_2026-09). WOCAT title search query 'afforestation'. PDF from wocat.net/en/database/technologies/1533/pdf/ (the legacy qcat /summary/<id>/ endpoint uses a DIFFERENT id scheme and returns the wrong sheet).,,,true
wocat_1529_2012,forest_restoration,active_planting,T4,"WOCAT (2012). Stabilization and afforestation of sand dunes around settlements in the Karakum Desert (CACILM). WOCAT SLM Technologies Database, Technology 1529 (Turkmenistan). Compiler: Nikolay Zverev.",,https://wocat.net/en/database/technologies/1529/,oa,,web (publisher: wocat.net),D591_Rural-Scan_NBS/2_Technical_&_Data/library/2_ForestRestoration/wocat_1529_2012.pdf,acquired,Namita-J/Claude,2026-09-30,Round 2 (round2_grey_wocat_2026-09). WOCAT title search query 'afforestation'. PDF from wocat.net/en/database/technologies/1529/pdf/ (the legacy qcat /summary/<id>/ endpoint uses a DIFFERENT id scheme and returns the wrong sheet).,,,true
wocat_1509_2011,forest_restoration,active_planting,T4,"WOCAT (2011). Reafforestation of Tugai floodplain ecosystem. WOCAT SLM Technologies Database, Technology 1509 (Tajikistan). Compiler: Rustam Nugmanov.",,https://wocat.net/en/database/technologies/1509/,oa,,web (publisher: wocat.net),D591_Rural-Scan_NBS/2_Technical_&_Data/library/2_ForestRestoration/wocat_1509_2011.pdf,acquired,Namita-J/Claude,2026-09-30,Round 2 (round2_grey_wocat_2026-09). WOCAT title search query 'afforestation'. PDF from wocat.net/en/database/technologies/1509/pdf/ (the legacy qcat /summary/<id>/ endpoint uses a DIFFERENT id scheme and returns the wrong sheet).,,,true
wocat_1577_2013,forest_restoration,active_planting,T4,"WOCAT (2013). Afforestation /Tree planting. WOCAT SLM Technologies Database, Technology 1577 (Uganda). Compiler: Wilson Bamwerinde.",,https://wocat.net/en/database/technologies/1577/,oa,,web (publisher: wocat.net),D591_Rural-Scan_NBS/2_Technical_&_Data/library/2_ForestRestoration/wocat_1577_2013.pdf,acquired,Namita-J/Claude,2026-09-30,Round 2 (round2_grey_wocat_2026-09). WOCAT title search query 'afforestation'. PDF from wocat.net/en/database/technologies/1577/pdf/ (the legacy qcat /summary/<id>/ endpoint uses a DIFFERENT id scheme and returns the wrong sheet).,,,true
wocat_4367_2019,forest_restoration,active_planting,T4,"WOCAT (2019). Afforestation of bare land in karst areas. WOCAT SLM Technologies Database, Technology 4367 (Bosnia and Herzegovina). Compiler: Marijana Kapović Solomun.",,https://wocat.net/en/database/technologies/4367/,oa,,web (publisher: wocat.net),D591_Rural-Scan_NBS/2_Technical_&_Data/library/2_ForestRestoration/wocat_4367_2019.pdf,acquired,Namita-J/Claude,2026-09-30,Round 2 (round2_grey_wocat_2026-09). WOCAT title search query 'afforestation'. PDF from wocat.net/en/database/technologies/4367/pdf/ (the legacy qcat /summary/<id>/ endpoint uses a DIFFERENT id scheme and returns the wrong sheet).,,,true
wocat_1330_2010,forest_restoration,active_planting,T4,"WOCAT (2010). Afforestation and Hillside Terracing. WOCAT SLM Technologies Database, Technology 1330 (Eritrea). Compiler: Eyob Zeremariam.",,https://wocat.net/en/database/technologies/1330/,oa,,web (publisher: wocat.net),D591_Rural-Scan_NBS/2_Technical_&_Data/library/2_ForestRestoration/wocat_1330_2010.pdf,acquired,Namita-J/Claude,2026-09-30,Round 2 (round2_grey_wocat_2026-09). WOCAT title search query 'afforestation'. PDF from wocat.net/en/database/technologies/1330/pdf/ (the legacy qcat /summary/<id>/ endpoint uses a DIFFERENT id scheme and returns the wrong sheet).,,,true
wocat_4101_2018,forest_restoration,active_planting,T4,"WOCAT (2018). High-altitude afforestation for erosion control. WOCAT SLM Technologies Database, Technology 4101 (Armenia). Compiler: Hanns Kirchmeir.",,https://wocat.net/en/database/technologies/4101/,oa,,web (publisher: wocat.net),D591_Rural-Scan_NBS/2_Technical_&_Data/library/2_ForestRestoration/wocat_4101_2018.pdf,acquired,Namita-J/Claude,2026-09-30,Round 2 (round2_grey_wocat_2026-09). WOCAT title search query 'afforestation'. PDF from wocat.net/en/database/technologies/4101/pdf/ (the legacy qcat /summary/<id>/ endpoint uses a DIFFERENT id scheme and returns the wrong sheet).,,,true
wocat_1523_2011,forest_restoration,active_planting,T4,"WOCAT (2011). Afforestation. WOCAT SLM Technologies Database, Technology 1523 (Cabo Verde). Compiler: Jacques Tavares.",,https://wocat.net/en/database/technologies/1523/,oa,,web (publisher: wocat.net),D591_Rural-Scan_NBS/2_Technical_&_Data/library/2_ForestRestoration/wocat_1523_2011.pdf,acquired,Namita-J/Claude,2026-09-30,Round 2 (round2_grey_wocat_2026-09). WOCAT title search query 'afforestation'. PDF from wocat.net/en/database/technologies/1523/pdf/ (the legacy qcat /summary/<id>/ endpoint uses a DIFFERENT id scheme and returns the wrong sheet).,,,true
wocat_1442_2011,forest_restoration,mangrove_coastal,T4,"WOCAT (2011). Régénération de la mangrove. WOCAT SLM Technologies Database, Technology 1442 (Senegal). Compiler: Déthié Soumaré Ndiaye.",,https://wocat.net/en/database/technologies/1442/,oa,,web (publisher: wocat.net),D591_Rural-Scan_NBS/2_Technical_&_Data/library/2_ForestRestoration/wocat_1442_2011.pdf,acquired,Namita-J/Claude,2026-09-30,Round 2 (round2_grey_wocat_2026-09). WOCAT title search query 'mangrove'. PDF from wocat.net/en/database/technologies/1442/pdf/ (the legacy qcat /summary/<id>/ endpoint uses a DIFFERENT id scheme and returns the wrong sheet).,,,true
wocat_578_2016,forest_restoration,mangrove_coastal,T4,"WOCAT (2016). Mangroves as Buffer against Natural Hazards. WOCAT SLM Technologies Database, Technology 578 (Philippines). Compiler: Philippine Overview of Conservation.",,https://wocat.net/en/database/technologies/578/,oa,,web (publisher: wocat.net),D591_Rural-Scan_NBS/2_Technical_&_Data/library/2_ForestRestoration/wocat_578_2016.pdf,acquired,Namita-J/Claude,2026-09-30,Round 2 (round2_grey_wocat_2026-09). WOCAT title search query 'mangrove'. PDF from wocat.net/en/database/technologies/578/pdf/ (the legacy qcat /summary/<id>/ endpoint uses a DIFFERENT id scheme and returns the wrong sheet).,,,true
wocat_7460_2024,forest_restoration,protection_cbfm,T4,"WOCAT (2024). Learning Site to promote Sustainable Land and Forest Management Practices in Khost. WOCAT SLM Technologies Database, Technology 7460 (Afghanistan). Compiler: Mohammad Arif.",,https://wocat.net/en/database/technologies/7460/,oa,,web (publisher: wocat.net),D591_Rural-Scan_NBS/2_Technical_&_Data/library/2_ForestRestoration/wocat_7460_2024.pdf,acquired,Namita-J/Claude,2026-09-30,Round 2 (round2_grey_wocat_2026-09). WOCAT title search query 'forest management'. PDF from wocat.net/en/database/technologies/7460/pdf/ (the legacy qcat /summary/<id>/ endpoint uses a DIFFERENT id scheme and returns the wrong sheet).,,,true
wocat_5243_2019,forest_restoration,protection_cbfm,T4,"WOCAT (2019). Broadleaf Plantations, Assisted Tree Regeneration and Fodder Nurseries for Sustainable Forest Management. WOCAT SLM Technologies Database, Technology 5243 (India). Compiler: Jaclyn Bandy.",,https://wocat.net/en/database/technologies/5243/,oa,,web (publisher: wocat.net),D591_Rural-Scan_NBS/2_Technical_&_Data/library/2_ForestRestoration/wocat_5243_2019.pdf,acquired,Namita-J/Claude,2026-09-30,Round 2 (round2_grey_wocat_2026-09). WOCAT title search query 'forest management'. PDF from wocat.net/en/database/technologies/5243/pdf/ (the legacy qcat /summary/<id>/ endpoint uses a DIFFERENT id scheme and returns the wrong sheet).,,,true
wocat_wh_guidelines_2013,water_harvesting_conservation,,T4,"Mekdaschi Studer, R.; Liniger, H. (2013). Water harvesting: guidelines to good practice. Centre for Development and Environment (CDE), Bern; RAIN, Amsterdam; MetaMeta, Wageningen; IFAD, Rome.",,https://wocat.net/documents/85/WaterHarvesting_lowresolution.pdf,oa,,web (publisher domain),D591_Rural-Scan_NBS/2_Technical_&_Data/library/3_Water_Harvesting/wocat_wh_guidelines_2013.pdf,acquired,Namita-J/Claude,2026-09-30,"Round 2 (round2_grey_wocat_2026-09) grey literature: authoritative agency guidance, downloaded from the publisher's own domain.",,,true
fao_slm_in_practice_2011,water_harvesting_conservation,,T4,"Liniger, H.P.; Mekdaschi Studer, R.; Hauert, C.; Gurtner, M. (2011). Sustainable land management in practice: guidelines and best practices for Sub-Saharan Africa. TerrAfrica, WOCAT and FAO, Rome.",,https://openknowledge.fao.org/server/api/core/bitstreams/ba446090-c67c-4a31-ab44-f3b802181b72/content,oa,,web (publisher domain),D591_Rural-Scan_NBS/2_Technical_&_Data/library/3_Water_Harvesting/fao_slm_in_practice_2011.pdf,acquired,Namita-J/Claude,2026-09-30,"Round 2 (round2_grey_wocat_2026-09) grey literature: authoritative agency guidance, downloaded from the publisher's own domain.",,,true
fao_critchley_wh_manual_1991,water_harvesting_conservation,,T4,"Critchley, W.; Siegert, K. (1991). Water harvesting techniques (Chapter 5). In: Water harvesting: a manual for the design and construction of water harvesting schemes for plant production. FAO, Rome (AGL/MISC/17/91).",,https://www.fao.org/4/u3160e/u3160e07.htm,oa,,web (publisher domain),D591_Rural-Scan_NBS/2_Technical_&_Data/library/3_Water_Harvesting/fao_critchley_wh_manual_1991.html,acquired,Namita-J/Claude,2026-09-30,"Round 2 (round2_grey_wocat_2026-09) grey literature: authoritative agency guidance, downloaded from the publisher's own domain. Cached artifact = the Chapter 5 web page (site and technique selection + per-technique criteria), so the chapter is the cited unit.",,,true
fao_spate_irrigation_guidelines_2010,water_harvesting_conservation,spate,T4,"van Steenbergen, F.; Lawrence, P.; Mehari Haile, A.; Salman, M.; Faurès, J.-M. (2010). Guidelines on spate irrigation. FAO Irrigation and Drainage Paper 65, Rome.",,https://www.fao.org/3/i1680e/i1680e.pdf,oa,,web (publisher domain),D591_Rural-Scan_NBS/2_Technical_&_Data/library/3_Water_Harvesting/fao_spate_irrigation_guidelines_2010.pdf,acquired,Namita-J/Claude,2026-09-30,"Round 2 (round2_grey_wocat_2026-09) grey literature: authoritative agency guidance, downloaded from the publisher's own domain.",,,true
fao_fp175_drylands_restoration_2015,forest_restoration,,T4,"Berrahmouni, N.; Regato, P.; Parfondry, M. (2015). Global guidelines for the restoration of degraded forests and landscapes in drylands: building resilience and benefiting livelihoods. FAO Forestry Paper 175, Rome.",,https://www.fao.org/3/i5036e/i5036e.pdf,oa,,web (publisher domain),D591_Rural-Scan_NBS/2_Technical_&_Data/library/2_ForestRestoration/fao_fp175_drylands_restoration_2015.pdf,acquired,Namita-J/Claude,2026-09-30,"Round 2 (round2_grey_wocat_2026-09) grey literature: authoritative agency guidance, downloaded from the publisher's own domain.",,,true
itto_flr_guidelines_ps24_2020,forest_restoration,,T4,"ITTO (2020). Guidelines for forest landscape restoration in the tropics. ITTO Policy Development Series 24, International Tropical Timber Organization, Yokohama.",,https://www.itto.int/direct/topics/topics_pdf_download/topics_id=6511&no=1&disp=inline,oa,,web (publisher domain),D591_Rural-Scan_NBS/2_Technical_&_Data/library/2_ForestRestoration/itto_flr_guidelines_ps24_2020.pdf,acquired,Namita-J/Claude,2026-09-30,"Round 2 (round2_grey_wocat_2026-09) grey literature: authoritative agency guidance, downloaded from the publisher's own domain.",,,true
iucn_roam_2014,forest_restoration,,T4,"IUCN; WRI (2014). A guide to the Restoration Opportunities Assessment Methodology (ROAM): assessing forest landscape restoration opportunities at the national or sub-national level. IUCN, Gland.",,https://portals.iucn.org/library/sites/library/files/documents/2014-030.pdf,oa,,web (publisher domain),D591_Rural-Scan_NBS/2_Technical_&_Data/library/2_ForestRestoration/iucn_roam_2014.pdf,acquired,Namita-J/Claude,2026-09-30,"Round 2 (round2_grey_wocat_2026-09) grey literature: authoritative agency guidance, downloaded from the publisher's own domain.",,,true
gma_mangrove_restoration_guidelines_2023,forest_restoration,mangrove_coastal,T4,"Beeston, M.; Cameron, C.; Hagger, V.; Howard, J.; Lovelock, C.; Sippo, J.; Tonneijck, F.; van Bijsterveldt, C.; van Eijk, P. (2023). Best practice guidelines for mangrove restoration. Global Mangrove Alliance.",,https://tnc.box.com/shared/static/f68fhv5ju0yxd5gl2q5cu0a433va6496.pdf,oa,,web (publisher domain),D591_Rural-Scan_NBS/2_Technical_&_Data/library/2_ForestRestoration/gma_mangrove_restoration_guidelines_2023.pdf,acquired,Namita-J/Claude,2026-09-30,"Round 2 (round2_grey_wocat_2026-09) grey literature: authoritative agency guidance, downloaded from the publisher's own domain.",,,true
icarda_oweis_wh_indigenous_2001,water_harvesting_conservation,,T4,"Oweis, T.; Prinz, D.; Hachum, A. (2001). Water harvesting: indigenous knowledge for the future of the drier environments. ICARDA, Aleppo.",,https://mel.cgiar.org/reporting/downloadmelspace/hash/8822931d10e9b1436357e37cc0ad95ef/v/699ed9daff637546058c1c3544115468,oa,"needs_ocr (scanned PDF, no text layer)",web (CGIAR MEL repository),,pending,Namita-J,2026-09-30,"Round 2 grey candidate. Downloaded, but the PDF is a scan with no text layer: OCR before extraction.",,,
dobhal_2024,agroforestry,tree_intercropping|alley_cropping|windbreaks_shelterbelts|shaded_perennial_crop|homegardens|parkland_retention,T3,Dobhal et al. (2024). Global assessment of production benefits and risk reduction in agroforestry during extreme weather events under climate change scenarios. Frontiers in Forests and Global Change.,10.3389/ffgc.2024.1379741,https://www.frontiersin.org/journals/forests-and-global-change/articles/10.3389/ffgc.2024.1379741/pdf,oa,,OA — browser/repository download (no institutional access needed),D591_Rural-Scan_NBS/2_Technical_&_Data/library/1_Agroforestry/dobhal_2024.pdf,extracted,Namita-J,2026-10-02,"T3 synthesis-first PROBE 2026-10 (run probe_af_t3_2026-10-02, ruleset v1.6.0). process=updated_lit; method_subtype=review; hazards=heat_stress,drought,flood,waterlogging,wind_cyclone,frost; scope=global; income=['low', 'lower_middle', 'upper_middle', 'high']; has_effect_sizes=True; proposed_tier=medium (global structured review (1,222-record search) with quantified ranges (shade -2-4 C, runoff -20-50%, yield +5-15%) but n); Single best multi-hazard seed: quantified ranges for heat (canopy cooling), heavy rain/waterlogging, drought, cyclone/tsunami and frost; fills livelihood_mitigation cells for heat_stress, drought, flo; acquired 2026-10-02 by orchestrator (18 pp) → cache + SharePoint mirror",true,,
chausson_2020,agroforestry,cross_cutting_envelope,T3,Chausson et al. (2020). Mapping the effectiveness of nature‐based solutions for climate change adaptation. Global Change Biology.,10.1111/gcb.15310,https://onlinelibrary.wiley.com/doi/pdfdirect/10.1111/gcb.15310,oa,webfetch_403_bot_block — human browser download from publisher/repository URL,OA — browser/repository download (no institutional access needed),,pending,Namita-J,2026-10-02,"T3 synthesis-first PROBE 2026-10 (run probe_af_t3_2026-10-02, ruleset v1.6.0). process=updated_lit; method_subtype=systematic_review; hazards=drought,flood,heat_stress,wind_cyclone,fire; scope=global; income=['low', 'lower_middle', 'upper_middle', 'high']; has_effect_sizes=False; proposed_tier=high (systematic map of 386 NbS-adaptation studies, transparent protocol, high-impact venue, highly cited (700+); reports effe); Directional effectiveness of agricultural/agroforestry NbS per hazard (with an evidence-quality grade); sets evidence_level and agreement for the drought/flood/heat cells. Agroforestry slice to be con",true,,
lasco_2014,agroforestry,parkland_retention|fmnr|tree_intercropping|windbreaks_shelterbelts|homegardens,T3,Lasco et al. (2014). Climate risk adaptation by smallholder farmers: the roles of trees and agroforestry. Current Opinion in Environmental Sustainability.,10.1016/j.cosust.2013.11.013,https://www.sciencedirect.com/science/article/pii/S1877343513001619/pdf,oa,webfetch_403_bot_block — human browser download from publisher/repository URL,OA — browser/repository download (no institutional access needed),,pending,Namita-J,2026-10-02,"T3 synthesis-first PROBE 2026-10 (run probe_af_t3_2026-10-02, ruleset v1.6.0). process=updated_lit; method_subtype=review; hazards=drought,flood,wind_cyclone,heat_stress; scope=global; Africa focus; income=['low', 'lower_middle']; has_effect_sizes=False; proposed_tier=medium (authoritative ICRAF review (200+ cites) of how trees cut smallholder exposure to climate risk; LMIC/Africa; narrative, n); Mechanism and case evidence for trees as a drought/flood/storm buffer and a livelihood safety net; ordinal direction for drought + flood livelihood_mitigation in LIC/LMIC.",true,,
van_noordwijk_2021,agroforestry,alley_cropping|tree_intercropping|planted_boundary_cropland|fmnr|parkland_retention|anr_on_farm|shaded_perennial_crop|homegardens,T3,van Noordwijk et al. (2021). Climate change adaptation in and through agroforestry: four decades of research initiated by Peter Huxley. Mitigation and Adaptation Strategies for Global Change.,10.1007/s11027-021-09954-5,https://link.springer.com/content/pdf/10.1007/s11027-021-09954-5.pdf,oa,,OA — browser/repository download (no institutional access needed),D591_Rural-Scan_NBS/2_Technical_&_Data/library/1_Agroforestry/van_noordwijk_2021.pdf,extracted,Namita-J,2026-10-02,"T3 synthesis-first PROBE 2026-10 (run probe_af_t3_2026-10-02, ruleset v1.6.0). process=updated_lit; method_subtype=review; hazards=drought,heat_stress,flood,fire; scope=global (tropics); income=['low', 'lower_middle', 'upper_middle']; has_effect_sizes=False; proposed_tier=medium (40-year synthesis by leading agroforestry scientists; frames adaptation THROUGH agroforestry (buffering) and adaptation ); Both roles: nbs_effect (buffering against drought and heat) and asset_vulnerability (tree drought mortality and fire); framing source for asset_threat rows.; acquired 2026-10-02 by orchestrator (33 pp) → cache + SharePoint mirror",true,,
ntawuruhunga_2023,agroforestry,alley_cropping|tree_intercropping|planted_boundary_cropland|fmnr|parkland_retention|anr_on_farm|planted_silvopasture|agrosilvopasture|windbreaks_shelterbelts|contour_vegetative_buffers|shaded_perennial_crop|homegardens,T3,"Ntawuruhunga et al. (2023). Climate-smart agroforestry systems and practices: A systematic review of what works, what doesn't work, and why. Forest Policy and Economics.",10.1016/j.forpol.2023.102937,https://cgspace.cgiar.org/items/96514734-2cc1-402a-bbb2-8f4ea101b175,oa,landing page only (no citation_pdf_url / Unpaywall pdf) — human browser download,OA — browser/repository download (no institutional access needed),,pending,Namita-J,2026-10-02,"T3 synthesis-first PROBE 2026-10 (run probe_af_t3_2026-10-02, ruleset v1.6.0). process=updated_lit; method_subtype=systematic_review; hazards=drought,flood,heat_stress; scope=global; income=['low', 'lower_middle', 'upper_middle', 'high']; has_effect_sizes=unknown; proposed_tier=medium (PRISMA systematic review of climate-smart agroforestry (what works / what does not), well cited (120+); effect sizes not); Includes the ""what does not work"" side (null/negative findings) for climate-resilience outcomes; useful for agreement_level across families.",true,,
patil_2025,agroforestry,shaded_perennial_crop,T3,Patil et al. (2025). Mitigating climate risks in coffee production through agroforestry: global evidence from a systematic review and meta-analysis. Frontiers in Climate.,10.3389/fclim.2025.1699037,https://public-pages-files-2025.frontiersin.org/journals/climate/articles/10.3389/fclim.2025.1699037/pdf,oa,,OA — browser/repository download (no institutional access needed),D591_Rural-Scan_NBS/2_Technical_&_Data/library/1_Agroforestry/patil_2025.pdf,extracted,Namita-J,2026-10-02,"T3 synthesis-first PROBE 2026-10 (run probe_af_t3_2026-10-02, ruleset v1.6.0). process=updated_lit; method_subtype=meta_analysis; hazards=heat_stress,drought; scope=global (coffee regions); income=['low', 'lower_middle', 'upper_middle']; has_effect_sizes=True; proposed_tier=high (PRISMA 2020 SR + random-effects MA (68 effect sizes, 13 databases), ROBINS-I/GRADE-CERQual; LMIC coffee systems; recent;); Pooled effect of shade agroforestry on coffee yield loss under climate stressors (heat/drought); fills shaded_perennial_crop x heat_stress / drought with a magnitude. Crop-specific (claim_scope=crop_s; acquired 2026-10-02 by orchestrator (18 pp) → cache + SharePoint mirror",true,,
hao_2026,agroforestry,windbreaks_shelterbelts,T3,"Hao et al. (2026). Effects of Farmland Shelterbelts on Microclimate, Crop Yield, and Edge-Zone Yield Loss in China: A Meta-Analysis. Forests.",10.3390/f17091115,https://doi.org/10.3390/f17091115,oa,landing page only (no citation_pdf_url / Unpaywall pdf) — human browser download,OA — browser/repository download (no institutional access needed),,pending,Namita-J,2026-10-02,"T3 synthesis-first PROBE 2026-10 (run probe_af_t3_2026-10-02, ruleset v1.6.0). process=updated_lit; method_subtype=meta_analysis; hazards=wind_cyclone,heat_stress; scope=CHN; income=['upper_middle']; has_effect_sizes=True; proposed_tier=medium (MA of 120 studies / 1,377 comparisons (log response ratios, moderator analysis); single UMIC country; MDPI venue; very r); Pooled wind-speed reduction (-35.8%), summer air temperature reduction (-4.0%) and yield effect (+16.6%) incl. edge-zone loss; magnitude for windbreak x wind_cyclone (crop protection) and heat. UMIC, ",true,,
deniz_2023,agroforestry,planted_silvopasture|agrosilvopasture,T3,Deniz et al. (2023). A systematic review of the effects of silvopastoral system on thermal environment and dairy cows’ behavioral and physiological responses. International Journal of Biometeorology.,10.1007/s00484-023-02431-5,https://www.researchgate.net/publication/367327661,oa,OA (websearch:researchgate/unverified) — HUMAN CHECK,OA — browser/repository download (no institutional access needed),,pending,Namita-J,2026-10-02,"T3 synthesis-first PROBE 2026-10 (run probe_af_t3_2026-10-02, ruleset v1.6.0). process=updated_lit; method_subtype=systematic_review; hazards=heat_stress; scope=global (mostly Brazil / Latin America); income=['upper_middle', 'lower_middle']; has_effect_sizes=unknown; proposed_tier=medium (systematic review in a specialist journal; reports microclimate + cow physiology outcomes; some variables unclear across); Silvopasture x heat_stress for livestock (thermal comfort, behaviour); fills F3 heat cells, which currently have only primary studies.",true,,
damianidis_2021,agroforestry,planted_silvopasture|agrosilvopasture,T3,Damianidis et al. (2020). Agroforestry as a sustainable land use option to reduce wildfires risk in European Mediterranean areas. Agroforestry Systems.,10.1007/s10457-020-00482-w,http://dspace.lib.cranfield.ac.uk/handle/1826/15053,oa,webfetch_403_bot_block — human browser download from publisher/repository URL,OA — browser/repository download (no institutional access needed),,pending,Namita-J,2026-10-02,"T3 synthesis-first PROBE 2026-10 (run probe_af_t3_2026-10-02, ruleset v1.6.0). process=updated_lit; method_subtype=review; hazards=fire; scope=European Mediterranean (ESP, PRT, GRC, ITA, FRA); income=['high']; has_effect_sizes=unknown; proposed_tier=medium (peer-reviewed review (AGFORWARD consortium, 100+ cites) of silvopasture and agroforestry as fuel management; HIC-only, s); Second fire source next to Batcheler 2024 (US); fuel-load and fire-risk reduction by grazed agroforestry; fills silvopasture x fire (HIC envelope).",true,,
watts_2022,agroforestry,shaded_perennial_crop|tree_intercropping|alley_cropping|homegardens,T3,Watts et al. (2022). Impacts of climate change on tropical agroforestry systems: A systematic review for identifying future research priorities. Frontiers in Forests and Global Change.,10.3389/ffgc.2022.880621,https://www.frontiersin.org/journals/forests-and-global-change/articles/10.3389/ffgc.2022.880621/pdf,oa,,OA — browser/repository download (no institutional access needed),D591_Rural-Scan_NBS/2_Technical_&_Data/library/1_Agroforestry/watts_2022.pdf,extracted,Namita-J,2026-10-02,"T3 synthesis-first PROBE 2026-10 (run probe_af_t3_2026-10-02, ruleset v1.6.0). process=updated_lit; method_subtype=systematic_review; hazards=drought,heat_stress; scope=tropics (global); income=['low', 'lower_middle', 'upper_middle']; has_effect_sizes=unknown; proposed_tier=medium (systematic review with an evidence-quality assessment; mostly biophysical studies; tropical LMIC; recent); Main asset_vulnerability synthesis: how drought/heat cut tree growth, raise tree-crop competition and lower yields in tropical agroforests; seeds asset_threat rows.; acquired 2026-10-02 pass2 by orchestrator via unpaywall/citation_pdf_url (19 pp) → cache + SharePoint mirror",true,,
begum_2025,agroforestry,alley_cropping|tree_intercropping|planted_boundary_cropland|fmnr|parkland_retention|anr_on_farm|planted_silvopasture|agrosilvopasture|windbreaks_shelterbelts|contour_vegetative_buffers|shaded_perennial_crop|homegardens,T3,Begum et al. (2025). Mapping evidence on agroforestry’s role in biodiversity and climate change mitigation and adaptation in low- and middle-income countries: A systematic map. .,10.1079/junoreports.2025.0004,https://doi.org/10.1079/junoreports.2025.0004,oa,landing page only (no citation_pdf_url / Unpaywall pdf) — human browser download,OA — browser/repository download (no institutional access needed),,pending,Namita-J,2026-10-02,"T3 synthesis-first PROBE 2026-10 (run probe_af_t3_2026-10-02, ruleset v1.6.0). process=updated_lit; method_subtype=egm; hazards=drought,flood; scope=LMICs (global); income=['low', 'lower_middle', 'upper_middle']; has_effect_sizes=False; proposed_tier=medium (systematic map (17,631 records, 61 included, post-2005, LMIC); outcome includes resilience to climate shocks; descriptiv); Discovery shortcut and gap evidence: lists the LMIC studies reporting agroforestry resilience to climate shocks and shows where the evidence is absent (which backs no_applicable_evidence flags).",true,,
zhu_2019,agroforestry,contour_vegetative_buffers|alley_cropping|tree_intercropping|planted_silvopasture,T3,"Zhu et al. (2019). Reductions in water, soil and nutrient losses and pesticide pollution in agroforestry practices: a review of evidence and processes. Plant and Soil.",10.1007/s11104-019-04377-3,https://hal.science/hal-02490364/,oa,landing page only (no citation_pdf_url / Unpaywall pdf) — human browser download,OA — browser/repository download (no institutional access needed),,pending,Namita-J,2026-10-02,"T3 synthesis-first PROBE 2026-10 (run probe_af_t3_2026-10-02, ruleset v1.6.0). process=updated_lit; method_subtype=review; hazards=flood; scope=global (temperate + tropical); income=['low', 'lower_middle', 'upper_middle', 'high']; has_effect_sizes=True; proposed_tier=medium (quantitative review in Plant and Soil (190+ cites): surface runoff reduced by 1-100%, mean 58%; mixed HIC/LMIC; not form); Runoff attenuation magnitude (proxy for flood: proximity=proxy, 0.7 haircut) for contour buffers and alley cropping; the only quantified flood/runoff synthesis found.",true,,
singh_lal_2018,agroforestry,tree_intercropping|planted_boundary_cropland,T3,Singh et al. (2018). Review and Case Studies on Biodrainage: An Alternative Drainage System to Manage Waterlogging and Salinity. Irrigation and Drainage.,10.1002/ird.2252,https://doi.org/10.1002/ird.2252,oa,OA (websearch:researchgate/unverified) — HUMAN CHECK,OA — browser/repository download (no institutional access needed),,pending,Namita-J,2026-10-02,"T3 synthesis-first PROBE 2026-10 (run probe_af_t3_2026-10-02, ruleset v1.6.0). process=updated_lit; method_subtype=review; hazards=waterlogging; scope=IND; also Pakistan, Australia, Central Asia; income=['lower_middle', 'high']; has_effect_sizes=True; proposed_tier=low (review + case studies (water-table drawdown by Eucalyptus/Populus block and strip plantations); ICAR authors; mostly irr); Only synthesis-grade evidence for waterlogging (biodrainage by tree strips on farm boundaries); fills the empty waterlogging cell (irrigated cropping only).",true,,
caramori_1996,agroforestry,shaded_perennial_crop,T3,Caramori et al. (1996). Coffee shade with Mimosa scabrella Benth. for frost protection in southern Brazil. Agroforestry Systems.,10.1007/bf00055423,https://doi.org/10.1007/bf00055423,oa,OA (websearch:researchgate/unverified) — HUMAN CHECK,OA — browser/repository download (no institutional access needed),,pending,Namita-J,2026-10-02,"T3 synthesis-first PROBE 2026-10 (run probe_af_t3_2026-10-02, ruleset v1.6.0). process=updated_lit; method_subtype=primary_study; hazards=frost; scope=BRA; income=['upper_middle']; has_effect_sizes=True; proposed_tier=low (PRIMARY field experiment (7 harvests), admitted only because no frost synthesis exists; shaded leaves were 2-4 C warmer ); Only frost x agroforestry quantification; fills shaded_perennial_crop x frost (coffee, crop_specific).",true,,
philpott_2008,agroforestry,shaded_perennial_crop,T3,"Philpott et al. (2008). A multi-scale assessment of hurricane impacts on agricultural landscapes based on land use and topographic features. Agriculture, Ecosystems &amp; Environment.",10.1016/j.agee.2008.04.016,http://w3.biosci.utexas.edu/jha/wp-content/uploads//Philpott_etal_2008_Hurricanes1.pdf,oa,,OA — browser/repository download (no institutional access needed),D591_Rural-Scan_NBS/2_Technical_&_Data/library/1_Agroforestry/philpott_2008.pdf,extracted,Namita-J,2026-10-02,"T3 synthesis-first PROBE 2026-10 (run probe_af_t3_2026-10-02, ruleset v1.6.0). process=updated_lit; method_subtype=primary_study; hazards=wind_cyclone; scope=MEX (Chiapas); income=['upper_middle']; has_effect_sizes=True; proposed_tier=medium (PRIMARY multi-scale observational study (Hurricane Stan) admitted as the main wind_cyclone livelihood evidence (180 cite); Hurricane damage (landslides, tree and crop loss) by coffee-agroforest shade intensity; fills wind_cyclone x shaded_perennial_crop livelihood_mitigation (and an asset signal).; acquired 2026-10-02 by orchestrator (10 pp) → cache + SharePoint mirror",true,,
mcguigan_2024,agroforestry,homegardens|tree_intercropping,T3,McGuigan et al. (2024). Predictors of tree damage and survival in agroforests after major cyclone disturbance in Fiji. Agroforestry Systems.,10.1007/s10457-024-00970-3,https://doi.org/10.1007/s10457-024-00970-3,oa,OA (websearch:researchgate/unverified) — HUMAN CHECK,OA — browser/repository download (no institutional access needed),,pending,Namita-J,2026-10-02,"T3 synthesis-first PROBE 2026-10 (run probe_af_t3_2026-10-02, ruleset v1.6.0). process=updated_lit; method_subtype=primary_study; hazards=wind_cyclone; scope=FJI; income=['upper_middle']; has_effect_sizes=True; proposed_tier=low (PRIMARY post-Cyclone Winston survey (stem mortality 12.2%; survival rises with wood density); admitted only as the sole ); asset_vulnerability: cyclone damage and survival of agroforest trees; feeds the asset_threat row for wind_cyclone.",true,,
ipcc_ar6_wg2_ch5_2022,agroforestry,cross_cutting_envelope,T3,"(2023). Food, Fibre and Other Ecosystem Products. Climate Change 2022 – Impacts, Adaptation and Vulnerability.",10.1017/9781009325844.007,https://www.cambridge.org/core/services/aop-cambridge-core/content/view/16B2DB8BEC0790EA6DB2856CD8897DFF/stamped-9781009325837c5_713-906.pdf/food-fibre-and-other-ecosystem-products.pdf,oa,,web (publisher domain: worldbank.org / ipcc.ch),D591_Rural-Scan_NBS/2_Technical_&_Data/library/1_Agroforestry/ipcc_ar6_wg2_ch5_2022.pdf,extracted,Namita-J,2026-10-02,"T3 synthesis-first PROBE 2026-10 (run probe_af_t3_2026-10-02, ruleset v1.6.0). process=grey; method_subtype=review; hazards=drought,heat_stress,flood; scope=global; income=['low', 'lower_middle', 'upper_middle', 'high']; has_effect_sizes=unknown; proposed_tier=high (IPCC assessment chapter with calibrated confidence language for agroforestry adaptation effectiveness; top authority; gl); IPCC-calibrated confidence statements on agroforestry as an adaptation option (drought/heat buffering); anchors the confidence axis for the global rows.; acquired 2026-10-02 by orchestrator (194 pp) → cache + SharePoint mirror",true,,
worldbank_kcsap_icr_2024,agroforestry,cross_cutting_envelope,T3,"World Bank (2024). Implementation Completion and Results Report on a Credit in the amount of SDR 184.7 million (US$250 million equivalent) to the Republic of Kenya for the Kenya Climate Smart Agriculture Project (P154784). Report No. ICR00006593. May 31, 2024.",,https://documents1.worldbank.org/curated/en/099061024092575123/pdf/BOSIB1887abe1c019186251678c4cc131cf.pdf,oa,,web (publisher domain: worldbank.org / ipcc.ch),D591_Rural-Scan_NBS/2_Technical_&_Data/library/1_Agroforestry/worldbank_kcsap_icr_2024.pdf,acquired,Namita-J,2026-10-02,"T3 synthesis-first PROBE 2026-10 (run probe_af_t3_2026-10-02, ruleset v1.6.0). process=grey; method_subtype=icr; hazards=drought; scope=KEN; income=['lower_middle']; has_effect_sizes=False; proposed_tier=low (ex-post ICR (better than the PAD), but agroforestry is a minor bundled TIMP (395 acres of county sub-projects); the resi); Confirms what KCSAP actually reports: no agroforestry-specific hazard effect. At most a bundled-CSA drought-resilience signal for KEN; mainly useful as a documented null/gap.; acquired 2026-10-02 by orchestrator (74 pp) → cache + SharePoint mirror",,,true
worldbank_cmscr_icr_2020,agroforestry,planted_silvopasture|agrosilvopasture,T3,"World Bank (2020). Implementation Completion and Results Report on a GEF grant (TF-96465, US$7.0m) and DECC additional financing (TF-17041, US$20.7m) to FEDEGAN for the Colombia: Mainstreaming Sustainable Cattle Ranching Project (P104687). Report No. ICR00005139. December 17, 2020.",,https://documents1.worldbank.org/curated/en/971881609126306199/pdf/Colombia-Mainstreaming-Sustainable-Cattle-Ranching-Project.pdf,oa,,web (publisher domain: worldbank.org / ipcc.ch),D591_Rural-Scan_NBS/2_Technical_&_Data/library/1_Agroforestry/worldbank_cmscr_icr_2020.pdf,extracted,Namita-J,2026-10-02,"T3 synthesis-first PROBE 2026-10 (run probe_af_t3_2026-10-02, ruleset v1.6.0). process=grey; method_subtype=icr; hazards=drought; scope=COL; income=['upper_middle']; has_effect_sizes=True; proposed_tier=medium (ex-post ICR with monitored farms and control plots plus a cited WB resilience study; quantified drought outcomes; self-a); Both roles. nbs_effect: established SPS lost 0.4-5.5% of milk productivity under 2009-19 climate variability vs up to 19% on extensive farms, and dry-season animal mortality fell. asset_vulnerability:; acquired 2026-10-02 by orchestrator (168 pp) → cache + SharePoint mirror",,,true
ieg_ethiopia_slmp_ppar_2020,agroforestry,tree_intercropping|planted_boundary_cropland|anr_on_farm|contour_vegetative_buffers,T3,"Independent Evaluation Group (2020). Project Performance Assessment Report: Ethiopia - Sustainable Land Management Project I and II. Report No. 153559. October 14, 2020. World Bank.",,https://documents.worldbank.org/curated/en/126731603826296434/pdf/Ethiopia-Sustainable-Land-Management-Project-I-and-II.pdf,oa,,web (publisher domain: worldbank.org / ipcc.ch),D591_Rural-Scan_NBS/2_Technical_&_Data/library/1_Agroforestry/ieg_ethiopia_slmp_ppar_2020.pdf,extracted,Namita-J,2026-10-02,"T3 synthesis-first PROBE 2026-10 (run probe_af_t3_2026-10-02, ruleset v1.6.0). process=grey; method_subtype=ieg_evaluation; hazards=drought; scope=ETH; income=['low']; has_effect_sizes=False; proposed_tier=low (independent IEG ex-post evaluation (no self-assessment COI), LIC; but agroforestry is bundled with SLM, and the drought ); Independent LIC evidence that market-oriented agroforestry (e.g. Acacia decurrens) inside SLM cut drought vulnerability; ordinal, bundled. Supports drought livelihood_mitigation direction in ETH.; acquired 2026-10-02 by orchestrator (110 pp) → cache + SharePoint mirror",,,true
kuyah_2019,agroforestry,agroforestry__planted_silvoarable|agroforestry__regeneration_farmland|agroforestry__linear_boundary,T6,Kuyah et al. (2019). Agroforestry delivers a win-win solution for ecosystem services in sub-Saharan Africa. A meta-analysis. Agronomy for Sustainable Development.,10.1007/s13593-019-0589-8,https://link.springer.com/content/pdf/10.1007/s13593-019-0589-8.pdf,oa,,OA — browser/repository download (no institutional access needed),D591_Rural-Scan_NBS/2_Technical_&_Data/library/1_Agroforestry/kuyah_2019.pdf,extracted,Namita-J,2026-10-02,"T6 synthesis pass EN probe_af_t6_lit_2026-10-02 (ruleset v1.6.0, synthesis-first). process=updated_lit; method_subtype=meta_analysis; t6_targets=production_gap,soil_erosion_risk,water_stress,carbon_sequestration_potential; families=agroforestry__planted_silvoarable|agroforestry__regeneration_farmland|agroforestry__linear_boundary; scope=sub-Saharan Africa; income=['low', 'lower_middle', 'upper_middle']; claim_scope_risk=practice; has_effect_sizes=True; proposed_tier=high (126 publications / 1,106 observations, LMIC-only (SSA), stratified by practice; peer-reviewed MA (ASD); ICRAF-); Core T6 SSA synthesis: yield, soil fertility, erosion control, water regulation agroforestry vs non-agroforestry, disaggregated by practice. Seeded from T3 probe screen-out.; acquired 2026-10-02 by orchestrator (18 pp) → cache + SharePoint mirror",true,,
niether_2020,agroforestry,agroforestry__shaded_perennial,T6,Niether et al. (2020). Cocoa agroforestry systems versus monocultures: a multi-dimensional meta-analysis. Environmental Research Letters.,10.1088/1748-9326/abb053,https://iopscience.iop.org/article/10.1088/1748-9326/abb053/pdf,oa,landing page only (no citation_pdf_url / Unpaywall pdf) — human browser download,OA — browser/repository download (no institutional access needed),,pending,Namita-J,2026-10-02,"T6 synthesis pass EN probe_af_t6_lit_2026-10-02 (ruleset v1.6.0, synthesis-first). process=updated_lit; method_subtype=meta_analysis; t6_targets=production_gap,rural_poverty,economics,carbon_sequestration_potential,biodiversity_priority; families=agroforestry__shaded_perennial; scope=global tropics (cocoa belt); income=['low', 'lower_middle', 'upper_middle']; claim_scope_risk=crop_specific; has_effect_sizes=True; proposed_tier=high (52 paired-comparison studies, multi-dimensional (yield, economics, soil, C, biodiversity); ERL OA; LMIC); F5 cocoa: cocoa yield -25% but total system yield / economic performance compared; crop_specific (allow_crop_scope for F5 only). Seeded from T3 probe screen-out.",true,,
reed_2017,agroforestry,agroforestry__planted_silvoarable|agroforestry__regeneration_farmland|agroforestry__homegardens_proximity|agroforestry__shaded_perennial|agroforestry__cross_family,T6,Reed et al. (2017). Trees for life: The ecosystem service contribution of trees to food production and livelihoods in the tropics. Forest Policy and Economics.,10.1016/j.forpol.2017.01.012,https://researchonline.jcu.edu.au/54001/1/54001%20Reed%20et%20al%202017.pdf,oa,,OA — browser/repository download (no institutional access needed),D591_Rural-Scan_NBS/2_Technical_&_Data/library/1_Agroforestry/reed_2017.pdf,extracted,Namita-J,2026-10-02,"T6 synthesis pass EN probe_af_t6_lit_2026-10-02 (ruleset v1.6.0, synthesis-first). process=updated_lit; method_subtype=systematic_review; t6_targets=production_gap,rural_poverty,agricultural_dependency; families=agroforestry__planted_silvoarable|agroforestry__regeneration_farmland|agroforestry__homegardens_proximity|agroforestry__shaded_perennial|agroforestry__cross_family; scope=tropics (global); income=['low', 'lower_middle', 'upper_middle']; claim_scope_risk=practice; has_effect_sizes=False; proposed_tier=medium (systematic review, 74 studies, ordinal/vote-count on yield, soil fertility, income; CIFOR authors; trees-in-la); Tree-based ES contribution to food production & livelihoods; mixes landscape forest and on-farm trees (PICOS: keep only on-farm agroforestry rows). Seeded from T3 probe.; acquired 2026-10-02 pass2 by orchestrator via unpaywall/citation_pdf_url (10 pp) → cache + SharePoint mirror",true,,
jemaneh_2026,agroforestry,agroforestry__cross_family,T6,Jemaneh et al. (2026). Agroforestry and smallholder farmers' welfare in sub-Saharan Africa: A systematic review and meta-analysis. Agricultural Systems.,10.1016/j.agsy.2026.104670,https://doi.org/10.1016/j.agsy.2026.104670,oa,OA (websearch:researchgate/unverified) — HUMAN CHECK,OA — browser/repository download (no institutional access needed),,pending,Namita-J,2026-10-02,"T6 synthesis pass EN probe_af_t6_lit_2026-10-02 (ruleset v1.6.0, synthesis-first). process=updated_lit; method_subtype=meta_analysis; t6_targets=rural_poverty,production_gap,economics; families=agroforestry__cross_family; scope=sub-Saharan Africa; income=['low', 'lower_middle']; claim_scope_risk=practice; has_effect_sizes=True; proposed_tier=high (SR + MA of welfare (income/consumption/food security) outcomes, SSA LIC/LMIC; Agricultural Systems; recent; ab); Only synthesis found directly on household welfare effect of agroforestry in LMIC. T3 probe reserve promoted.",true,,
sileshi_2008,agroforestry,agroforestry__planted_silvoarable,T6,Sileshi et al. (2008). Meta-analysis of maize yield response to woody and herbaceous legumes in sub-Saharan Africa. Plant and Soil.,10.1007/s11104-008-9547-y,https://www.researchgate.net/publication/225198955,oa,OA (websearch:researchgate/unverified) — HUMAN CHECK,OA — browser/repository download (no institutional access needed),,pending,Namita-J,2026-10-02,"T6 synthesis pass EN probe_af_t6_lit_2026-10-02 (ruleset v1.6.0, synthesis-first). process=updated_lit; method_subtype=meta_analysis; t6_targets=production_gap; families=agroforestry__planted_silvoarable; scope=sub-Saharan Africa; income=['low', 'lower_middle']; claim_scope_risk=practice; has_effect_sizes=True; proposed_tier=high (94 publications, maize yield gain over unfertilised maize by coppicing / non-coppicing woody legumes (fertiliz); F1 fertilizer-tree / improved-fallow yield effect; includes herbaceous green manures (exclude those rows: not agroforestry).",true,,
felix_2018,agroforestry,agroforestry__regeneration_farmland|agroforestry__planted_silvoarable,T6,Félix et al. (2018). Enhancing agroecosystem productivity with woody perennials in semi-arid West Africa. A meta-analysis. Agronomy for Sustainable Development.,10.1007/s13593-018-0533-3,https://link.springer.com/content/pdf/10.1007/s13593-018-0533-3.pdf,oa,,OA — browser/repository download (no institutional access needed),D591_Rural-Scan_NBS/2_Technical_&_Data/library/1_Agroforestry/felix_2018.pdf,extracted,Namita-J,2026-10-02,"T6 synthesis pass EN probe_af_t6_lit_2026-10-02 (ruleset v1.6.0, synthesis-first). process=updated_lit; method_subtype=meta_analysis; t6_targets=production_gap,carbon_sequestration_potential; families=agroforestry__regeneration_farmland|agroforestry__planted_silvoarable; scope=semi-arid West Africa; income=['low', 'lower_middle']; claim_scope_risk=practice; has_effect_sizes=True; proposed_tier=high (MA of woody perennials (trees/shrubs + ramial wood) on crop yield and soil in <1000 mm West Africa; ASD OA; Sa); Parkland/FMNR-type woody perennials -> crop yield & SOC; ramial-wood amendment rows are not an agroforestry practice (exclude).; acquired 2026-10-02 by orchestrator (21 pp) → cache + SharePoint mirror",true,,
muchane_2020,agroforestry,agroforestry__planted_silvoarable|agroforestry__shaded_perennial|agroforestry__linear_boundary|agroforestry__cross_family,T6,"Muchane et al. (2020). Agroforestry boosts soil health in the humid and sub-humid tropics: A meta-analysis. Agriculture, Ecosystems &amp; Environment.",10.1016/j.agee.2020.106899,https://centaur.reading.ac.uk/89345/7/Main%20text.pdf,oa,,OA — browser/repository download (no institutional access needed),D591_Rural-Scan_NBS/2_Technical_&_Data/library/1_Agroforestry/muchane_2020.pdf,extracted,Namita-J,2026-10-02,"T6 synthesis pass EN probe_af_t6_lit_2026-10-02 (ruleset v1.6.0, synthesis-first). process=updated_lit; method_subtype=meta_analysis; t6_targets=soil_erosion_risk,carbon_sequestration_potential,production_gap; families=agroforestry__planted_silvoarable|agroforestry__shaded_perennial|agroforestry__linear_boundary|agroforestry__cross_family; scope=humid & sub-humid tropics; income=['low', 'lower_middle', 'upper_middle']; claim_scope_risk=practice; has_effect_sizes=True; proposed_tier=high (MA of soil-mediated ES (erosion, SOC, N, P, acidity) vs monoculture; AGEE; tropics LMIC; ICRAF/SLU); Erosion reduction and SOC gain under agroforestry (search snippet figures NOT verified - extract from PDF).; acquired 2026-10-02 by orchestrator (31 pp) → cache + SharePoint mirror",true,,
cardinael_2018,agroforestry,agroforestry__planted_silvoarable|agroforestry__silvopastoral|agroforestry__linear_boundary|agroforestry__shaded_perennial|agroforestry__homegardens_proximity|agroforestry__regeneration_farmland,T6,Cardinael et al. (2018). Revisiting IPCC Tier 1 coefficients for soil organic and biomass carbon storage in agroforestry systems. Environmental Research Letters.,10.1088/1748-9326/aaeb5f,https://iopscience.iop.org/article/10.1088/1748-9326/aaeb5f/pdf,oa,landing page only (no citation_pdf_url / Unpaywall pdf) — human browser download,OA — browser/repository download (no institutional access needed),,pending,Namita-J,2026-10-02,"T6 synthesis pass EN probe_af_t6_lit_2026-10-02 (ruleset v1.6.0, synthesis-first). process=updated_lit; method_subtype=systematic_review; t6_targets=carbon_sequestration_potential; families=agroforestry__planted_silvoarable|agroforestry__silvopastoral|agroforestry__linear_boundary|agroforestry__shaded_perennial|agroforestry__homegardens_proximity|agroforestry__regeneration_farmland; scope=global; income=['low', 'lower_middle', 'upper_middle', 'high']; claim_scope_risk=practice; has_effect_sizes=True; proposed_tier=high (synthesis of 542 observations (biomass C + SOC) yielding IPCC Tier-1 coefficients per agroforestry system x cl); Per-family biomass + SOC accumulation rates (t C/ha/yr) by climate zone: direct T6 carbon magnitudes, family-isolating.",true,,
ma_2020,agroforestry,agroforestry__planted_silvoarable|agroforestry__silvopastoral|agroforestry__cross_family,T6,"Ma et al. (2020). Carbon accumulation in agroforestry systems is affected by tree species diversity, age and regional climate: A global meta‐analysis. Global Ecology and Biogeography.",10.1111/geb.13145,https://doi.org/10.1111/geb.13145,oa,OA (websearch:researchgate/unverified) — HUMAN CHECK,OA — browser/repository download (no institutional access needed),,pending,Namita-J,2026-10-02,"T6 synthesis pass EN probe_af_t6_lit_2026-10-02 (ruleset v1.6.0, synthesis-first). process=updated_lit; method_subtype=meta_analysis; t6_targets=carbon_sequestration_potential; families=agroforestry__planted_silvoarable|agroforestry__silvopastoral|agroforestry__cross_family; scope=global; income=['low', 'lower_middle', 'upper_middle', 'high']; claim_scope_risk=practice; has_effect_sizes=True; proposed_tier=high (141-study global MA, biomass +46.1 Mg C/ha (95% CI 36.4-55.8) vs treeless cropland/pasture; moderators age, sp); Biomass + soil C accumulation with age/climate moderators (supports scope rows by AEZ).",true,,
shi_2018,agroforestry,agroforestry__planted_silvoarable|agroforestry__linear_boundary|agroforestry__silvopastoral|agroforestry__homegardens_proximity,T6,"Shi et al. (2018). Agroforestry systems: Meta‐analysis of soil carbon stocks, sequestration processes, and future potentials. Land Degradation &amp; Development.",10.1002/ldr.3136,https://onlinelibrary.wiley.com/doi/pdfdirect/10.1002/ldr.3136,oa,webfetch_403_bot_block — human browser download from publisher/repository URL,OA — browser/repository download (no institutional access needed),,pending,Namita-J,2026-10-02,"T6 synthesis pass EN probe_af_t6_lit_2026-10-02 (ruleset v1.6.0, synthesis-first). process=updated_lit; method_subtype=meta_analysis; t6_targets=carbon_sequestration_potential; families=agroforestry__planted_silvoarable|agroforestry__linear_boundary|agroforestry__silvopastoral|agroforestry__homegardens_proximity; scope=global; income=['low', 'lower_middle', 'upper_middle', 'high']; claim_scope_risk=practice; has_effect_sizes=True; proposed_tier=high (427 SOC paired data, disaggregated into alley cropping / windbreaks / silvopasture / homegardens; LDD OA); SOC stock change per family (1 m depth): family-isolating complement to Cardinael.",true,,
kim_2016,agroforestry,agroforestry__cross_family,T6,"Kim et al. (2016). Carbon sequestration and net emissions of CH4 and N2O under agroforestry: Synthesizing available data and suggestions for future studies. Agriculture, Ecosystems &amp; Environment.",10.1016/j.agee.2016.04.011,https://doi.org/10.1016/j.agee.2016.04.011,oa,OA (websearch:researchgate/unverified) — HUMAN CHECK,OA — browser/repository download (no institutional access needed),,pending,Namita-J,2026-10-02,"T6 synthesis pass EN probe_af_t6_lit_2026-10-02 (ruleset v1.6.0, synthesis-first). process=updated_lit; method_subtype=meta_analysis; t6_targets=carbon_sequestration_potential; families=agroforestry__cross_family; scope=global; income=['low', 'lower_middle', 'upper_middle', 'high']; claim_scope_risk=practice; has_effect_sizes=True; proposed_tier=medium (data synthesis of C sequestration + CH4/N2O fluxes (net GHG); AGEE; ICRAF; smaller n for GHG fluxes); Only synthesis found on NET GHG balance (CH4/N2O) under agroforestry: guards against C-only overstatement.",true,,
de_beenhouwer_2013,agroforestry,agroforestry__shaded_perennial,T6,"De Beenhouwer et al. (2013). A global meta-analysis of the biodiversity and ecosystem service benefits of coffee and cacao agroforestry. Agriculture, Ecosystems &amp; Environment.",10.1016/j.agee.2013.05.003,https://www.researchgate.net/publication/237061560,oa,OA (websearch:researchgate/unverified) — HUMAN CHECK,OA — browser/repository download (no institutional access needed),,pending,Namita-J,2026-10-02,"T6 synthesis pass EN probe_af_t6_lit_2026-10-02 (ruleset v1.6.0, synthesis-first). process=updated_lit; method_subtype=meta_analysis; t6_targets=biodiversity_priority,production_gap; families=agroforestry__shaded_perennial; scope=global tropics (coffee, cacao); income=['low', 'lower_middle', 'upper_middle']; claim_scope_risk=crop_specific; has_effect_sizes=True; proposed_tier=high (74 studies, forest->agroforest->plantation biodiversity and ES contrasts; AGEE; widely cited); F5 biodiversity effect of shade systems vs plantation; crop_specific (coffee/cacao). Seeded from T3 probe screen-out.",true,,
nguyen_2026,agroforestry,agroforestry__silvopastoral,T6,"Nguyen et al. (2026). Biodiversity in silvopastoral systems: A global review and meta-analysis. Agriculture, Ecosystems &amp; Environment.",10.1016/j.agee.2026.110645,https://era.dpi.qld.gov.au/id/eprint/15958/1/1-s2.0-S0167880926004329-main.pdf,oa,,OA — browser/repository download (no institutional access needed),D591_Rural-Scan_NBS/2_Technical_&_Data/library/1_Agroforestry/nguyen_2026.pdf,extracted,Namita-J,2026-10-02,"T6 synthesis pass EN probe_af_t6_lit_2026-10-02 (ruleset v1.6.0, synthesis-first). process=updated_lit; method_subtype=meta_analysis; t6_targets=biodiversity_priority; families=agroforestry__silvopastoral; scope=global; income=['low', 'lower_middle', 'upper_middle', 'high']; claim_scope_risk=practice; has_effect_sizes=True; proposed_tier=high (SR of 253 publications + MA of 730 comparisons; SPS +28.4% biodiversity vs open pasture; AGEE OA; 2026); Silvopasture-isolating biodiversity effect, split native vs planted trees.; acquired 2026-10-02 pass2 by orchestrator via unpaywall/citation_pdf_url (11 pp) → cache + SharePoint mirror",true,,
pumarino_2015,agroforestry,agroforestry__shaded_perennial|agroforestry__planted_silvoarable,T6,"Pumariño et al. (2015). Effects of agroforestry on pest, disease and weed control: A meta-analysis. Basic and Applied Ecology.",10.1016/j.baae.2015.08.006,https://publications.slu.se/?file=publ/show&id=68757,oa,landing page only (no citation_pdf_url / Unpaywall pdf) — human browser download,OA — browser/repository download (no institutional access needed),,pending,Namita-J,2026-10-02,"T6 synthesis pass EN probe_af_t6_lit_2026-10-02 (ruleset v1.6.0, synthesis-first). process=updated_lit; method_subtype=meta_analysis; t6_targets=production_gap,biodiversity_priority; families=agroforestry__shaded_perennial|agroforestry__planted_silvoarable; scope=global tropics; income=['low', 'lower_middle', 'upper_middle']; claim_scope_risk=practice; has_effect_sizes=True; proposed_tier=high (MA of pest, disease, weed, natural-enemy outcomes; perennial vs annual crop strata; Basic & Applied Ecology; I); Pest/disease regulation (yield-loss proxy, XW proxy) and natural-enemy biodiversity; perennial-crop rows lean F5.",true,,
basche_2019,agroforestry,agroforestry__cross_family,T6,Basche et al. (2019). Comparing infiltration rates in soils managed with conventional and alternative farming methods: A meta-analysis. PLOS ONE.,10.1371/journal.pone.0215702,https://journals.plos.org/plosone/article/file?id=10.1371/journal.pone.0215702&type=printable,oa,,OA — browser/repository download (no institutional access needed),D591_Rural-Scan_NBS/2_Technical_&_Data/library/1_Agroforestry/basche_2019.pdf,extracted,Namita-J,2026-10-02,"T6 synthesis pass EN probe_af_t6_lit_2026-10-02 (ruleset v1.6.0, synthesis-first). process=updated_lit; method_subtype=meta_analysis; t6_targets=water_stress; families=agroforestry__cross_family; scope=global; income=['low', 'lower_middle', 'upper_middle', 'high']; claim_scope_risk=practice; has_effect_sizes=True; proposed_tier=medium (89 studies; ""introducing perennials"" (grasses, agroforestry, managed forestry) +59.2% infiltration; PLOS ONE O); Only quantitative infiltration synthesis touching agroforestry; pooled category -> XW proximity=proxy (0.7 haircut); check whether agroforestry sub-rows exist.; acquired 2026-10-02 pass2 by orchestrator via unpaywall/citation_pdf_url (22 pp) → cache + SharePoint mirror",true,,
zheng_2020,agroforestry,agroforestry__linear_boundary,T6,Zheng et al. (2020). Effect of plant hedgerows on agricultural non-point source pollution: a meta-analysis. Environmental Science and Pollution Research.,10.1007/s11356-020-08988-7,https://doi.org/10.1007/s11356-020-08988-7,oa,OA (websearch:researchgate/unverified) — HUMAN CHECK,OA — browser/repository download (no institutional access needed),,pending,Namita-J,2026-10-02,"T6 synthesis pass EN probe_af_t6_lit_2026-10-02 (ruleset v1.6.0, synthesis-first). process=updated_lit; method_subtype=meta_analysis; t6_targets=water_quality_risk,soil_erosion_risk; families=agroforestry__linear_boundary; scope=China (sloping farmland); income=['upper_middle']; claim_scope_risk=practice; has_effect_sizes=True; proposed_tier=medium (53 papers, plant hedgerows on non-point-source pollution and soil nutrients; ESPR (mid-tier); China-only UMIC ); Only in-field (contour hedgerow) water-quality synthesis found; hedgerow species include grass/shrub -> keep woody-hedgerow rows only. Search-snippet % figures unverified.",true,,
kiptot_2011,agroforestry,agroforestry__planted_silvoarable|agroforestry__homegardens_proximity,T6,Kiptot et al. (2011). Gender and agroforestry in Africa: a review of women’s participation. Agroforestry Systems.,10.1007/s10457-011-9419-y,https://link.springer.com/content/pdf/10.1007/s10457-011-9419-y.pdf,oa,,OA — browser/repository download (no institutional access needed),D591_Rural-Scan_NBS/2_Technical_&_Data/library/1_Agroforestry/kiptot_2011.pdf,extracted,Namita-J,2026-10-02,"T6 synthesis pass EN probe_af_t6_lit_2026-10-02 (ruleset v1.6.0, synthesis-first). process=updated_lit; method_subtype=review; t6_targets=gender_inequity; families=agroforestry__planted_silvoarable|agroforestry__homegardens_proximity; scope=Africa; income=['low', 'lower_middle']; claim_scope_risk=practice; has_effect_sizes=False; proposed_tier=medium (structured literature review of women participation by practice (fodder, soil fertility, woodlots, indigenous ); Gendered participation/benefit by practice; ordinal only (no effect sizes).; acquired 2026-10-02 by orchestrator (24 pp) → cache + SharePoint mirror",true,,
haverhals_2016,agroforestry,agroforestry__cross_family,T6,"M. et al. (2016). Exploring gender and forest, tree and agroforestry value chains: Evidence and lessons from a systematic review. .",10.17528/cifor/006279,https://doi.org/10.17528/cifor/006279,oa,landing page only (no citation_pdf_url / Unpaywall pdf) — human browser download,OA — browser/repository download (no institutional access needed),,pending,Namita-J,2026-10-02,"T6 synthesis pass EN probe_af_t6_lit_2026-10-02 (ruleset v1.6.0, synthesis-first). process=updated_lit; method_subtype=systematic_review; t6_targets=gender_inequity,rural_poverty; families=agroforestry__cross_family; scope=global (Africa-biased); income=['low', 'lower_middle', 'upper_middle']; claim_scope_risk=practice; has_effect_sizes=False; proposed_tier=medium (systematic review of gender in forest/tree/agroforestry value chains; CIFOR Infobrief/working paper (grey-ish ); Gender differences + interventions in FTA value chains; forest products mixed in (PICOS: agroforestry rows only).",true,,
stubblefield_2026,agroforestry,agroforestry__cross_family,T6,Stubblefield et al. (2026). Global agroforestry adoption: A meta-analysis of econometric-based studies. Agroforestry Systems.,10.1007/s10457-026-01516-5,https://link.springer.com/content/pdf/10.1007/s10457-026-01516-5.pdf,oa,,OA — browser/repository download (no institutional access needed),D591_Rural-Scan_NBS/2_Technical_&_Data/library/1_Agroforestry/stubblefield_2026.pdf,extracted,Namita-J,2026-10-02,"T6 synthesis pass EN probe_af_t6_lit_2026-10-02 (ruleset v1.6.0, synthesis-first). process=updated_lit; method_subtype=meta_analysis; t6_targets=adoption; families=agroforestry__cross_family; scope=global (30 countries, Africa-heavy); income=['low', 'lower_middle', 'upper_middle', 'high']; claim_scope_risk=practice; has_effect_sizes=True; proposed_tier=medium (MA of 76 econometric adoption studies (94 obs), vote-count of 23 determinants; Agroforestry Systems 2026; meth); Adoption determinants (labour, knowledge, extension). NOTE routing: determinants are soft enabling-env -> use_role operational_risk (M2b / M6), NOT a T6 effect row.; acquired 2026-10-02 by orchestrator (17 pp) → cache + SharePoint mirror",true,,
sanchez_2026,agroforestry,agroforestry__cross_family,T6,Sánchez Bogado et al. (2026). Extensive but fragmented evidence limits understanding of factors shaping farmers' decisions regarding diversified farming systems: A global evidence map. People and Nature.,10.1002/pan3.70334,https://doi.org/10.1002/pan3.70334,oa,landing page only (no citation_pdf_url / Unpaywall pdf) — human browser download,OA — browser/repository download (no institutional access needed),,pending,Namita-J,2026-10-02,"T6 synthesis pass EN probe_af_t6_lit_2026-10-02 (ruleset v1.6.0, synthesis-first). process=updated_lit; method_subtype=systematic_map; t6_targets=adoption; families=agroforestry__cross_family; scope=global (45 countries); income=['low', 'lower_middle', 'upper_middle', 'high']; claim_scope_risk=practice; has_effect_sizes=False; proposed_tier=medium (systematic evidence map of 354 regression models / 193 studies across awareness->adoption->intensity->dis-adop); Only synthesis that explicitly covers DIS-adoption; also a gap map. Routing as above (operational_risk / M6).",true,,
roe_2021,agroforestry,agroforestry__cross_family,T6,Roe et al. (2021). Land‐based measures to mitigate climate change: Potential and feasibility by country. Global Change Biology.,10.1111/gcb.15873,https://edepot.wur.nl/555955,oa,,OA — browser/repository download (no institutional access needed),D591_Rural-Scan_NBS/2_Technical_&_Data/library/1_Agroforestry/roe_2021.pdf,extracted,Namita-J,2026-10-02,"T6 synthesis pass EN probe_af_t6_lit_2026-10-02 (ruleset v1.6.0, synthesis-first). process=updated_lit; method_subtype=review; t6_targets=carbon_sequestration_potential,economics; families=agroforestry__cross_family; scope=global (>200 countries); income=['low', 'lower_middle', 'upper_middle', 'high']; claim_scope_risk=practice; has_effect_sizes=True; proposed_tier=high (synthesis of 20 land-based mitigation measures incl. agroforestry; technical vs cost-effective (<=USD100/tCO2e); Only cost-per-tCO2e / cost-effective potential evidence for agroforestry found in updated_lit; country-level (admin0) -> qualified flag per T5 grain rule.; acquired 2026-10-02 pass2 by orchestrator via unpaywall/citation_pdf_url (34 pp) → cache + SharePoint mirror",true,,
baker_2025,agroforestry,agroforestry__silvopastoral|agroforestry__linear_boundary|agroforestry__planted_silvoarable,T6,"Baker et al. (2025). Effect of silvopasture, paddock trees and linear agroforestry systems on agricultural productivity: A global quantitative analysis. Agricultural Systems.",10.1016/j.agsy.2024.104240,https://doi.org/10.1016/j.agsy.2024.104240,oa,landing page only (no citation_pdf_url / Unpaywall pdf) — human browser download,OA — browser/repository download (no institutional access needed),,pending,Namita-J,2026-10-02,"T6 synthesis pass EN probe_af_t6_lit_2026-10-02 (ruleset v1.6.0, synthesis-first). process=updated_lit; method_subtype=meta_analysis; t6_targets=production_gap; families=agroforestry__silvopastoral|agroforestry__linear_boundary|agroforestry__planted_silvoarable; scope=global; income=['low', 'lower_middle', 'upper_middle', 'high']; claim_scope_risk=practice; has_effect_sizes=True; proposed_tier=medium (quantitative review of productivity effects vs treeless control by system, tree condition and climate; Agricul); Silvopasture / paddock-tree pasture growth and windbreak crop yield effect; T3 probe screen-out (outcome = productivity, T6).",true,,
muthuri_2023,agroforestry,agroforestry__homegardens_proximity|agroforestry__shaded_perennial|agroforestry__planted_silvoarable|agroforestry__cross_family,T6,"Muthuri et al. (2023). Agroforestry's contribution to livelihoods and carbon sequestration in East Africa: A systematic review. Trees, Forests and People.",10.1016/j.tfp.2023.100432,https://edepot.wur.nl/638744,oa,,OA — browser/repository download (no institutional access needed),D591_Rural-Scan_NBS/2_Technical_&_Data/library/1_Agroforestry/muthuri_2023.pdf,extracted,Namita-J,2026-10-02,"T6 synthesis pass EN probe_af_t6_lit_2026-10-02 (ruleset v1.6.0, synthesis-first). process=updated_lit; method_subtype=systematic_review; t6_targets=rural_poverty,carbon_sequestration_potential,agricultural_dependency; families=agroforestry__homegardens_proximity|agroforestry__shaded_perennial|agroforestry__planted_silvoarable|agroforestry__cross_family; scope=East Africa; income=['low', 'lower_middle']; claim_scope_risk=practice; has_effect_sizes=True; proposed_tier=medium (SR of 185 publications; livelihood benefit counts (ordinal) + biomass/soil C stocks by system (homegardens 34.); LMIC livelihood (income, fodder, firewood, safety net) + per-system C stocks.; acquired 2026-10-02 pass2 by orchestrator via unpaywall/citation_pdf_url (20 pp) → cache + SharePoint mirror",true,,
sharma_2022,agroforestry,agroforestry__homegardens_proximity,T6,Sharma et al. (2022). Homegarden agroforestry systems in achievement of Sustainable Development Goals. A review. Agronomy for Sustainable Development.,10.1007/s13593-022-00781-9,https://link.springer.com/content/pdf/10.1007/s13593-022-00781-9.pdf,oa,landing page only (no citation_pdf_url / Unpaywall pdf) — human browser download,OA — browser/repository download (no institutional access needed),,pending,Namita-J,2026-10-02,"T6 synthesis pass EN probe_af_t6_lit_2026-10-02 (ruleset v1.6.0, synthesis-first). process=updated_lit; method_subtype=review; t6_targets=rural_poverty,biodiversity_priority,gender_inequity,carbon_sequestration_potential; families=agroforestry__homegardens_proximity; scope=global tropics; income=['low', 'lower_middle', 'upper_middle']; claim_scope_risk=practice; has_effect_sizes=False; proposed_tier=medium (review of 94 homegarden papers mapped to SDG targets; ASD (strong venue) but narrative/ordinal); Only homegarden-isolating synthesis kept: nutrition, income, gender, agrobiodiversity, C (ordinal).",true,,
villarreyna_2020_es,agroforestry,agroforestry__shaded_perennial,T3|T6,Villarreyna et al. (2020). Adaptación basada en ecosistemas: efecto de los árboles de sombra sobre servicios ecosistémicos en cafetales. Agronomía Mesoamericana.,10.15517/am.v31i2.37591,https://revistas.ucr.ac.cr/index.php/agromeso/article/download/37591/42126,oa,,OA — browser/repository download (no institutional access needed),D591_Rural-Scan_NBS/2_Technical_&_Data/library/1_Agroforestry/villarreyna_2020_es.pdf,extracted,Namita-J,2026-10-02,"multilingual ES/FR/PT pass af_ml_2026-10-02 (ruleset v1.6.0, synthesis-first). process=updated_lit; method_subtype=review; language=es; hazards=heat_stress,drought; t6_targets=production_gap,soil_erosion_risk,carbon_sequestration_potential,water_stress; families=agroforestry__shaded_perennial; scope=regional (Mesoamerica/global coffee literature); income=['lower_middle', 'upper_middle']; claim_scope_risk=crop_specific (coffee) — route via allow_crop_scope for F5 only; has_effect_sizes=False; proposed_tier=medium (CATIE/CIRAD authors, narrative EbA review of shade-tree effects (microclimate, yield regulation, erosion, C); ); Shade trees framed explicitly as EbA: microclimate buffering (heat/drought) + yield-biennialism dampening (T3 livelihood) and provisioning/regulating services (T6). Complements Patil 2025 coffee MA with Mesoamerican LMIC; acquired 2026-10-02 by orchestrator (18 pp) → cache + SharePoint mirror",true,,
montagnini_2015_catie_es,agroforestry,agroforestry__planted_silvoarable|agroforestry__silvopastoral|agroforestry__linear_boundary|agroforestry__shaded_perennial|agroforestry__homegardens_proximity,T3|T6,"Montagnini, F.; Somarriba, E.; Murgueitio, E.; Fassola, H.; Eibl, B. (eds.) (2015). Sistemas agroforestales. Funciones productivas, socioeconómicas y ambientales. CATIE (Turrialba) / CIPAV (Cali). [series number to confirm from PDF]",,https://repositorio.catie.ac.cr/bitstream/handle/11554/7124/Sistemas_Agroforestales.pdf?sequence=1,oa,webfetch_403_bot_block — human browser download from publisher/repository URL,OA — browser/repository download (no institutional access needed),,pending,Namita-J,2026-10-02,"multilingual ES/FR/PT pass af_ml_2026-10-02 (ruleset v1.6.0, synthesis-first). process=updated_lit; method_subtype=edited_synthesis_volume; language=es; hazards=drought,heat_stress; t6_targets=production_gap,rural_poverty,carbon_sequestration_potential,biodiversity_priority,soil_erosion_risk,economics,adoption; families=agroforestry__planted_silvoarable|agroforestry__silvopastoral|agroforestry__linear_boundary|agroforestry__shaded_perennial|agroforestry__homegardens_proximity; scope=regional (Latin America); income=['lower_middle', 'upper_middle']; claim_scope_risk=mixed — chapters on coffee/cocoa are crop_specific; has_effect_sizes=True; proposed_tier=medium (CATIE/CIPAV landmark institutional synthesis (Montagnini, Somarriba, Murgueitio, Fassola, Eibl eds.), multi-ch); THE LatAm agroforestry synthesis volume . Chapter-level extraction recommended (SSPi productivity, coffee/cocoa, live fences, economics). No DOI — title anchor; verify-titles after caching.",,,
taboada_2020_rioccadapt_es,agroforestry,agroforestry__cross_family|agroforestry__silvopastoral|agroforestry__shaded_perennial,T3,"Taboada, M.A. et al. (2020). Capítulo 7. Sector Agropecuario. En: Moreno, J.M. et al. (eds.), Adaptación frente a los riesgos del cambio climático en los países iberoamericanos – Informe RIOCCADAPT. [publisher/pages to confirm from PDF]",,https://cgspace.cgiar.org/bitstreams/a4b55c32-f495-4022-a909-26fb7ab4c360/download,oa,,OA — browser/repository download (no institutional access needed),D591_Rural-Scan_NBS/2_Technical_&_Data/library/1_Agroforestry/taboada_2020_rioccadapt_es.pdf,extracted,Namita-J,2026-10-02,"multilingual ES/FR/PT pass af_ml_2026-10-02 (ruleset v1.6.0, synthesis-first). process=updated_lit; method_subtype=institutional_assessment; language=es; hazards=drought,flood,heat_stress,frost; t6_targets=production_gap; families=agroforestry__cross_family|agroforestry__silvopastoral|agroforestry__shaded_perennial; scope=regional (Ibero-America, 21 countries); income=['lower_middle', 'upper_middle', 'high']; claim_scope_risk=none; has_effect_sizes=False; proposed_tier=medium (IPCC-style regional assessment (RIOCC/ARAUCLIMA, Spanish Cooperation), multi-author; agroforestry/silvopastora); Spanish-language IPCC-WGII analogue for LatAm agriculture: adaptation-option effectiveness by hazard (drought/flood/heat). Use like IPCC AR6 Ch5 (institutional, ordinal). HUMAN: confirm the agroforestry/SSP disaggregatio; acquired 2026-10-02 pass2 by orchestrator via unpaywall/citation_pdf_url (54 pp) → cache + SharePoint mirror",,,true
current_1995_es,agroforestry,agroforestry__planted_silvoarable|agroforestry__linear_boundary|agroforestry__shaded_perennial|agroforestry__cross_family,T6,"Current, D.; Lutz, E.; Scherr, S.J. ([year to confirm]). Adopción agrícola y beneficios económicos de la agroforestería: experiencias en América Central y el Caribe. [Spanish edition; publisher/year to confirm from CATIE record] [of: Costs, benefits, and farmer adoption of agroforestry. World Bank Environment Paper, 1995 (DOI 10.1596/0-8213-3428-x)]",,http://repositorio.bibliotecaorton.catie.ac.cr/handle/11554/129,oa,publisher URL dead/unreachable — locate copy (repository / author / library),OA — browser/repository download (no institutional access needed),,pending,Namita-J,2026-10-02,"multilingual ES/FR/PT pass af_ml_2026-10-02 (ruleset v1.6.0, synthesis-first). process=updated_lit; method_subtype=multi_project_synthesis; language=es; t6_targets=economics,adoption,rural_poverty; families=agroforestry__planted_silvoarable|agroforestry__linear_boundary|agroforestry__shaded_perennial|agroforestry__cross_family; scope=regional (Central America & Caribbean, 21 projects); income=['low', 'lower_middle', 'upper_middle']; claim_scope_risk=none; has_effect_sizes=True; proposed_tier=medium (seminal World Bank/CATIE/IICA cross-project financial synthesis (NPV/IRR, adoption rates across ~21 projects);); Only multi-project LMIC agroforestry cost-benefit + adoption synthesis surfaced; T6 economic_indicator with per-ha denominators. English original = Current, Lutz & Scherr (1995) World Bank, DOI 10.1596/0-8213-3428-x (Cro",,,
murgueitio_2013_es,agroforestry,agroforestry__silvopastoral,T3|T6,Murgueitio R et al. (2013). Agroforestería Pecuaria y Sistemas Silvopastoriles Intensivos (SSPi) para la adaptación ganadera al cambio climático con sostenibilidad. Revista Colombiana de Ciencias Pecuarias.,10.17533/udea.rccp.324845,https://revistas.udea.edu.co/index.php/rccp/article/download/324845/20782332,oa,,OA — browser/repository download (no institutional access needed),D591_Rural-Scan_NBS/2_Technical_&_Data/library/1_Agroforestry/murgueitio_2013_es.pdf,extracted,Namita-J,2026-10-02,"multilingual ES/FR/PT pass af_ml_2026-10-02 (ruleset v1.6.0, synthesis-first). process=updated_lit; method_subtype=review; language=es; hazards=heat_stress,drought; t6_targets=production_gap,carbon_sequestration_potential,biodiversity_priority; families=agroforestry__silvopastoral; scope=regional (Colombia/Latin America); income=['upper_middle', 'lower_middle']; claim_scope_risk=none; has_effect_sizes=False; proposed_tier=low (narrative keynote review by CIPAV (promoter of SSPi — independence/COI discount); peer-reviewed Scopus journal); Frames SSPi as livestock heat/drought adaptation; pointer to Colombian primary data (CMSCR project, already in grey via ICR). Lineage: same CIPAV team as Montagnini 2015 ch. and Murgueitio 2015 (Rev Cubana, reserve) — co; acquired 2026-10-02 by orchestrator (4 pp) → cache + SharePoint mirror",true,,
navas_2010_es,agroforestry,agroforestry__silvopastoral,T3,Navas Panadero (2010). Importancia de los sistemas silvopastoriles en la reducción del estrés calórico en sistemas de producción ganadera tropical. Revista de Medicina Veterinaria.,10.19052/mv.782,https://ciencia.lasalle.edu.co/cgi/viewcontent.cgi?article=1047&context=mv,oa,publisher URL dead/unreachable — locate copy (repository / author / library),OA — browser/repository download (no institutional access needed),,pending,Namita-J,2026-10-02,"multilingual ES/FR/PT pass af_ml_2026-10-02 (ruleset v1.6.0, synthesis-first). process=updated_lit; method_subtype=review; language=es; hazards=heat_stress; t6_targets=production_gap; families=agroforestry__silvopastoral; scope=regional (Colombia/tropics); income=['upper_middle']; claim_scope_risk=none; has_effect_sizes=True; proposed_tier=low (narrative review in a national vet-medicine journal; compiles THI/thermoneutrality ranges and shade temperatur); Only Spanish synthesis focused squarely on SPS heat-stress mitigation for cattle (T3 heat_stress, livelihood: milk/reproduction). Complements Deniz 2023 (English SR) with tropical LatAm breeds.",true,,
cisneros_2024_es,agroforestry,agroforestry__silvopastoral,T3,"Cisneros-Saguilán et al. (2024). Sistemas silvopastoriles, una alternativa para atenuar el impacto del cambio climático en la ganadería. Idesia (Arica).",10.4067/s0718-34292024000200051,http://www.scielo.cl/pdf/idesia/v42n2/IDESIA-0718-3429-42-2-0051.pdf,oa,webfetch_403_bot_block — human browser download from publisher/repository URL,OA — browser/repository download (no institutional access needed),,pending,Namita-J,2026-10-02,"multilingual ES/FR/PT pass af_ml_2026-10-02 (ruleset v1.6.0, synthesis-first). process=updated_lit; method_subtype=review; language=es; hazards=heat_stress,drought; t6_targets=production_gap; families=agroforestry__silvopastoral; scope=regional (Mexico/global); income=['upper_middle']; claim_scope_risk=none; has_effect_sizes=False; proposed_tier=low (recent narrative review (SciELO Chile, Idesia); compiles regional SPS results; no protocol); Recent (2024) Mexico-centred review of SPS against heat stress / thermal comfort / milk losses; adds Mexican primaries not in English corpus.",true,,
morantes_2018_es,agroforestry,agroforestry__linear_boundary,T3|T6,Morantes-Toloza et al. (2018). Cercas vivas en sistemas de producción tropicales:  una revisión mundial de los usos y percepciones. Revista de Biología Tropical.,10.15517/rbt.v66i2.33405,https://revistas.ucr.ac.cr/index.php/rbt/article/download/33405/32877,oa,,OA — browser/repository download (no institutional access needed),D591_Rural-Scan_NBS/2_Technical_&_Data/library/1_Agroforestry/morantes_2018_es.pdf,extracted,Namita-J,2026-10-02,"multilingual ES/FR/PT pass af_ml_2026-10-02 (ruleset v1.6.0, synthesis-first). process=updated_lit; method_subtype=review; language=es; hazards=wind_cyclone; t6_targets=production_gap,biodiversity_priority,adoption; families=agroforestry__linear_boundary; scope=global tropics (America, Africa, Asia, Australia); income=['low', 'lower_middle', 'upper_middle']; claim_scope_risk=none; has_effect_sizes=False; proposed_tier=medium (global structured literature review in a reputable regional journal (Rev. Biol. Trop.); covers uses incl. wind); Only synthesis found for live fences (F4 planted_boundary) in any language; T6 uses/benefits + adoption/perception; windbreak role is an ordinal T3 wind pointer.; acquired 2026-10-02 by orchestrator (15 pp) → cache + SharePoint mirror",true,,
saucedo_2023_es,agroforestry,agroforestry__silvopastoral,T6,Saucedo-Uriarte et al. (2023). Sustentabilidad productiva de la instalación de sistemas silvopastoriles: una revisión sistemática basada en la realidad de Perú y Colombia. Ciencia y Tecnología Agropecuaria.,10.21930/rcta.vol24_num2_art:3048,https://revistacta.agrosavia.co/index.php/revista/article/download/3048/1035,oa,publisher URL dead/unreachable — locate copy (repository / author / library),OA — browser/repository download (no institutional access needed),,pending,Namita-J,2026-10-02,"multilingual ES/FR/PT pass af_ml_2026-10-02 (ruleset v1.6.0, synthesis-first). process=updated_lit; method_subtype=systematic_review; language=es; t6_targets=production_gap,economics,soil_erosion_risk; families=agroforestry__silvopastoral; scope=national (Peru, Colombia); income=['upper_middle']; claim_scope_risk=none; has_effect_sizes=True; proposed_tier=medium (PRISMA systematic review, AGROSAVIA journal; compares pasture/animal productivity SPS vs open pasture; LMIC An); T6 production_gap (meat/milk/pasture) + income for SPS in Peru/Colombia; PRISMA protocol.",true,,
seghieri_2019_fr,agroforestry,agroforestry__planted_silvoarable|agroforestry__regeneration_farmland|agroforestry__shaded_perennial|agroforestry__homegardens_proximity|agroforestry__cross_family,T3|T6,Seghieri et al. (2019). Agroforesterie et services écosystémiques en zone tropicale. .,10.35690/978-2-7592-3059-4,https://hal.science/hal-05173944v1/document,oa,,OA — browser/repository download (no institutional access needed),D591_Rural-Scan_NBS/2_Technical_&_Data/library/1_Agroforestry/seghieri_2019_fr.pdf,extracted,Namita-J,2026-10-02,"multilingual ES/FR/PT pass af_ml_2026-10-02 (ruleset v1.6.0, synthesis-first). process=updated_lit; method_subtype=edited_synthesis_volume; language=fr; hazards=drought,heat_stress; t6_targets=production_gap,carbon_sequestration_potential,biodiversity_priority,soil_erosion_risk,water_stress,rural_poverty; families=agroforestry__planted_silvoarable|agroforestry__regeneration_farmland|agroforestry__shaded_perennial|agroforestry__homegardens_proximity|agroforestry__cross_family; scope=global tropics (W/C Africa, Latin America, SE Asia); income=['low', 'lower_middle', 'upper_middle']; claim_scope_risk=mixed — cocoa/coffee chapters crop_specific; has_effect_sizes=True; proposed_tier=medium (CIRAD/IRD scientific synthesis book (Quae, peer-edited), chapters = thematic reviews (microclimate, water, C, ); Main francophone synthesis of tropical agroforestry ES; chapter-level extraction (parklands, cocoa/coffee, water). Overlaps Chapitre 11 RNA bassin arachidier (OpenEdition) — treat as one source.; acquired 2026-10-02 by orchestrator (253 pp) → cache + SharePoint mirror",true,,
botoni_2010_fr,agroforestry,agroforestry__regeneration_farmland,T3|T6,Botoni et al. (2010). La régénération naturelle assistée (RNA) : une opportunité pour reverdir le Sahel et réduire la vulnérabilité des populations rurales. Le projet majeur africain de la Grande Muraille Verte.,10.4000/books.irdeditions.2122,https://books.openedition.org/irdeditions/2122,oa,landing page only (no citation_pdf_url / Unpaywall pdf) — human browser download,OA — browser/repository download (no institutional access needed),,pending,Namita-J,2026-10-02,"multilingual ES/FR/PT pass af_ml_2026-10-02 (ruleset v1.6.0, synthesis-first). process=updated_lit; method_subtype=review; language=fr; hazards=drought; t6_targets=production_gap,rural_poverty,agricultural_dependency; families=agroforestry__regeneration_farmland; scope=regional (Sahel: Niger, Burkina Faso, Mali); income=['low']; claim_scope_risk=none; has_effect_sizes=True; proposed_tier=medium (synthesis chapter (IRD Éditions, Great Green Wall volume) by Botoni, Larwanou, Reij — compiles Sahel FMNR yiel); Francophone FMNR synthesis on drought vulnerability + livelihoods (LIC Sahel). Lineage overlap with known Sendzimir/Reij sources — dedupe via _dedupe_lineage.",true,,
fao_2024_senegal_fr,agroforestry,agroforestry__planted_silvoarable|agroforestry__regeneration_farmland|agroforestry__linear_boundary|agroforestry__cross_family,T3|T6,(2024). Bilan et analyse des interventions et expérimentations agroforestières au regard de leur potentiel à contribuer à l'adaption aux changements climatiques au Sénégal. .,10.4060/cc9818fr,http://openknowledge.fao.org/bitstreams/8f889986-3ee6-41c0-8f28-f2609c877c05/download,oa,,OA — browser/repository download (no institutional access needed),D591_Rural-Scan_NBS/2_Technical_&_Data/library/1_Agroforestry/fao_2024_senegal_fr.pdf,extracted,Namita-J,2026-10-02,"multilingual ES/FR/PT pass af_ml_2026-10-02 (ruleset v1.6.0, synthesis-first). process=updated_lit; method_subtype=institutional_synthesis; language=fr; hazards=drought,wind_cyclone,heat_stress; t6_targets=production_gap,soil_erosion_risk,rural_poverty; families=agroforestry__planted_silvoarable|agroforestry__regeneration_farmland|agroforestry__linear_boundary|agroforestry__cross_family; scope=national (Senegal); income=['lower_middle']; claim_scope_risk=none; has_effect_sizes=False; proposed_tier=medium (FAO stocktake of Senegal agroforestry interventions/experiments by adaptation potential; institutional (grey d); Only francophone-Sahel institutional synthesis of agroforestry ADAPTATION evidence (parklands, windbreaks, FMNR) found. Sister FAO 2022 cc1230fr (practice catalogue) = reserve. Unpaywall 'closed' but FAO publishes free —; acquired 2026-10-02 pass2 by orchestrator via unpaywall/citation_pdf_url (78 pp) → cache + SharePoint mirror",true,,
quenol_2006_fr,agroforestry,agroforestry__linear_boundary,T3,Quenol et al. (2006). Impact des haies brise-vent sur le gel printanier en arboriculture. Climatologie.,10.4267/climatologie.663,https://climatology.edpsciences.org/articles/climat/pdf/2006/01/climat20063p9.pdf,oa,webfetch_403_bot_block — human browser download from publisher/repository URL,OA — browser/repository download (no institutional access needed),,pending,Namita-J,2026-10-02,"multilingual ES/FR/PT pass af_ml_2026-10-02 (ruleset v1.6.0, synthesis-first). process=updated_lit; method_subtype=primary_observational; language=fr; hazards=frost; families=agroforestry__linear_boundary; scope=site (France); income=['high']; claim_scope_risk=crop_specific (fruit orchards); has_effect_sizes=True; proposed_tier=low (primary field study (6 plots, 42 frost nights 1998-2002, % frozen buds mapped); HIC; admitted under sole-evide); FROST GAP: windbreaks can WORSEN frost (cold-air pooling when hedge is impermeable) — a signed/negative effect for F4. Important null/negative evidence; HIC → transfer_class HIC.",true,,
souza_2011_pt,agroforestry,agroforestry__planted_silvoarable,T3,Souza et al. (2011). Resistência de espécies arbóreas submetidas a extremos climáticos de geada em diferentes sistemas agroflorestais. Ciência Rural.,10.1590/s0103-84782011005000073,http://www.scielo.br/pdf/cr/v41n6/a1011cr4016.pdf,oa,,OA — browser/repository download (no institutional access needed),D591_Rural-Scan_NBS/2_Technical_&_Data/library/1_Agroforestry/souza_2011_pt.pdf,extracted,Namita-J,2026-10-02,"multilingual ES/FR/PT pass af_ml_2026-10-02 (ruleset v1.6.0, synthesis-first). process=updated_lit; method_subtype=primary_experimental; language=pt; hazards=frost; families=agroforestry__planted_silvoarable; scope=site (Rio Grande do Sul, Brazil); income=['upper_middle']; claim_scope_risk=species_specific risk — per-species damage scores (5 tree spp.); has_effect_sizes=True; proposed_tier=low (primary field trial, frost-damage scores 0-10 per species x 2 AF arrangements; UMIC; sole-evidence exception (); asset_vulnerability(frost) for planted AF trees; arrangement effect (strip vs line) is practice-level, species scores are species_specific — tag accordingly.; acquired 2026-10-02 by orchestrator (6 pp) → cache + SharePoint mirror",true,,
robusti_2017_pt,agroforestry,agroforestry__shaded_perennial,T3|T6,"Robusti, E.A.; Zapparoli, I.D.; Santoro, P.H. (2017). Café arborizado no Estado do Paraná, Brasil: indicadores financeiros e interferências ambientais, 2012-2014. Agroalimentaria, 23(44), 79-91.",,https://www.redalyc.org/journal/1992/199252873006/html/,oa,landing page only (no citation_pdf_url / Unpaywall pdf) — human browser download,OA — browser/repository download (no institutional access needed),,pending,Namita-J,2026-10-02,"multilingual ES/FR/PT pass af_ml_2026-10-02 (ruleset v1.6.0, synthesis-first). process=updated_lit; method_subtype=primary_experimental; language=pt; hazards=frost; t6_targets=economics; families=agroforestry__shaded_perennial; scope=site (Londrina, Paraná, Brazil — IAPAR trial); income=['upper_middle']; claim_scope_risk=crop_specific (coffee) + species_specific (7 shade spp.); has_effect_sizes=True; proposed_tier=low (primary IAPAR/EMBRAPA trial with 2013 frost event: coffee mortality by shade species vs monoculture + NPV/BCR;); FROST GAP (livelihood): shaded vs unshaded coffee mortality after the 2013 frost + financial indicators (per-ha). Second frost source beside Caramori 1996. Numbers seen only in a tool summary — not evidence until extract",,,
ribeiro_2022_pt,agroforestry,agroforestry__cross_family,T6,Ribeiro (). Aspectos determinantes para adoção de sistemas agroflorestais no brasil: revisão sistemática e metanálise. .,10.47328/ufvbbt.2023.024,https://locus.ufv.br//bitstream/123456789/31040/1/texto%20completo.pdf,oa,,OA — browser/repository download (no institutional access needed),D591_Rural-Scan_NBS/2_Technical_&_Data/library/1_Agroforestry/ribeiro_2022_pt.pdf,extracted,Namita-J,2026-10-02,"multilingual ES/FR/PT pass af_ml_2026-10-02 (ruleset v1.6.0, synthesis-first). process=updated_lit; method_subtype=systematic_review_meta_analysis; language=pt; t6_targets=adoption,economics; families=agroforestry__cross_family; scope=national (Brazil); income=['upper_middle']; claim_scope_risk=none; has_effect_sizes=True; proposed_tier=medium (SR+MA (957 screened, 60 included, 35 extracted, 10 pooled), double-blind screening; UFV dissertation (not jour); Only adoption meta-analysis found in any of the 3 languages; barriers (information, credit, tenure) — note: barrier variables route to M2b operational_risk, adoption RATE/income effect to T6. Crossref author list malform; acquired 2026-10-02 by orchestrator (54 pp) → cache + SharePoint mirror",true,,
santos_2025_pt,agroforestry,agroforestry__planted_silvoarable|agroforestry__silvopastoral|agroforestry__cross_family,T3|T6,"Santos et al. (2025). Sistemas Agroflorestais no Semiárido Brasileiro: Uma Revisão sobre Viabilidade, Benefícios Econômicos e Ecológicos. Revista Brasileira de Geografia Física.",10.26848/rbgf.v18.1.p200-220,https://periodicos.ufpe.br/revistas/index.php/rbgfe/article/download/261315/48212,oa,,OA — browser/repository download (no institutional access needed),D591_Rural-Scan_NBS/2_Technical_&_Data/library/1_Agroforestry/santos_2025_pt.pdf,extracted,Namita-J,2026-10-02,"multilingual ES/FR/PT pass af_ml_2026-10-02 (ruleset v1.6.0, synthesis-first). process=updated_lit; method_subtype=review; language=pt; hazards=drought; t6_targets=economics,water_stress,soil_erosion_risk,carbon_sequestration_potential; families=agroforestry__planted_silvoarable|agroforestry__silvopastoral|agroforestry__cross_family; scope=regional (Brazilian semi-arid / Caatinga); income=['upper_middle']; claim_scope_risk=none; has_effect_sizes=False; proposed_tier=low (narrative review, national geography journal (gold OA); semi-arid dryland LMIC-like context; directional); Semi-arid (Caatinga) agroforestry: hydraulic redistribution/soil conservation (drought, water_stress) + economic viability — a dryland analogue to the Sahel.; acquired 2026-10-02 by orchestrator (21 pp) → cache + SharePoint mirror",true,,
dossantos_2023_pt,agroforestry,agroforestry__planted_silvoarable|agroforestry__shaded_perennial|agroforestry__cross_family,T6,Dos Santos et al. (2023). Diferenças de produtividade entre sistemas convencionais e agroflorestais de culturas alimentares: uma revisão integrativa de literatura. Revista Faz Ciência.,10.48075/rfc.v25i41.30738,https://e-revista.unioeste.br/index.php/fazciencia/article/download/30738/21915,oa,,OA — browser/repository download (no institutional access needed),D591_Rural-Scan_NBS/2_Technical_&_Data/library/1_Agroforestry/dossantos_2023_pt.pdf,extracted,Namita-J,2026-10-02,"multilingual ES/FR/PT pass af_ml_2026-10-02 (ruleset v1.6.0, synthesis-first). process=updated_lit; method_subtype=integrative_review; language=pt; t6_targets=production_gap; families=agroforestry__planted_silvoarable|agroforestry__shaded_perennial|agroforestry__cross_family; scope=global (21 studies, Capes+Scopus); income=['low', 'lower_middle', 'upper_middle', 'high']; claim_scope_risk=none; has_effect_sizes=True; proposed_tier=low (integrative review with explicit search (Capes, Scopus) and vote-count (15/21 = 71% higher AF productivity); l); Vote-count of AF vs monoculture food-crop yields — ordinal production_gap direction; weak but explicit protocol.; acquired 2026-10-02 pass2 by orchestrator via unpaywall/citation_pdf_url (18 pp) → cache + SharePoint mirror",true,,
ferraz_2024_pt,agroforestry,agroforestry__cross_family,T6,Ferraz et al. (2024). Viabilidade financeira e econômica de sistema de produção agroflorestal: uma revisão integrativa. OBSERVATÓRIO DE LA ECONOMÍA LATINOAMERICANA.,10.55905/oelv22n10-006,https://ojs.observatoriolatinoamericano.com/ojs/index.php/olel/article/download/6952/4388,oa,,OA — browser/repository download (no institutional access needed),D591_Rural-Scan_NBS/2_Technical_&_Data/library/1_Agroforestry/ferraz_2024_pt.pdf,extracted,Namita-J,2026-10-02,"multilingual ES/FR/PT pass af_ml_2026-10-02 (ruleset v1.6.0, synthesis-first). process=updated_lit; method_subtype=integrative_review; language=pt; t6_targets=economics; families=agroforestry__cross_family; scope=national (Brazil, 2011-2021); income=['upper_middle']; claim_scope_risk=none; has_effect_sizes=True; proposed_tier=low (integrative review (BDTD, SciELO, Capes) of NPV/IRR studies; low-tier venue (COI none, but quality questionabl); Pooled list of Brazilian SAF NPV/IRR/BCR studies — candidate per-ha economic_indicator rows (subject to the ≥2-source same-unit gate).; acquired 2026-10-02 by orchestrator (21 pp) → cache + SharePoint mirror",true,,
diasfilho_2008_pt,agroforestry,agroforestry__silvopastoral,T6,"Dias-Filho, M.B.; Ferreira, J. (2008). Barreiras à adoção de sistemas silvipastoris no Brasil. Embrapa (Documentos series; number to confirm). Infoteca-e doc/410149.",,http://www.infoteca.cnptia.embrapa.br/bitstream/doc/410149/1/Doc347.pdf,oa,,OA — browser/repository download (no institutional access needed),D591_Rural-Scan_NBS/2_Technical_&_Data/library/1_Agroforestry/diasfilho_2008_pt.pdf,extracted,Namita-J,2026-10-02,"multilingual ES/FR/PT pass af_ml_2026-10-02 (ruleset v1.6.0, synthesis-first). process=updated_lit; method_subtype=review; language=pt; t6_targets=adoption; families=agroforestry__silvopastoral; scope=national (Brazil); income=['upper_middle']; claim_scope_risk=none; has_effect_sizes=False; proposed_tier=low (Embrapa Documentos (institutional grey review); expert synthesis of adoption barriers; older); SPS adoption barriers (Brazil) — most barrier content is soft enabling-env → M2b operational_risk, NOT T4; adoption-level statements → T6 adoption.; acquired 2026-10-02 pass2 by orchestrator via unpaywall/citation_pdf_url (25 pp) → cache + SharePoint mirror",,,true
regreening_africa_endline_2023,agroforestry,agroforestry__regeneration_farmland|agroforestry__planted_silvoarable,T6,"Woldeyohanes, T., Kegode, H., Hughes, K., Outtara, I., Vågen, T.-G., Winowiecki, L.A., Kleinsmann, J., Prabhu, R., Bourne, M. (2023). Regreening Africa Consolidated Endline Survey Report. World Agroforestry (ICRAF), Nairobi.",,https://web.archive.org/web/20260422042137id_/https://regreeningafrica.org/wp-content/uploads/2023/08/Endline-Report_21_08_23_Online.pdf,oa,publisher link dead — archived copy; HUMAN: mirror to SharePoint,web (publisher domain),D591_Rural-Scan_NBS/2_Technical_&_Data/library/1_Agroforestry/regreening_africa_endline_2023.pdf,extracted,Namita-J,2026-10-02,"grey MEL/IA pass af_grey_mel_2026-10-02 (ruleset v1.6.0, synthesis-first). process=grey; method_subtype=endline_report; t6_targets=soil_erosion_risk,carbon_sequestration_potential,rural_poverty,gender_inequity,adoption; families=agroforestry__regeneration_farmland|agroforestry__planted_silvoarable; scope=['ETH', 'GHA', 'KEN', 'MLI', 'NER', 'RWA', 'SEN', 'SOM']; income=['low', 'lower_middle']; claim_scope_risk=; has_effect_sizes=True; proposed_tier=Med (Large multi-country LIC/LMIC panel, transparent methods, independent-ish (ICRAF research arm, not implementers); report=Regreening Africa (EU DCI-ENV/2017) consolidated endline, Aug 2023; file Endline-Report_21_08_23_Online.pdf; The probe's unacquirable endline. Real document found. It contains NO drought-conditional outcome; the '40% fewer food-insecure months during drought' snippet figure does not appear anywhere in it. Useful T6 null/modest  design=before_after; text_layer_ok=True; acquired 2026-10-02 pass2 by orchestrator via wayback (60 pp) → cache + SharePoint mirror",,,true
crs_regreening_cost_efficiency_2023,agroforestry,agroforestry__regeneration_farmland|agroforestry__planted_silvoarable|agroforestry__homegardens_proximity,T6,"Catholic Relief Services (CRS), with World Vision, ICRAF and IRC (2023). Regreening Africa 2023 (Ghana & Rwanda) Cost-Efficiency Analysis, March 2023 (Dioptra case study).",,https://www.crs.org/sites/default/files/2025-04/ReGreening%20Africa%20Case%20Study_final%20(1).pdf,oa,,web (publisher domain),D591_Rural-Scan_NBS/2_Technical_&_Data/library/1_Agroforestry/crs_regreening_cost_efficiency_2023.pdf,extracted,Namita-J,2026-10-02,"grey MEL/IA pass af_grey_mel_2026-10-02 (ruleset v1.6.0, synthesis-first). process=grey; method_subtype=programme_evaluation; t6_targets=economics; families=agroforestry__regeneration_farmland|agroforestry__planted_silvoarable|agroforestry__homegardens_proximity; scope=['GHA', 'RWA']; income=['lower_middle', 'low']; claim_scope_risk=; has_effect_sizes=True; proposed_tier=Med (Actual expenditure, explicit per-unit denominators (cost_per_farmer_reached, cost_per_hectare_restored) -> rar); report=CRS Dioptra case study, Regreening Africa Ghana & Rwanda, March 2023; Best grey find for T6 economic_indicator_type. Two different agroforestry families, so it does NOT meet the >=2-independent-sources-same-unit gate on its own. design=monitoring; text_layer_ok=True; acquired 2026-10-02 by orchestrator (7 pp) → cache + SharePoint mirror",,,true
wv_talensi_fmnr_phase3_brief,agroforestry,agroforestry__regeneration_farmland,T6,"World Vision Australia / World Vision Ghana (Obeng, A.K., Napogbong, L., Chanimbe, B.; analysis Chalk, K., Morley, G.) (2021). Ghana Talensi Farmer Managed Natural Regeneration Project Phase 3, 2017-20: Impact Brief.",,https://www.worldvision.com.au/docs/default-source/impact-briefs/ghana-talensi-phase-3-impact-brief.pdf,oa,,web (publisher domain),D591_Rural-Scan_NBS/2_Technical_&_Data/library/1_Agroforestry/wv_talensi_fmnr_phase3_brief.pdf,extracted,Namita-J,2026-10-02,"grey MEL/IA pass af_grey_mel_2026-10-02 (ruleset v1.6.0, synthesis-first). process=grey; method_subtype=endline_report; t6_targets=rural_poverty,production_gap,adoption; families=agroforestry__regeneration_farmland; scope=['GHA']; income=['lower_middle']; claim_scope_risk=; has_effect_sizes=True; proposed_tier=Low (Implementer self-evaluation (COI), before-after with acknowledged sampling change, bundled with storage interv); report=WVA impact brief, Talensi FMNR Phase 3 (ANCP-funded); Distinct from the known Weston et al. 2015 (Talensi phase 1-2 SROI lineage). Phase-3 endline only. design=before_after; text_layer_ok=True; acquired 2026-10-02 by orchestrator (12 pp) → cache + SharePoint mirror",,,true
wv_fmnr_evidence_of_impact_2019,agroforestry,agroforestry__regeneration_farmland,T3|T6,World Vision Australia (2019). Evidence of Impact: Farmer Managed Natural Regeneration (FMNR). Meta-evidence brief.,,https://www.worldvision.com.au/docs/default-source/meta-evidence-briefs/evidence-of-impact-farmer-managed-natural-regeneration.pdf,oa,,web (publisher domain),D591_Rural-Scan_NBS/2_Technical_&_Data/library/1_Agroforestry/wv_fmnr_evidence_of_impact_2019.pdf,extracted,Namita-J,2026-10-02,"grey MEL/IA pass af_grey_mel_2026-10-02 (ruleset v1.6.0, synthesis-first). process=grey; method_subtype=programme_evaluation; hazards=drought; t6_targets=rural_poverty,gender_inequity,adoption,production_gap; families=agroforestry__regeneration_farmland; scope=['ETH', 'KEN', 'UGA', 'TZA', 'GHA', 'SEN', 'TLS']; income=['low', 'lower_middle']; claim_scope_risk=; has_effect_sizes=True; proposed_tier=Low (Implementer meta-brief of its own evaluations (strong COI), self-reported outcomes; useful as pointer into WV ); report=WVA meta-evidence brief 2019; T3 drought tag is weak (cited-literature only) -> hazard claims must be traced to the primary; use mainly as T6 + a lineage map. design=synthesis; text_layer_ok=True; acquired 2026-10-02 by orchestrator (17 pp) → cache + SharePoint mirror",,,true
buritica_caqueta_silvopasture_brief_2024,agroforestry,agroforestry__silvopastoral,T6,"Buriticá, A., Ngaiwi, M., Moreno, M., Castro-Núñez, A., González, C., Urbani, I. (2024). Assessing the impact of silvo-pastoral systems in the Colombian Amazon piedmont. Impact Brief Series #1. Alliance of Bioversity International and CIAT.",,https://cgspace.cgiar.org/server/api/core/bitstreams/cd548222-3139-48a2-8abd-f3136387f048/content,oa,,web (publisher domain),D591_Rural-Scan_NBS/2_Technical_&_Data/library/1_Agroforestry/buritica_caqueta_silvopasture_brief_2024.pdf,extracted,Namita-J,2026-10-02,"grey MEL/IA pass af_grey_mel_2026-10-02 (ruleset v1.6.0, synthesis-first). process=grey; method_subtype=impact_evaluation; t6_targets=production_gap,rural_poverty,biodiversity_priority,adoption; families=agroforestry__silvopastoral; scope=['COL']; income=['upper_middle']; claim_scope_risk=; has_effect_sizes=False; proposed_tier=Med (Credible QE design by research centre (ex-post, years after project), but 4-page brief, no numbers in text lay); report=CGSpace hdl 10568/151592 (Impact Brief Series #1); Human: locate the underlying working paper/dataset with the DiD coefficients before extraction. design=quasi_experimental; text_layer_ok=True; acquired 2026-10-02 by orchestrator (4 pp) → cache + SharePoint mirror",,,true
place_2005_ifpri_rr142,agroforestry,agroforestry__planted_silvoarable,T6,Research Institute (IFPRI) (2005). The impact of agroforestry-based soil fertility replenishment practices on the poor in Western Kenya Report. .,10.2499/0896291448rr142,https://cgspace.cgiar.org/server/api/core/bitstreams/1354959a-d6d1-4534-90ae-cf7c45bc72c7/content,oa,,web (publisher domain),D591_Rural-Scan_NBS/2_Technical_&_Data/library/1_Agroforestry/place_2005_ifpri_rr142.pdf,extracted,Namita-J,2026-10-02,"grey MEL/IA pass af_grey_mel_2026-10-02 (ruleset v1.6.0, synthesis-first). process=grey; method_subtype=impact_evaluation; t6_targets=production_gap,rural_poverty,adoption; families=agroforestry__planted_silvoarable; scope=['KEN']; income=['lower_middle']; claim_scope_risk=; has_effect_sizes=True; proposed_tier=High (SPIA-commissioned independent impact study, mixed methods, transparent; dated (2005) but seminal for improved-); report=IFPRI Research Report 142; CGSpace hdl 10568/160634; Improved fallows = planted fertilizer trees rotated/intercropped; family mapping needs human check (no 'improved fallow' FAM id). design=quasi_experimental; text_layer_ok=True; acquired 2026-10-02 by orchestrator (178 pp) → cache + SharePoint mirror",true,,
coulibaly_2016_icraf_wp223,agroforestry,agroforestry__planted_silvoarable,T6,Coulibaly et al. (2016). Adoption of Agroforestry and its impact on household food security among farmers in Malawi. .,10.5716/WP16013.PDF,https://apps.worldagroforestry.org/downloads/Publications/PDFS/WP16013.pdf,oa,webfetch_403_bot_block — human browser download from publisher/repository URL,web (publisher domain),,pending,Namita-J,2026-10-02,"grey MEL/IA pass af_grey_mel_2026-10-02 (ruleset v1.6.0, synthesis-first). process=grey; method_subtype=impact_evaluation; t6_targets=production_gap,rural_poverty,adoption; families=agroforestry__planted_silvoarable; scope=['MWI']; income=['low']; claim_scope_risk=; has_effect_sizes=True; proposed_tier=Med (Selection-corrected QE, LIC, transparent; ICRAF evaluating ICRAF-promoted technology (COI discount); working p); report=ICRAF Working Paper 223; The AFSP (Irish Aid) external CIE evaluation 2011 is not online; this WP is the accessible impact estimate. Check overlap with any peer-reviewed version the T6 sibling may find. design=quasi_experimental; text_layer_ok=True",true,,
alemu_spia_ethiopia_2024,agroforestry,agroforestry__homegardens_proximity|agroforestry__planted_silvoarable,T6,"Alemu, S., Ambel, A., Khanal, A., Kosmowski, F., Stevenson, J.R., Taye, L., Tsegay, A., Macours, K. (2024). SPIA Ethiopia Report 2024: Building Resilience to Shocks. CGIAR Standing Panel on Impact Assessment.",,https://cgspace.cgiar.org/server/api/core/bitstreams/8e99aa3c-5809-4850-b675-8757a7edc6d3/content,oa,,web (publisher domain),D591_Rural-Scan_NBS/2_Technical_&_Data/library/1_Agroforestry/alemu_spia_ethiopia_2024.pdf,extracted,Namita-J,2026-10-02,"grey MEL/IA pass af_grey_mel_2026-10-02 (ruleset v1.6.0, synthesis-first). process=grey; method_subtype=melia; t6_targets=adoption; families=agroforestry__homegardens_proximity|agroforestry__planted_silvoarable; scope=['ETH']; income=['low']; claim_scope_risk=; has_effect_sizes=True; proposed_tier=High (Independent (SPIA), nationally representative, LIC; adoption-only (no outcome effect)); report=CGSpace hdl 10568/163773; Observed adoption trajectory under repeated drought shocks -> T6 adoption / constrain-by-observed-distribution input; no agroforestry effect size. design=monitoring; text_layer_ok=True; acquired 2026-10-02 by orchestrator (72 pp) → cache + SharePoint mirror",,,true
mutenje_2021_ccafs_csa_adaptation,agroforestry,agroforestry__regeneration_farmland,T6,"Mutenje, M.J. (2021). Assessment of the evidence base on adaptation benefits of CSA options across timescales and geographies in West Africa. CCAFS report (EU-IFAD).",,https://cgspace.cgiar.org/server/api/core/bitstreams/add0fb47-5dc5-4ac0-9c45-393c0fac8215/content,oa,,web (publisher domain),D591_Rural-Scan_NBS/2_Technical_&_Data/library/1_Agroforestry/mutenje_2021_ccafs_csa_adaptation.pdf,extracted,Namita-J,2026-10-02,"grey MEL/IA pass af_grey_mel_2026-10-02 (ruleset v1.6.0, synthesis-first). process=grey; method_subtype=melia; t6_targets=adoption; families=agroforestry__regeneration_farmland; scope=['GHA', 'MLI', 'NER', 'SEN']; income=['lower_middle', 'low']; claim_scope_risk=; has_effect_sizes=True; proposed_tier=Low (Bundled CSA packages; adaptive capacity not disaggregated by practice; CGIAR self-assessment); report=CGSpace hdl 10568/117830; Adoption-only; T3 adaptive-capacity results are package-level and should NOT be attributed to FMNR. design=quasi_experimental; text_layer_ok=True; acquired 2026-10-02 by orchestrator (73 pp) → cache + SharePoint mirror",,,true
ipcc_srccl_ch6_2019,agroforestry,agroforestry__cross_family,T3|T6,"(2022). Interlinkages between desertification, land degradation, food security and greenhouse gas fluxes: Synergies, trade-offs and integrated response options. Climate Change and Land.",10.1017/9781009157988.008,https://www.ipcc.ch/site/assets/uploads/sites/4/2022/11/SRCCL_Chapter_6.pdf,oa,,web (publisher domain),D591_Rural-Scan_NBS/2_Technical_&_Data/library/1_Agroforestry/ipcc_srccl_ch6_2019.pdf,extracted,Namita-J,2026-10-02,"grey MEL/IA pass af_grey_mel_2026-10-02 (ruleset v1.6.0, synthesis-first). process=grey; method_subtype=systematic_review; hazards=drought; t6_targets=carbon_sequestration_potential,soil_erosion_risk,production_gap,economics; families=agroforestry__cross_family; scope=['global']; income=['low', 'lower_middle', 'upper_middle', 'high']; claim_scope_risk=; has_effect_sizes=True; proposed_tier=High (IPCC assessment with calibrated confidence; global, ordinal for adaptation; not grey-biased in the NGO sense); report=IPCC SRCCL Ch6; Beyond AR6 WGII Ch5 (queued). Gives IPCC-native confidence for agroforestry on drought/desertification adaptation; authors to confirm from chapter front matter. design=synthesis; text_layer_ok=True; acquired 2026-10-02 by orchestrator (122 pp) → cache + SharePoint mirror",true,,
ipcc_ar6_wg3_ch7_2022,agroforestry,agroforestry__cross_family,T6,"(2023). Agriculture, Forestry and Other Land Uses (AFOLU). Climate Change 2022 - Mitigation of Climate Change.",10.1017/9781009157926.009,https://www.ipcc.ch/report/ar6/wg3/downloads/report/IPCC_AR6_WGIII_Chapter07.pdf,oa,,web (publisher domain),D591_Rural-Scan_NBS/2_Technical_&_Data/library/1_Agroforestry/ipcc_ar6_wg3_ch7_2022.pdf,extracted,Namita-J,2026-10-02,"grey MEL/IA pass af_grey_mel_2026-10-02 (ruleset v1.6.0, synthesis-first). process=grey; method_subtype=systematic_review; t6_targets=carbon_sequestration_potential,economics; families=agroforestry__cross_family; scope=['global']; income=['low', 'lower_middle', 'upper_middle', 'high']; claim_scope_risk=; has_effect_sizes=True; proposed_tier=High (IPCC assessment; global mitigation potential (modelled synthesis) -> scoping-grade cost_per_tco2e only); report=IPCC AR6 WGIII Ch7; Feeds T6 carbon + cost_per_tco2e_avoided; global rows only (not LMIC-specific). design=synthesis; text_layer_ok=True; acquired 2026-10-02 by orchestrator (114 pp) → cache + SharePoint mirror",true,,
steward_2023_nbs_economics_wp,agroforestry|water_harvesting_conservation|forest_restoration|wetland_management|riparian_buffer,,T6,"Steward P, Joshi N, Kacha G, Ombewa B, Mumo E, Muller L, Youngberg B, Magnan N, Rosenstock T. (2023). Economic benefits and costs of nature-based solutions in low- and middle-income countries. Working Paper. Alliance of Bioversity International and CIAT, Rome.",,,oa,,internal — Alliance working paper (team authors); master .docx + LibreOffice-rendered PDF in the library,D591_Rural-Scan_NBS/2_Technical_&_Data/library/0_Methodology_&_Frameworks/steward_2023_nbs_economics_wp.pdf,extracted,,2026-10-05,"ECONOMICS synthesis source (Pete 2026-10-05). Meta-analysis of 198 LMIC studies / ~9,700 economic observations across 12 agricultural NbS; per-NbS pooled log-RRs for gross revenue, cost, profit, BCR (agroforestry: n=12, profit +17.8%, cost −1.4%, BCR +18.5%, ns). source_kind=report rendered from .docx (docx→PDF rule, search_protocol.md); master docx kept beside the PDF. INTERNAL AUTHORSHIP (Steward, Joshi, Youngberg, Muller) → independence/COI discount at tiering. Also seeds the economics meta-dataset (nbs_data_p3.csv) for primary-study acquisition.",,,true
bado_2021_econ,agroforestry,agroforestry__regeneration_farmland,T6,"Bado et al. (2021). Improving agricultural productivity using agroforestry systems: Performance of millet, cowpea, and ziziphus-based cropping systems in West Africa Sahel. Agriculture, Ecosystems &amp; Environment.",10.1016/j.agee.2020.107175,,unknown,"unpaywall: no OA location (Elsevier) — NOT yet ""paywalled"": run the required web-search OA recovery (ResearchGate / repository / author copy) before labelling; else institutional",pending OA recovery → else Institutional access via CGIAR library,,pending,Namita-J,2026-10-05,"ECONOMICS primary seeded from the Steward 2023 NbS-economics meta-dataset (nbs_data_p3.csv code 6135532); country=Niger; outcomes={""Gross Return"": 10}; units={""USD"": 10}; VALUE LOCATIONS=Table 7 (extract these tables); measurement years=2015, 2015.2016.2017.2018, 2016, 2017, 2018; treatments=With Ziziphus; With Ziziphus and Fruits. Per-unit denominators present → T6 establishment_cost / cost_per_hectare / economic_return.",true,,
perez_neira_2016_econ,agroforestry,agroforestry__shaded_perennial,T6,Pérez Neira (2016). Energy efficiency of cacao agroforestry under traditional and organic management. Agronomy for Sustainable Development.,10.1007/s13593-016-0386-6,,unknown,"unpaywall: no OA location (Springer) — NOT yet ""paywalled"": run the required web-search OA recovery (ResearchGate / repository / author copy) before labelling; else institutional",pending OA recovery → else Institutional access via CGIAR library,,pending,Namita-J,2026-10-05,"ECONOMICS primary seeded from the Steward 2023 NbS-economics meta-dataset (nbs_data_p3.csv code 6141687); country=Ecuador; outcomes={""Gross Margin"": 2, ""Variable Cost"": 2}; units={""USD/ha"": 4}; VALUE LOCATIONS=Table 1 (extract these tables); measurement years=Unspecified; treatments=Organic; Traditional. Per-unit denominators present → T6 establishment_cost / cost_per_hectare / economic_return.",true,,
adhikary_2022_econ,agroforestry,agroforestry__planted_silvoarable,T6,Biswas et al. (2022). Agroforestry offers multiple ecosystem services in degraded lateritic soils. Journal of Cleaner Production.,10.1016/j.jclepro.2022.132768,,unknown,"unpaywall: no OA location (Elsevier) — NOT yet ""paywalled"": run the required web-search OA recovery (ResearchGate / repository / author copy) before labelling; else institutional",pending OA recovery → else Institutional access via CGIAR library,,pending,Namita-J,2026-10-05,"ECONOMICS primary seeded from the Steward 2023 NbS-economics meta-dataset (nbs_data_p3.csv code 6141943); country=India; outcomes={""Net Present Value"": 48, ""Cost Benefit Ratio (VCGR)"": 60, ""Variable Cost"": 12, ""Gross Margin"": 12, ""Benefit Cost Ratio (GMVC)"": 12}; units={""USD/ha"": 48, """": 60, ""USD/ha/year"": 36}; VALUE LOCATIONS=Supplementary Table S4, Table 1 (extract these tables); measurement years=2009.2019; treatments=Gmelina + Mango ; Gmelina + Pigeon Pea; Gmelina + Pigeon Pea + Mango. Per-unit denominators present → T6 establishment_cost / cost_per_hectare / economic_return.",true,,
li_2022_econ,agroforestry,agroforestry__planted_silvoarable,T6,Wang et al. (2023). Juvenile plumcot tree can improve fruit quality and economic benefits by intercropping with alfalfa in semi-arid areas. Agricultural Systems.,10.1016/j.agsy.2022.103590,,unknown,"unpaywall: no OA location (Elsevier) — NOT yet ""paywalled"": run the required web-search OA recovery (ResearchGate / repository / author copy) before labelling; else institutional",pending OA recovery → else Institutional access via CGIAR library,,pending,Namita-J,2026-10-05,"ECONOMICS primary seeded from the Steward 2023 NbS-economics meta-dataset (nbs_data_p3.csv code 6136220); country=China; outcomes={""Gross Return"": 6, ""Total Cost"": 6, ""Net Return"": 6, ""Present Value of Benefit"": 2, ""Present Value of Cost"": 2, ""Net Present Value"": 2, ""Benefit Cost Ratio (GRTC PV)"": 2, ""Benefit Cost Ratio (NRTC)"": 6}; units={""EUR/ha"": 24, ""EUR/ha (total)"": 6, """": 2}; VALUE LOCATIONS=Table 4 (extract these tables); measurement years=2019, 2019.2021, 2020, 2021; treatments=Plumcot + Alfalfa; Plumcot + Soybean. Per-unit denominators present → T6 establishment_cost / cost_per_hectare / economic_return.",true,,
bucagu_2013_econ,agroforestry,agroforestry__shaded_perennial,T6,Bucagu et al. (2013). Managing Tephrosia mulch and fertilizer to enhance coffee productivity on smallholder farms in the Eastern African Highlands. European Journal of Agronomy.,10.1016/j.eja.2013.02.005,NA,,,,,pending,Namita-J,2026-10-05,ECONOMICS primary seeded from the ERA economics meta-dataset (Steward 2023 WP; ERA code HK0232; ERAg::ERA_Bibliography). PICOS: include — Tephrosia shrub mulch in smallholder coffee (crop_specific coffee). Economic outcomes recorded in the dataset (gross margin / BCR / variable cost) with per-ha denominators → T6 economics cells.,true,,
fadl_2013_econ,agroforestry,agroforestry__regeneration_farmland,T6,"Fadl (2012). Influence of Acacia senegal agroforestry system on growth and yield of sorghum, sesame, roselle and gum in north Kordofan State, Sudan. Journal of Forestry Research.",10.1007/s11676-012-0319-4,NA,,,,,pending,Namita-J,2026-10-05,ECONOMICS primary seeded from the ERA economics meta-dataset (Steward 2023 WP; ERA code JS0152; ERAg::ERA_Bibliography). PICOS: include — Acacia senegal parkland agroforestry with sorghum/sesame. Economic outcomes recorded in the dataset (gross margin / BCR / variable cost) with per-ha denominators → T6 economics cells.,true,,
midega_2014_econ,agroforestry,,T6,Midega et al. (2014). Cumulative effects and economic benefits of intercropping maize with food legumes on Striga hermonthica infestation. Field Crops Research.,10.1016/j.fcr.2013.09.012,NA,,,,,pending,Namita-J,2026-10-05,"ECONOMICS primary seeded from the ERA economics meta-dataset (Steward 2023 WP; ERA code DK0117; ERAg::ERA_Bibliography). PICOS: SCREEN — maize + food-legume intercropping; legumes are not trees: emit only if a woody/shrub component is explicit, else PICOS-exclude. Economic outcomes recorded in the dataset (gross margin / BCR / variable cost) with per-ha denominators → T6 economics cells.",true,,
aiyelaagbe_2001_econ,agroforestry,agroforestry__planted_silvoarable,T6,Aiyelaagbe (2001). Productivity of an Intercropped Sweet Orange Orchard in Southwestern Nigeria. Biological Agriculture &amp; Horticulture.,10.1080/01448765.2001.9754895,NA,,,,,pending,Namita-J,2026-10-05,ECONOMICS primary seeded from the ERA economics meta-dataset (Steward 2023 WP; ERA code HK0025; ERAg::ERA_Bibliography). PICOS: include — intercropped sweet-orange orchard (fruit-tree intercropping). Economic outcomes recorded in the dataset (gross margin / BCR / variable cost) with per-ha denominators → T6 economics cells.,true,,
kormawa_1999_econ,agroforestry,agroforestry__planted_silvoarable,T6,Kormawa et al. (1999). ECONOMIC EVALUATION OF USING MULCH FROM MULTI-PURPOSE TREES IN MAIZE-BASED PRODUCTION SYSTEMS IN SOUTH-WESTERN NIGERIA. Experimental Agriculture.,10.1017/s0014479799001106,NA,,,,,pending,Namita-J,2026-10-05,"ECONOMICS primary seeded from the ERA economics meta-dataset (Steward 2023 WP; ERA code LM0068; ERAg::ERA_Bibliography). PICOS: include — mulch from multipurpose trees in maize systems, economic evaluation. Economic outcomes recorded in the dataset (gross margin / BCR / variable cost) with per-ha denominators → T6 economics cells.",true,,
maliki_2012_econ,agroforestry,agroforestry__planted_silvoarable,T6,Maliki et al. (2012). Agronomic and Economic Performance of Yam-Based Systems with Shrubby and Herbaceous Legumes Adapted by Smallholders. Outlook on Agriculture.,10.5367/oa.2012.0094,NA,,,,,pending,Namita-J,2026-10-05,ECONOMICS primary seeded from the ERA economics meta-dataset (Steward 2023 WP; ERA code JS0373; ERAg::ERA_Bibliography). PICOS: include (flag) — yam with shrubby legumes (alley-cropping style); confirm woody species. Economic outcomes recorded in the dataset (gross margin / BCR / variable cost) with per-ha denominators → T6 economics cells.,true,,
onduru_2008_econ,agroforestry,,T6,"Onduru et al. (2008). Exploring options for integrated nutrient management in semi-arid tropics using farmer field schools: a case study in Mbeere District, eastern Kenya. International Journal of Agricultural Sustainability.",10.3763/ijas.2008.0267,NA,,,,,pending,Namita-J,2026-10-05,ECONOMICS primary seeded from the ERA economics meta-dataset (Steward 2023 WP; ERA code LM0249; ERAg::ERA_Bibliography). PICOS: SCREEN — integrated nutrient management via farmer field schools; agroforestry component must be explicit. Economic outcomes recorded in the dataset (gross margin / BCR / variable cost) with per-ha denominators → T6 economics cells.,true,,
reyes_2005_econ,agroforestry,agroforestry__homegardens_proximity,T6,"Reyes, T.;Quiroz, R.;Msikula, S. (2005). Socio-economic comparison between traditional and improved cultivation methods in agroforestry systems, East Usambara Mountains, Tanzania. Environmental Management.",,NA,,,,,pending,Namita-J,2026-10-05,"ECONOMICS primary seeded from the ERA economics meta-dataset (Steward 2023 WP; ERA code JS0203; ERAg::ERA_Bibliography). PICOS: include — traditional vs improved agroforestry systems, socio-economic comparison (Tanzania); confirm family. Economic outcomes recorded in the dataset (gross margin / BCR / variable cost) with per-ha denominators → T6 economics cells. | DOI FAILED verification (title_mismatch); original DOI blanked — acquire by TITLE.",false,,
snapp_2010_econ,agroforestry,,T6,Snapp et al. (2010). Biodiversity can support a greener revolution in Africa. Proceedings of the National Academy of Sciences.,10.1073/pnas.1007199107,NA,,,,,pending,Namita-J,2026-10-05,"ECONOMICS primary seeded from the ERA economics meta-dataset (Steward 2023 WP; ERA code HK0222; ERAg::ERA_Bibliography). PICOS: SCREEN — maize–legume ""greener revolution"" (PNAS); pigeonpea doubled-up legumes are semi-perennial shrubs, not agroforestry unless the text says so. Economic outcomes recorded in the dataset (gross margin / BCR / variable cost) with per-ha denominators → T6 economics cells.",true,,
tonye_1995_econ,agroforestry,agroforestry__planted_silvoarable,T6,"Tonye et al. (1995). Agronomic and economic evaluation of methods of establishing alley cropping under a maize/groundnut intercrop system. Agriculture, Ecosystems &amp; Environment.",10.1016/0167-8809(95)00634-6,NA,,,,,pending,Namita-J,2026-10-05,"ECONOMICS primary seeded from the ERA economics meta-dataset (Steward 2023 WP; ERA code LM0027; ERAg::ERA_Bibliography). PICOS: include — alley cropping establishment methods, agronomic + economic evaluation. Economic outcomes recorded in the dataset (gross margin / BCR / variable cost) with per-ha denominators → T6 economics cells.",true,,
dile_2013,water_harvesting_conservation,water_harvesting__in_situ|water_harvesting__micro_catchment|water_harvesting__runoff_catchment,T3|T6,"Dile et al. (2013). The role of water harvesting to achieve sustainable agricultural intensification and resilience against water related shocks in sub-Saharan Africa. Agriculture, Ecosystems &amp; Environment.",10.1016/j.agee.2013.09.014,https://doi.org/10.1016/j.agee.2013.09.014,oa,OA (websearch:researchgate/unverified) — HUMAN CHECK,OA — browser/repository download (no institutional access needed),,pending,Namita-J,2026-10-05,"water_synthesis_first_2026-10-05 (ruleset v1.6.0, synthesis-first). process=updated_lit; method_subtype=review; study_scope=sub-Saharan Africa; income_groups_covered=['low', 'lower_middle']; claim_scope_risk=practice; hazards=drought; t6_targets=production_gap,water_stress,rural_poverty; families=water_harvesting__in_situ|water_harvesting__micro_catchment|water_harvesting__runoff_catchment; has_effect_sizes=True; proposed_tier=high (Review of WH for intensification + resilience to dry spells/drought in SSA (SEI/Rockström group); quantitative); Core T3 drought/dry-spell synthesis for SSA WH; supplemental-irrigation pond yield effects (up to 3x) and risk reduction",true,,
rockstrom_2010,water_harvesting_conservation,water_harvesting__in_situ|water_harvesting__micro_catchment|water_harvesting__runoff_catchment,T3|T6,Rockström et al. (2010). Managing water in rainfed agriculture—The need for a paradigm shift. Agricultural Water Management.,10.1016/j.agwat.2009.09.009,https://doi.org/10.1016/j.agwat.2009.09.009,oa,OA (websearch:researchgate/unverified) — HUMAN CHECK,OA — browser/repository download (no institutional access needed),,pending,Namita-J,2026-10-05,"water_synthesis_first_2026-10-05 (ruleset v1.6.0, synthesis-first). process=updated_lit; method_subtype=review; study_scope=global (SSA, South Asia, MENA); income_groups_covered=['low', 'lower_middle']; claim_scope_risk=practice; hazards=drought; t6_targets=production_gap,water_stress; families=water_harvesting__in_situ|water_harvesting__micro_catchment|water_harvesting__runoff_catchment; has_effect_sizes=True; proposed_tier=high (Seminal (716 cites) synthesis on dry-spell frequency and WH/supplemental irrigation yield-gap closure; IWMI/IC); Dry-spell bridging framing: frequency of crop-damaging dry spells and WH as risk reduction; seminal",true,,
biazin_2012,water_harvesting_conservation,water_harvesting__in_situ|water_harvesting__micro_catchment|water_harvesting__runoff_catchment,T3|T6,"Biazin et al. (2012). Rainwater harvesting and management in rainfed agricultural systems in sub-Saharan Africa – A review. Physics and Chemistry of the Earth, Parts A/B/C.",10.1016/j.pce.2011.08.015,https://research.wur.nl/en/publications/rainwater-harvesting-and-management-in-rainfed-agricultural-syste,oa,tool acquisition failed — no candidate URL yielded a PDF (landing page / 403 / no Unpaywall copy); human browser download / OA web-search recovery,OA — browser/repository download (no institutional access needed),,pending,Namita-J,2026-10-05,"water_synthesis_first_2026-10-05 (ruleset v1.6.0, synthesis-first). process=updated_lit; method_subtype=review; study_scope=sub-Saharan Africa; income_groups_covered=['low', 'lower_middle']; claim_scope_risk=practice; hazards=drought; t6_targets=production_gap,water_stress,soil_erosion_risk; families=water_harvesting__in_situ|water_harvesting__micro_catchment|water_harvesting__runoff_catchment; has_effect_sizes=True; proposed_tier=medium (Widely cited (333) structured review of RWH in SSA rainfed systems; in-situ + ex-situ; LMIC; narrative w/ tabu); SSA-wide catalogue of RWH technologies with yield/soil-moisture effects by agro-climate",true,,
zougmore_2014,water_harvesting_conservation,water_harvesting__in_situ|water_harvesting__micro_catchment|water_harvesting__terracing,T3|T6,Zougmoré et al. (2014). Climate-smart soil water and nutrient management options in semiarid West Africa: a review of evidence and analysis of stone bunds and zaï techniques. Agriculture &amp; Food Security.,10.1186/2048-7010-3-16,https://agricultureandfoodsecurity.biomedcentral.com/counter/pdf/10.1186/2048-7010-3-16,oa,,OA — browser/repository download (no institutional access needed),D591_Rural-Scan_NBS/2_Technical_&_Data/library/3_Water_Harvesting/zougmore_2014.pdf,extracted,Namita-J,2026-10-05,"water_synthesis_first_2026-10-05 (ruleset v1.6.0, synthesis-first). process=updated_lit; method_subtype=review; study_scope=West African Sahel; income_groups_covered=['low']; claim_scope_risk=practice; hazards=drought; t6_targets=production_gap,water_stress,carbon_sequestration_potential,rural_poverty; families=water_harvesting__in_situ|water_harvesting__micro_catchment|water_harvesting__terracing; has_effect_sizes=True; proposed_tier=high (Review + re-analysis of stone bunds, zaï, half-moons against CSA pillars; LIC Sahel; CCAFS/CGIAR authors (mino); Family-isolating Sahel synthesis: yield, soil water, adaptation and mitigation of zaï/stone bunds/half-moons; acquired 2026-10-05 by acquire-queue.py (8 pp) → cache + SharePoint mirror | extracted 2026-10-05 run wh_effect_sweep_2026-10 (gated staging ingest)",true,,
steward_2018,water_harvesting_conservation,water_harvesting__in_situ,T3|T6,"Steward et al. (2018). The adaptive capacity of maize-based conservation agriculture systems to climate stress in tropical and subtropical environments: A meta-regression of yields. Agriculture, Ecosystems &amp; Environment.",10.1016/j.agee.2017.09.019,https://www.sciencedirect.com/science/article/pii/S016788091730419X/pdf,oa,tool acquisition failed — no candidate URL yielded a PDF (landing page / 403 / no Unpaywall copy); human browser download / OA web-search recovery,OA — browser/repository download (no institutional access needed),,pending,Namita-J,2026-10-05,"water_synthesis_first_2026-10-05 (ruleset v1.6.0, synthesis-first). process=updated_lit; method_subtype=meta_regression; study_scope=tropics + subtropics (SSA, LatAm, S Asia); income_groups_covered=['low', 'lower_middle', 'upper_middle']; claim_scope_risk=practice; hazards=drought,heat; t6_targets=production_gap; families=water_harvesting__in_situ; has_effect_sizes=True; proposed_tier=high (Meta-regression of maize CA yields against drought + extreme-heat stress with global climate/soil data; only s); T3 heat + drought: CA (conservation tillage/mulch) relative yield vs drought/heat stress. INTERNAL AUTHORSHIP - flag COI",true,,
corbeels_2020,water_harvesting_conservation,water_harvesting__in_situ,T3|T6,Corbeels et al. (2020). Limits of conservation agriculture to overcome low crop yields in sub-Saharan Africa. Nature Food.,10.1038/s43016-020-0114-x,https://resolver.sub.uni-goettingen.de/purl?gro-2/130787,oa,tool acquisition failed — no candidate URL yielded a PDF (landing page / 403 / no Unpaywall copy); human browser download / OA web-search recovery,OA — browser/repository download (no institutional access needed),,pending,Namita-J,2026-10-05,"water_synthesis_first_2026-10-05 (ruleset v1.6.0, synthesis-first). process=updated_lit; method_subtype=meta_analysis; study_scope=sub-Saharan Africa; income_groups_covered=['low', 'lower_middle']; claim_scope_risk=practice; hazards=drought; t6_targets=production_gap; families=water_harvesting__in_situ; has_effect_sizes=True; proposed_tier=high (Nature Food MA of CA yields in SSA, moderated by rainfall/aridity; CIRAD/CIMMYT/ICRISAT; LMIC-only; includes n); CA/mulch yield effect in SSA; positive mainly under low rainfall — drought-modulation + null-ish finding retained",true,,
fan_2023,water_harvesting_conservation,water_harvesting__in_situ,T3|T6,Fan et al. (2023). The effectiveness of mulching practices on water erosion control: A global meta-analysis. Geoderma.,10.1016/j.geoderma.2023.116643,https://doi.org/10.1016/j.geoderma.2023.116643,oa,tool acquisition failed — no candidate URL yielded a PDF (landing page / 403 / no Unpaywall copy); human browser download / OA web-search recovery,OA — browser/repository download (no institutional access needed),,pending,Namita-J,2026-10-05,"water_synthesis_first_2026-10-05 (ruleset v1.6.0, synthesis-first). process=updated_lit; method_subtype=meta_analysis; study_scope=global; income_groups_covered=['low', 'lower_middle', 'upper_middle', 'high']; claim_scope_risk=practice; hazards=flood; t6_targets=soil_erosion_risk,water_quality_risk; families=water_harvesting__in_situ; has_effect_sizes=True; proposed_tier=medium (Global MA (90 pubs, 933 obs) of mulching on runoff/soil loss incl. rainfall-intensity moderator; HIC+China hea); Runoff -47%/soil loss -76% under mulch; rainfall-intensity moderator usable for T3 runoff/intense-rain lens",true,,
kato_2011,water_harvesting_conservation,water_harvesting__in_situ|water_harvesting__terracing,T3,Kato et al. (2011). Soil and water conservation technologies: a buffer against production risk in the face of climate change? Insights from the Nile basin in Ethiopia. Agricultural Economics.,10.1111/j.1574-0862.2011.00539.x,https://doi.org/10.1111/j.1574-0862.2011.00539.x,oa,OA (websearch:researchgate/unverified) — HUMAN CHECK,OA — browser/repository download (no institutional access needed),,pending,Namita-J,2026-10-05,"water_synthesis_first_2026-10-05 (ruleset v1.6.0, synthesis-first). process=updated_lit; method_subtype=primary_econometric; study_scope=Ethiopia (Nile basin); income_groups_covered=['low']; claim_scope_risk=practice; hazards=drought; t6_targets=production_gap; families=water_harvesting__in_situ|water_harvesting__terracing; has_effect_sizes=True; proposed_tier=medium (PRIMARY admitted: only quantitative evidence on SWC effect on yield VARIANCE (production risk) by rainfall zon); T3 drought: stone/soil bunds reduce production variance in low-rainfall zones, not in high-rainfall zones",true,,
makmensah_2021,water_harvesting_conservation,water_harvesting__in_situ,T3|T6,Mak-Mensah et al. (2021). Influence of tied-ridge-furrow with inorganic fertilizer on grain yield across semiarid regions of Asia and Africa: A meta-analysis. PeerJ.,10.7717/peerj.11904,https://doi.org/10.7717/peerj.11904,oa,tool acquisition failed — no candidate URL yielded a PDF (landing page / 403 / no Unpaywall copy); human browser download / OA web-search recovery,OA — browser/repository download (no institutional access needed),,pending,Namita-J,2026-10-05,"water_synthesis_first_2026-10-05 (ruleset v1.6.0, synthesis-first). process=updated_lit; method_subtype=meta_analysis; study_scope=semi-arid Asia + Africa; income_groups_covered=['low', 'lower_middle', 'upper_middle']; claim_scope_risk=practice; hazards=drought; t6_targets=production_gap; families=water_harvesting__in_situ; has_effect_sizes=True; proposed_tier=medium (Family-isolating MA of tied-ridge-furrow (± fertiliser) yields in semi-arid regions; PeerJ; China-heavy; small); Tied-ridge / ridge-furrow yield response in semi-arid zones",true,,
tefera_2024,water_harvesting_conservation,water_harvesting__in_situ|water_harvesting__micro_catchment,T3|T6,Tefera et al. (2024). Traditional In Situ Water Harvesting Practices and Agricultural Sustainability in Sub-Saharan Africa—A Meta-Analysis. Sustainability.,10.3390/su16156427,https://www.mdpi.com/2071-1050/16/15/6427/pdf?version=1722059225,oa,tool acquisition failed — no candidate URL yielded a PDF (landing page / 403 / no Unpaywall copy); human browser download / OA web-search recovery,OA — browser/repository download (no institutional access needed),,pending,Namita-J,2026-10-05,"water_synthesis_first_2026-10-05 (ruleset v1.6.0, synthesis-first). process=updated_lit; method_subtype=meta_analysis; study_scope=sub-Saharan Africa; income_groups_covered=['low', 'lower_middle']; claim_scope_risk=practice; hazards=drought,flood; t6_targets=production_gap,water_stress,soil_erosion_risk; families=water_harvesting__in_situ|water_harvesting__micro_catchment; has_effect_sizes=True; proposed_tier=medium (Recent SSA MA of traditional in-situ WH (zaï, half-moons, tied ridges, bunds) on yield, soil moisture, runoff,); Yield +71% pooled; effect stratified by rainfall conditions (drought modulation); runoff/soil-loss reductions",true,,
nguru_2026,water_harvesting_conservation,water_harvesting__in_situ|water_harvesting__micro_catchment|water_harvesting__terracing,T3,Nguru et al. (2026). A Systematic Review of Land- and Water-Management Technologies for Resilient Agriculture in the Sahel: Insights from Climate Analogues in Sub-Saharan Africa. Sustainability.,10.3390/su18020787,https://www.mdpi.com/2071-1050/18/2/787/pdf?version=1768287433,oa,tool acquisition failed — no candidate URL yielded a PDF (landing page / 403 / no Unpaywall copy); human browser download / OA web-search recovery,OA — browser/repository download (no institutional access needed),,pending,Namita-J,2026-10-05,"water_synthesis_first_2026-10-05 (ruleset v1.6.0, synthesis-first). process=updated_lit; method_subtype=systematic_review; study_scope=sub-Saharan Africa (Sahel climate analogues); income_groups_covered=['low', 'lower_middle']; claim_scope_risk=practice; hazards=drought; t6_targets=production_gap,soil_erosion_risk; families=water_harvesting__in_situ|water_harvesting__micro_catchment|water_harvesting__terracing; has_effect_sizes=False; proposed_tier=medium (PRISMA SR of 85 land/water technologies across 17 climate-analogue SSA countries; transferability-oriented; MD); Climate-analogue transfer logic useful for applicability envelope; effect sizes limited",true,,
silva_2026,water_harvesting_conservation,water_harvesting__runoff_catchment|water_harvesting__rooftop,T3|T6,Silva et al. (2026). Rainwater harvesting systems for agricultural water security: a systematic review of productivity and resilience. Water Security.,10.1016/j.wasec.2026.100213,https://www.sciencedirect.com/science/article/pii/S2468312426000192/pdf,oa,tool acquisition failed — no candidate URL yielded a PDF (landing page / 403 / no Unpaywall copy); human browser download / OA web-search recovery,OA — browser/repository download (no institutional access needed),,pending,Namita-J,2026-10-05,"water_synthesis_first_2026-10-05 (ruleset v1.6.0, synthesis-first). process=updated_lit; method_subtype=systematic_review; study_scope=global (rainfed/semi-arid); income_groups_covered=['low', 'lower_middle', 'upper_middle']; claim_scope_risk=practice; hazards=drought; t6_targets=production_gap,water_stress,rural_poverty; families=water_harvesting__runoff_catchment|water_harvesting__rooftop; has_effect_sizes=False; proposed_tier=medium (PRISMA-2020 SR of RWH systems for agricultural water security (productivity + resilience + socio-economics); n); Storage-based RWH (ponds/tanks/cisterns) productivity and resilience; covers rooftop-to-agriculture",true,,
glendenning_2012,water_harvesting_conservation,water_harvesting__runoff_catchment,T6,Glendenning et al. (2012). Balancing watershed and local scale impacts of rain water harvesting in India—A review. Agricultural Water Management.,10.1016/j.agwat.2012.01.011,https://doi.org/10.1016/j.agwat.2012.01.011,oa,OA (websearch:researchgate/unverified) — HUMAN CHECK,OA — browser/repository download (no institutional access needed),,pending,Namita-J,2026-10-05,"water_synthesis_first_2026-10-05 (ruleset v1.6.0, synthesis-first). process=updated_lit; method_subtype=review; study_scope=India; income_groups_covered=['lower_middle']; claim_scope_risk=practice; hazards=drought; t6_targets=water_stress; families=water_harvesting__runoff_catchment; has_effect_sizes=True; proposed_tier=high (Key review of check dam / percolation tank recharge evidence at structure vs watershed scale; documents NEGATI); T6 water_stress/groundwater recharge: local benefit vs watershed-scale downstream losses; explicit evidence gap",true,,
ritchie_2021,water_harvesting_conservation,water_harvesting__runoff_catchment,T3|T6,Ritchie et al. (2021). Sand Dams as a Potential Solution to Rural Water Security in Drylands: Existing Research and Future Opportunities. Frontiers in Water.,10.3389/frwa.2021.651954,https://www.frontiersin.org/articles/10.3389/frwa.2021.651954/pdf,oa,tool acquisition failed — no candidate URL yielded a PDF (landing page / 403 / no Unpaywall copy); human browser download / OA web-search recovery,OA — browser/repository download (no institutional access needed),D591_Rural-Scan_NBS/2_Technical_&_Data/library/3_Water_Harvesting/ritchie_2021.pdf,extracted,Namita-J,2026-10-05,"water_synthesis_first_2026-10-05 (ruleset v1.6.0, synthesis-first). process=updated_lit; method_subtype=review; study_scope=global drylands (mostly Kenya); income_groups_covered=['low', 'lower_middle']; claim_scope_risk=practice; hazards=drought; t6_targets=water_stress,water_quality_risk; families=water_harvesting__runoff_catchment; has_effect_sizes=False; proposed_tier=medium (Review of peer-reviewed + grey sand-dam literature; covers contested failure rate (asset vulnerability) and wa); Sand dams: dry-season water security + ASSET VULNERABILITY (failure rate, siltation, leakage); acquired 2026-10-05 by acquire-queue.py (18 pp) → cache + SharePoint mirror | extracted 2026-10-05 run wh_effect_sweep_2026-10 (gated staging ingest)",true,,
saruchera_2019,water_harvesting_conservation,water_harvesting__runoff_catchment,T3|T6,Saruchera et al. (2019). Small reservoirs in Africa: a review and synthesis to strengthen future investment. .,10.5337/2019.209,https://cgspace.cgiar.org/server/api/core/bitstreams/c6dc9be1-8fc7-440f-8f6b-f496ce2272a4/content,oa,,OA — browser/repository download (no institutional access needed),D591_Rural-Scan_NBS/2_Technical_&_Data/library/3_Water_Harvesting/saruchera_2019.pdf,extracted,Namita-J,2026-10-05,"water_synthesis_first_2026-10-05 (ruleset v1.6.0, synthesis-first). process=updated_lit; method_subtype=review; study_scope=Africa; income_groups_covered=['low', 'lower_middle']; claim_scope_risk=practice; hazards=drought; t6_targets=production_gap,rural_poverty,water_stress; families=water_harvesting__runoff_catchment; has_effect_sizes=False; proposed_tier=medium (IWMI working paper synthesis of small-reservoir evidence (livelihoods, resilience, sedimentation, maintenance)); Small reservoirs/farm ponds: livelihood + climate resilience benefits and sedimentation/maintenance failure (asset vulnerability). FLAG: grey-sibling overlap; acquired 2026-10-05 by acquire-queue.py (44 pp) → cache + SharePoint mirror | extracted 2026-10-05 run wh_effect_sweep_2026-10 (gated staging ingest)",true,,
venot_2012,water_harvesting_conservation,water_harvesting__runoff_catchment,T6,"Venot et al. (2012). Revisiting dominant notions: a review of costs, performance and institutions of small reservoirs in Sub-Saharan Africa. .",10.5337/2012.202,https://cgspace.cgiar.org/server/api/core/bitstreams/4622812e-9b4b-483f-a58d-841f57f47c23/content,oa,,OA — browser/repository download (no institutional access needed),D591_Rural-Scan_NBS/2_Technical_&_Data/library/3_Water_Harvesting/venot_2012.pdf,extracted,Namita-J,2026-10-05,"water_synthesis_first_2026-10-05 (ruleset v1.6.0, synthesis-first). process=updated_lit; method_subtype=review; study_scope=sub-Saharan Africa; income_groups_covered=['low', 'lower_middle']; claim_scope_risk=practice; t6_targets=rural_poverty,production_gap; families=water_harvesting__runoff_catchment; has_effect_sizes=True; proposed_tier=medium (IWMI Research Report 144: review of COSTS (per ha / per m3), performance and institutions of small reservoirs;); T6 economics: small-reservoir unit costs and performance shortfalls. FLAG: grey-sibling overlap; acquired 2026-10-05 by acquire-queue.py (44 pp) → cache + SharePoint mirror | extracted 2026-10-05 run wh_effect_sweep_2026-10 (gated staging ingest)",true,,
arnaez_2015,water_harvesting_conservation,water_harvesting__terracing,T3|T6,Arnáez et al. (2015). Effects of farming terraces on hydrological and geomorphological processes. A review. CATENA.,10.1016/j.catena.2015.01.021,https://doi.org/10.1016/j.catena.2015.01.021,oa,OA (websearch:researchgate/unverified) — HUMAN CHECK,OA — browser/repository download (no institutional access needed),,pending,Namita-J,2026-10-05,"water_synthesis_first_2026-10-05 (ruleset v1.6.0, synthesis-first). process=updated_lit; method_subtype=review; study_scope=global (Mediterranean-heavy); income_groups_covered=['upper_middle', 'high', 'lower_middle']; claim_scope_risk=practice; hazards=flood; t6_targets=soil_erosion_risk,water_stress; families=water_harvesting__terracing; has_effect_sizes=True; proposed_tier=medium (CATENA review of 65 papers on terrace hydrology/geomorphology incl. runoff coefficients and terrace wall COLLA); T3 runoff/flood attenuation + ASSET VULNERABILITY (terrace failure, mass movement after abandonment)",true,,
lucasborja_2021,water_harvesting_conservation,water_harvesting__runoff_catchment,T3|T6,"Lucas-Borja et al. (2021). Check dams worldwide: Objectives, functions, effectiveness and undesired effects. CATENA.",10.1016/j.catena.2021.105390,https://hal.science/hal-03224592,oa,tool acquisition failed — no candidate URL yielded a PDF (landing page / 403 / no Unpaywall copy); human browser download / OA web-search recovery,OA — browser/repository download (no institutional access needed),,pending,Namita-J,2026-10-05,"water_synthesis_first_2026-10-05 (ruleset v1.6.0, synthesis-first). process=updated_lit; method_subtype=review; study_scope=global; income_groups_covered=['low', 'lower_middle', 'upper_middle', 'high']; claim_scope_risk=practice; hazards=flood; t6_targets=soil_erosion_risk,water_quality_risk,water_stress; families=water_harvesting__runoff_catchment; has_effect_sizes=True; proposed_tier=high (Global review of check dam objectives, effectiveness and undesired effects (filling/siltation, failure, downst); Check dams: sediment trapping/flood-peak effects + ASSET VULNERABILITY (sediment filling lifetime, structural failure)",true,,
frankl_2021,water_harvesting_conservation,water_harvesting__runoff_catchment|water_harvesting__terracing,T3|T6,"Frankl et al. (2021). Gully prevention and control: Techniques, failures and effectiveness. Earth Surface Processes and Landforms.",10.1002/esp.5033,https://biblio.ugent.be/publication/8684568/file/8684569.pdf,oa,,OA — browser/repository download (no institutional access needed),D591_Rural-Scan_NBS/2_Technical_&_Data/library/3_Water_Harvesting/frankl_2021.pdf,extracted,Namita-J,2026-10-05,"water_synthesis_first_2026-10-05 (ruleset v1.6.0, synthesis-first). process=updated_lit; method_subtype=review; study_scope=global (Ethiopia-heavy); income_groups_covered=['low', 'lower_middle', 'upper_middle', 'high']; claim_scope_risk=practice; hazards=flood; t6_targets=soil_erosion_risk; families=water_harvesting__runoff_catchment|water_harvesting__terracing; has_effect_sizes=True; proposed_tier=high (Synthesis of gully-control techniques incl. quantified FAILURE RATES of check dams/structures (asset vulnerabi); Asset vulnerability: failure rates of check dams / gully structures under concentrated flow; acquired 2026-10-05 by acquire-queue.py (69 pp) → cache + SharePoint mirror | extracted 2026-10-05 run wh_effect_sweep_2026-10 (gated staging ingest)",true,,
wei_2016,water_harvesting_conservation,water_harvesting__terracing,T3|T6,"Wei et al. (2016). Global synthesis of the classifications, distributions, benefits and issues of terracing. Earth-Science Reviews.",10.1016/j.earscirev.2016.06.010,https://www.sciencedirect.com/science/article/am/pii/S0012825216301313,oa,tool acquisition failed — no candidate URL yielded a PDF (landing page / 403 / no Unpaywall copy); human browser download / OA web-search recovery,OA — browser/repository download (no institutional access needed),,pending,Namita-J,2026-10-05,"water_synthesis_first_2026-10-05 (ruleset v1.6.0, synthesis-first). process=updated_lit; method_subtype=review; study_scope=global; income_groups_covered=['low', 'lower_middle', 'upper_middle', 'high']; claim_scope_risk=practice; hazards=flood,drought; t6_targets=soil_erosion_risk,production_gap,water_stress,carbon_sequestration_potential; families=water_harvesting__terracing; has_effect_sizes=True; proposed_tier=high (Global synthesis of terrace types, benefits (runoff/sediment/yield/SOC) and issues (failure, abandonment); ESR); Terracing benefits table (runoff, sediment, yield, SOC) + issues incl. terrace collapse",true,,
adimassu_2016,water_harvesting_conservation,water_harvesting__in_situ|water_harvesting__terracing,T6,"Adimassu et al. (2016). Impacts of Soil and Water Conservation Practices on Crop Yield, Run-off, Soil Loss and Nutrient Loss in Ethiopia: Review and Synthesis. Environmental Management.",10.1007/s00267-016-0776-1,https://doi.org/10.1007/s00267-016-0776-1,oa,OA (websearch:researchgate/unverified) — HUMAN CHECK,OA — browser/repository download (no institutional access needed),,pending,Namita-J,2026-10-05,"water_synthesis_first_2026-10-05 (ruleset v1.6.0, synthesis-first). process=updated_lit; method_subtype=review; study_scope=Ethiopia; income_groups_covered=['low']; claim_scope_risk=practice; t6_targets=production_gap,soil_erosion_risk,water_quality_risk,rural_poverty; families=water_harvesting__in_situ|water_harvesting__terracing; has_effect_sizes=True; proposed_tier=high (IWMI review & synthesis of SWC (bunds, fanya juu, terraces) effects on yield, runoff, soil & nutrient loss, pl); Ethiopia SWC: yield (often negative on bund area), runoff, soil loss, nutrient loss, BCR",true,,
bouma_2016,water_harvesting_conservation,water_harvesting__in_situ|water_harvesting__micro_catchment|water_harvesting__runoff_catchment,T6,Bouma et al. (2016). Assessing the returns to water harvesting: A meta-analysis. Agricultural Water Management.,10.1016/j.agwat.2015.08.012,https://doi.org/10.1016/j.agwat.2015.08.012,oa,OA (websearch:researchgate/unverified) — HUMAN CHECK,OA — browser/repository download (no institutional access needed),,pending,Namita-J,2026-10-05,"water_synthesis_first_2026-10-05 (ruleset v1.6.0, synthesis-first). process=updated_lit; method_subtype=meta_analysis; study_scope=semi-arid Africa + Asia; income_groups_covered=['low', 'lower_middle']; claim_scope_risk=practice; hazards=drought; t6_targets=production_gap,rural_poverty; families=water_harvesting__in_situ|water_harvesting__micro_catchment|water_harvesting__runoff_catchment; has_effect_sizes=True; proposed_tier=high (Only MA of crop-yield RETURNS to WH (semi-arid Africa/Asia); VU-IVM; AWM); Economics/yield anchor: returns to WH by technology and region",true,,
zhang_2026,water_harvesting_conservation,water_harvesting__in_situ|water_harvesting__terracing,T6,Zhang et al. (2026). Spatiotemporal effects of soil and water conservation measures on soil organic carbon enhancement in China: a meta-analysis. Journal of Hydrology.,10.1016/j.jhydrol.2025.134373,https://papers.ssrn.com/sol3/Delivery.cfm/d4f9dfc5-5caf-4144-bb49-b41893b91ac2-MECA.pdf?abstractid=5158446&mirid=1,oa,tool acquisition failed — no candidate URL yielded a PDF (landing page / 403 / no Unpaywall copy); human browser download / OA web-search recovery,OA — browser/repository download (no institutional access needed),,pending,Namita-J,2026-10-05,"water_synthesis_first_2026-10-05 (ruleset v1.6.0, synthesis-first). process=updated_lit; method_subtype=meta_analysis; study_scope=China; income_groups_covered=['upper_middle']; claim_scope_risk=practice; t6_targets=carbon_sequestration_potential; families=water_harvesting__in_situ|water_harvesting__terracing; has_effect_sizes=True; proposed_tier=medium (MA of 1,022 SOC obs for SWC measures incl. terraces and straw mulching by region/duration; China-only (UMIC tr); Only SWC->SOC MA found: terraces +18–27% SOC, mulch +11–23%",true,,
ruzzante_2021,water_harvesting_conservation,water_harvesting__in_situ|water_harvesting__micro_catchment|water_harvesting__runoff_catchment|water_harvesting__terracing,T6,Ruzzante et al. (2021). Adoption of agricultural technology in the developing world: A meta-analysis of the empirical literature. World Development.,10.1016/j.worlddev.2021.105599,https://www.sciencedirect.com/science/article/pii/S0305750X2100214X/pdf,oa,tool acquisition failed — no candidate URL yielded a PDF (landing page / 403 / no Unpaywall copy); human browser download / OA web-search recovery,OA — browser/repository download (no institutional access needed),,pending,Namita-J,2026-10-05,"water_synthesis_first_2026-10-05 (ruleset v1.6.0, synthesis-first). process=updated_lit; method_subtype=meta_analysis; study_scope=developing countries (global); income_groups_covered=['low', 'lower_middle']; claim_scope_risk=practice; t6_targets=rural_poverty; families=water_harvesting__in_situ|water_harvesting__micro_catchment|water_harvesting__runoff_catchment|water_harvesting__terracing; has_effect_sizes=True; proposed_tier=high (MA of 367 adoption regression models across ag technologies incl. SWC; World Development; adoption drivers -> ); Adoption drivers (education, land size, credit, tenure, extension) — use_role operational_risk",true,,
malan_2024,water_harvesting_conservation,water_harvesting__in_situ|water_harvesting__terracing,T6,Malan et al. (2024). Socioeconomic impacts of land restoration in agriculture: A systematic review. Q Open.,10.1093/qopen/qoae022,https://edepot.wur.nl/674843,oa,,OA — browser/repository download (no institutional access needed),D591_Rural-Scan_NBS/2_Technical_&_Data/library/3_Water_Harvesting/malan_2024.pdf,extracted,Namita-J,2026-10-05,"water_synthesis_first_2026-10-05 (ruleset v1.6.0, synthesis-first). process=updated_lit; method_subtype=systematic_review; study_scope=LMICs (Africa-heavy); income_groups_covered=['low', 'lower_middle']; claim_scope_risk=practice; t6_targets=rural_poverty; families=water_harvesting__in_situ|water_harvesting__terracing; has_effect_sizes=True; proposed_tier=medium (Quality-assessed SR of causal studies of land restoration incl. SWC on socioeconomic outcomes; finds PAUCITY (); rural_poverty: causal evidence for SWC income effects is thin — retain as low-evidence/gap signal; acquired 2026-10-05 by acquire-queue.py (18 pp) → cache + SharePoint mirror | extracted 2026-10-05 run wh_effect_sweep_2026-10 (gated staging ingest)",true,,
gonzalezsanchez_2019,water_harvesting_conservation,water_harvesting__in_situ,T6,Gonzalez-Sanchez et al. (2019). Meta-analysis on carbon sequestration through Conservation Agriculture in Africa. Soil and Tillage Research.,10.1016/j.still.2019.02.020,http://helvia.uco.es/xmlui/bitstream/10396/27169/3/meta_analysis_on_carbon_sequestration_through_conservation_agriculture_in_africa.pdf,oa,tool acquisition failed — no candidate URL yielded a PDF (landing page / 403 / no Unpaywall copy); human browser download / OA web-search recovery,OA — browser/repository download (no institutional access needed),,pending,Namita-J,2026-10-05,"water_synthesis_first_2026-10-05 (ruleset v1.6.0, synthesis-first). process=updated_lit; method_subtype=meta_analysis; study_scope=Africa; income_groups_covered=['low', 'lower_middle', 'upper_middle']; claim_scope_risk=practice; t6_targets=carbon_sequestration_potential; families=water_harvesting__in_situ; has_effect_sizes=True; proposed_tier=medium (MA of SOC sequestration under CA in Africa; ECAF authors (advocacy COI)); Carbon target for conservation tillage/mulch in Africa",true,,
moges_2011,water_harvesting_conservation,water_harvesting__runoff_catchment|water_harvesting__rooftop,T6,Moges et al. (2011). Review and quantitative assessment of ex situ household rainwater harvesting systems in Ethiopia. Agricultural Water Management.,10.1016/j.agwat.2011.03.009,https://research.wur.nl/en/publications/review-and-quantitative-assessment-of-ex-situ-household-rainwater,oa,tool acquisition failed — no candidate URL yielded a PDF (landing page / 403 / no Unpaywall copy); human browser download / OA web-search recovery,OA — browser/repository download (no institutional access needed),,pending,Namita-J,2026-10-05,"water_synthesis_first_2026-10-05 (ruleset v1.6.0, synthesis-first). process=updated_lit; method_subtype=review; study_scope=Ethiopia; income_groups_covered=['low']; claim_scope_risk=practice; hazards=drought; t6_targets=production_gap,rural_poverty; families=water_harvesting__runoff_catchment|water_harvesting__rooftop; has_effect_sizes=True; proposed_tier=medium (Review + quantitative assessment of ex-situ household RWH (ponds, tanks) incl. costs, failure (seepage, siltat); Household pond/tank economics and structural failure (seepage/siltation) after the Ethiopian mass-pond campaign",true,,
stavi_2020,water_harvesting_conservation,water_harvesting__micro_catchment|water_harvesting__runoff_catchment,T6,Stavi et al. (2020). Water runoff harvesting systems for restoration of degraded rangelands: A review of challenges and opportunities. Journal of Environmental Management.,10.1016/j.jenvman.2019.109823,https://doi.org/10.1016/j.jenvman.2019.109823,oa,OA (websearch:researchgate/unverified) — HUMAN CHECK,OA — browser/repository download (no institutional access needed),,pending,Namita-J,2026-10-05,"water_synthesis_first_2026-10-05 (ruleset v1.6.0, synthesis-first). process=updated_lit; method_subtype=review; study_scope=global drylands rangelands; income_groups_covered=['low', 'lower_middle', 'upper_middle', 'high']; claim_scope_risk=practice; hazards=drought; t6_targets=production_gap,soil_erosion_risk,water_stress; families=water_harvesting__micro_catchment|water_harvesting__runoff_catchment; has_effect_sizes=False; proposed_tier=medium (Only synthesis of runoff harvesting for RANGELAND restoration (pastoral farming system); narrative; JEM); Pastoral/agro-pastoral coverage: micro-catchments and water spreading in rangelands",true,,
mekonnen_2014,water_harvesting_conservation,water_harvesting__runoff_catchment|water_harvesting__terracing,T6,Mekonnen et al. (2014). Soil Conservation Through Sediment Trapping: A Review. Land Degradation &amp; Development.,10.1002/ldr.2308,https://research.wur.nl/en/publications/soil-conservation-through-sediment-trapping-a-review,oa,tool acquisition failed — no candidate URL yielded a PDF (landing page / 403 / no Unpaywall copy); human browser download / OA web-search recovery,OA — browser/repository download (no institutional access needed),,pending,Namita-J,2026-10-05,"water_synthesis_first_2026-10-05 (ruleset v1.6.0, synthesis-first). process=updated_lit; method_subtype=review; study_scope=global (Ethiopia focus); income_groups_covered=['low', 'lower_middle', 'upper_middle', 'high']; claim_scope_risk=practice; hazards=flood; t6_targets=water_quality_risk,soil_erosion_risk; families=water_harvesting__runoff_catchment|water_harvesting__terracing; has_effect_sizes=True; proposed_tier=medium (Extensive review of sediment-trapping measures (check dams, vegetative/structural) and trap efficiency; LDR; W); water_quality_risk (sediment) target: trap efficiencies of check dams / sediment traps",true,,
gebremeskel_2018,water_harvesting_conservation,water_harvesting__in_situ|water_harvesting__terracing|water_harvesting__runoff_catchment,T6,"Gebremeskel et al. (2018). Economic and environmental rehabilitation through soil and water conservation, the case of Tigray in northern Ethiopia. Journal of Arid Environments.",10.1016/j.jaridenv.2017.12.002,https://doi.org/10.1016/j.jaridenv.2017.12.002,paywalled,paywalled (verified: Unpaywall + web search found no copy) → institutional,OA — browser/repository download (no institutional access needed),,pending,Namita-J,2026-10-05,"water_synthesis_first_2026-10-05 (ruleset v1.6.0, synthesis-first). process=updated_lit; method_subtype=review; study_scope=Ethiopia (Tigray); income_groups_covered=['low']; claim_scope_risk=practice; hazards=drought; t6_targets=soil_erosion_risk,water_stress,production_gap,rural_poverty; families=water_harvesting__in_situ|water_harvesting__terracing|water_harvesting__runoff_catchment; has_effect_sizes=True; proposed_tier=medium (Synthesis of Tigray region-wide SWC/integrated catchment outcomes (erosion, groundwater, yield, economy); Tigr); Landscape-scale SWC outcomes incl. groundwater recharge and economic rehabilitation",true,,
locatelli_2020_zanjas_es,water_harvesting_conservation,water_harvesting__in_situ|water_harvesting__micro_catchment,T3|T6,"Locatelli, B.; Homberger, J.-M.; Ochoa-Tocachi, B.F.; Bonnesoeur, V.; Román, F.; Drenkhan, F.; Buytaert, W. (2020). Impactos de las zanjas de infiltración en el agua y los suelos: ¿Qué sabemos? Resumen de investigación. Lima: Forest Trends / Proyecto Infraestructura Natural para la Seguridad Hídrica (INSH).",,https://www.forest-trends.org/wp-content/uploads/2020/05/Impactos-de-las-zanjas-de-infiltraci%C3%B3n-en-el-agua-y-los-suelos.pdf,oa,,OA — browser/repository download (no institutional access needed),D591_Rural-Scan_NBS/2_Technical_&_Data/library/3_Water_Harvesting/locatelli_2020_zanjas_es.pdf,extracted,Namita-J,2026-10-05,"water_synthesis_first_2026-10-05 (ruleset v1.6.0, synthesis-first). process=updated_lit; method_subtype=systematic_review; language=es; study_scope=regional (Andes; global trench literature screened); income_groups_covered=['upper_middle', 'lower_middle']; claim_scope_risk=low (practice-level); hazards=flood; t6_targets=soil_erosion_risk,water_stress; families=water_harvesting__in_situ|water_harvesting__micro_catchment; has_effect_sizes=True; proposed_tier=high (Systematic review (CIRAD/CIFOR/Imperial/CONDESAN/iMHEA authors) pooling quantitative outcomes (infiltration, r); Only synthesis found in any language on hillslope infiltration trenches; reports peak-flow attenuation (T3 flood) and soil-loss / infiltration / baseflow effects (T6). Also on CGSpace (10568/111575, brief) and HAL (cirad; acquired 2026-10-05 by acquire-queue.py (16 pp) → cache + SharePoint mirror | extracted 2026-10-05 run wh_effect_sweep_2026-10 (gated staging ingest)",,,true
willems_2021_andenes_es,water_harvesting_conservation,water_harvesting__terracing,T3|T6,"Willems, B.; Leyva-Molina, W.-M.; Taboada-Hermoza, R.; Bonnesoeur, V.; Román, F.; Ochoa-Tocachi, B.F.; Buytaert, W.; Walsh, D. (2021). Impactos de andenes y terrazas en el agua y los suelos: ¿Qué sabemos? Forest Trends / CONDESAN, Lima.",,https://www.forest-trends.org/wp-content/uploads/2021/01/Impactos-de-andenes-y-terrazas-en-el-agua-y-los-suelos.pdf,oa,,OA — browser/repository download (no institutional access needed),D591_Rural-Scan_NBS/2_Technical_&_Data/library/3_Water_Harvesting/willems_2021_andenes_es.pdf,extracted,Namita-J,2026-10-05,"water_synthesis_first_2026-10-05 (ruleset v1.6.0, synthesis-first). process=updated_lit; method_subtype=systematic_review; language=es; study_scope=regional (Andes; global terrace literature); income_groups_covered=['upper_middle', 'lower_middle']; claim_scope_risk=low (practice-level); hazards=drought,flood; t6_targets=soil_erosion_risk,water_stress,production_gap,economics; families=water_harvesting__terracing; has_effect_sizes=True; proposed_tier=high (Systematic review in the same INSH series (Centro de Competencias del Agua / CONDESAN / Imperial); quantitativ); Andean bench terraces (andenes): erosion, runoff, infiltration, water availability, agronomic (frost/water) conditions, restoration costs. Fills Andean terracing gap. Author list verified from fetched PDF.; acquired 2026-10-05 by acquire-queue.py (13 pp) → cache + SharePoint mirror | TITLE CHECK FAILED (coverage 0.75): cached file may be the wrong document.; 2026-10-05: title-verify false alarm (queue carried the English gloss, PDF title is Spanish) — citation set to the native title, file re-acquired; acquired 2026-10-05 by acquire-queue.py (13 pp) → cache + SharePoint mirror | extracted 2026-10-05 run wh_effect_sweep_2026-10 (gated staging ingest)",,,true
cardenas_2022_siembra_cosecha_sr_es,water_harvesting_conservation,water_harvesting__runoff_catchment|water_harvesting__in_situ|water_harvesting__micro_catchment,T3|T6,"Cárdenas, F.; Taboada, R.; Tafur, J.; Leyva, W.M. (2022). La siembra y cosecha de agua en Apurímac, Ayacucho y Huancavelica: Revisión sistemática de proyectos de desarrollo realizados entre los años 1990 y 2020. Lima: Centro de Competencias del Agua. ISBN 978-612-48604-1-6.",,https://www.researchgate.net/publication/370716126,oa,OA (websearch:researchgate/unverified) — HUMAN CHECK,OA — browser/repository download (no institutional access needed),,pending,Namita-J,2026-10-05,"water_synthesis_first_2026-10-05 (ruleset v1.6.0, synthesis-first). process=updated_lit; method_subtype=systematic_review_of_projects; language=es; study_scope=subnational (3 Peruvian Andean regions; 114 projects screened from 1,640); income_groups_covered=['upper_middle']; claim_scope_risk=low (practice-level); hazards=drought; t6_targets=water_stress,adoption,economics; families=water_harvesting__runoff_catchment|water_harvesting__in_situ|water_harvesting__micro_catchment; has_effect_sizes=False; proposed_tier=medium (Systematic review of project portfolio (MEL-type evidence, PRISMA-like filtering 1,640->114); project-reported); Portfolio-level evidence on qochas/reservoirs, infiltration ditches, etc. in the Peruvian Andes; expected to report implementation, sustainability and reported effects. Only located on ResearchGate (crawler-blocked) - hu",,,
fao_2013_captacion_es,water_harvesting_conservation,water_harvesting__rooftop|water_harvesting__runoff_catchment|water_harvesting__in_situ|water_harvesting__micro_catchment,T3|T6,FAO; FIDA; Cooperación Suiza (2013). Captación y almacenamiento de agua de lluvia: opciones técnicas para la agricultura familiar en América Latina y el Caribe. Santiago de Chile: FAO Oficina Regional para América Latina y el Caribe. 276 p.,,https://www.fao.org/4/i3247s/i3247s.pdf,oa,,OA — browser/repository download (no institutional access needed),D591_Rural-Scan_NBS/2_Technical_&_Data/library/3_Water_Harvesting/fao_2013_captacion_es.pdf,extracted,Namita-J,2026-10-05,"water_synthesis_first_2026-10-05 (ruleset v1.6.0, synthesis-first). process=updated_lit; method_subtype=institutional_synthesis; language=es; study_scope=regional (LAC); income_groups_covered=['lower_middle', 'upper_middle']; claim_scope_risk=low (practice-level); hazards=drought; t6_targets=production_gap,water_stress,economics; families=water_harvesting__rooftop|water_harvesting__runoff_catchment|water_harvesting__in_situ|water_harvesting__micro_catchment; has_effect_sizes=False; proposed_tier=medium (FAO regional synthesis compiling LAC experiences, reports and studies; practice-guidance genre with case resul); Most comprehensive Spanish synthesis of LAC rainwater harvesting (household, livestock, in-situ, reservoirs) incl. case outcomes and costs. Practice-guidance content dominates -> extract only outcome/effect statements. F; acquired 2026-10-05 by acquire-queue.py (272 pp) → cache + SharePoint mirror | extracted 2026-10-05 run wh_effect_sweep_2026-10 (gated staging ingest)",,,true
roose_1994_gces_fr,water_harvesting_conservation,water_harvesting__in_situ|water_harvesting__micro_catchment|water_harvesting__terracing,T3|T6,"Roose, É. (1994). Introduction à la gestion conservatoire de l'eau, de la biomasse et de la fertilité des sols (GCES). Bulletin Pédologique de la FAO 70. Rome: FAO. ISBN 92-5-203451-X.",,https://horizon.documentation.ird.fr/exl-doc/pleins_textes/divers11-03/41504.pdf,oa,,OA — browser/repository download (no institutional access needed),D591_Rural-Scan_NBS/2_Technical_&_Data/library/3_Water_Harvesting/roose_1994_gces_fr.pdf,extracted,Namita-J,2026-10-05,"water_synthesis_first_2026-10-05 (ruleset v1.6.0, synthesis-first). process=updated_lit; method_subtype=institutional_synthesis; language=fr; study_scope=multi-regional (West Africa, Rwanda, Haiti, Ecuador Andes, Algeria, France); income_groups_covered=['low', 'lower_middle', 'upper_middle', 'high']; claim_scope_risk=low (practice-level); hazards=drought,flood; t6_targets=soil_erosion_risk,production_gap,water_stress,adoption,economics; families=water_harvesting__in_situ|water_harvesting__micro_catchment|water_harvesting__terracing; has_effect_sizes=False; proposed_tier=high (Seminal FAO synthesis by the leading francophone SWC researcher (IRD); compiles decades of runoff-plot results); Core francophone evidence base on zaï, stone lines, banquettes, terraces, and why imposed structures fail (adoption, negative outcomes). EN edition exists (FAO Soils Bulletin 70, 1996) - check EN sibling for duplicate; p; acquired 2026-10-05 by acquire-queue.py (442 pp) → cache + SharePoint mirror | extracted 2026-10-05 run wh_effect_sweep_2026-10 (gated staging ingest)",,,true
roose_2017_restauration_fr,water_harvesting_conservation,water_harvesting__in_situ|water_harvesting__micro_catchment|water_harvesting__terracing,T3|T6,(2017). Restauration de la productivité des sols tropicaux et méditerranéens. .,10.4000/books.irdeditions.24108,https://books.openedition.org/irdeditions/24108,oa,tool acquisition failed — no candidate URL yielded a PDF (landing page / 403 / no Unpaywall copy); human browser download / OA web-search recovery,OA — browser/repository download (no institutional access needed),,pending,Namita-J,2026-10-05,"water_synthesis_first_2026-10-05 (ruleset v1.6.0, synthesis-first). process=updated_lit; method_subtype=edited_synthesis_volume; language=fr; study_scope=multi-regional (Sub-Saharan Africa, Maghreb, Haiti, Madagascar); income_groups_covered=['low', 'lower_middle', 'upper_middle']; claim_scope_risk=low (practice-level); hazards=drought,flood; t6_targets=production_gap,soil_erosion_risk,carbon_sequestration_potential,water_stress,economics,adoption; families=water_harvesting__in_situ|water_harvesting__micro_catchment|water_harvesting__terracing; has_effect_sizes=False; proposed_tier=medium (IRD 712-p edited volume; mix of review chapters (zaï/demi-lunes/cordons pierreux, Algeria GCES ch.33) and prim); Most recent francophone synthesis of Sahel/Maghreb WH+SWC (zaï, half-moons, stone lines, terraces) and yields. OpenEdition chapters are HTML -> acquire chapter PDFs (OpenEdition Freemium PDF) or HTML snapshots + section ",true,,
roose_2010_maroc_fr,water_harvesting_conservation,water_harvesting__terracing|water_harvesting__in_situ|water_harvesting__runoff_catchment|water_harvesting__spate,T3|T6,Roose et al. (2010). Gestion durable des eaux et des sols au Maroc. .,10.4000/books.irdeditions.294,https://books.openedition.org/irdeditions/294,oa,tool acquisition failed — no candidate URL yielded a PDF (landing page / 403 / no Unpaywall copy); human browser download / OA web-search recovery,OA — browser/repository download (no institutional access needed),,pending,Namita-J,2026-10-05,"water_synthesis_first_2026-10-05 (ruleset v1.6.0, synthesis-first). process=updated_lit; method_subtype=institutional_synthesis; language=fr; study_scope=national (Morocco; ~30 traditional techniques); income_groups_covered=['lower_middle']; claim_scope_risk=low (practice-level); hazards=drought,flood; t6_targets=soil_erosion_risk,production_gap,water_stress,adoption; families=water_harvesting__terracing|water_harvesting__in_situ|water_harvesting__runoff_catchment|water_harvesting__spate; has_effect_sizes=False; proposed_tier=medium (Franco-Moroccan team synthesis of ~30 traditional water/soil techniques incl. flood-spreading and terraces; ac); Only synthesis found touching the SPATE family (épandage des crues, ch.6) in any of the three languages, plus terraces, cisterns (matfia), runoff techniques in a LMIC. The DOI 10.4000/books.irdeditions.600 seen on web is",true,,
roose_1993_zai_fr,water_harvesting_conservation,water_harvesting__in_situ,T3|T6,"Roose, É.; Kaboré, V.; Guenat, C. (1993). Le zaï : fonctionnement, limites et amélioration d'une pratique traditionnelle africaine de réhabilitation de la végétation et de la productivité des terres dégradées en région soudano-sahélienne (Burkina Faso). Cahiers ORSTOM, série Pédologie, 28(2), 159-173.",,https://horizon.documentation.ird.fr/exl-doc/pleins_textes/cahiers/PTP/10009089.PDF,oa,,OA — browser/repository download (no institutional access needed),D591_Rural-Scan_NBS/2_Technical_&_Data/library/3_Water_Harvesting/roose_1993_zai_fr.pdf,extracted,Namita-J,2026-10-05,"water_synthesis_first_2026-10-05 (ruleset v1.6.0, synthesis-first). process=updated_lit; method_subtype=review_plus_experiment; language=fr; study_scope=national (Burkina Faso, Yatenga); income_groups_covered=['low']; claim_scope_risk=low (practice-level); hazards=drought; t6_targets=production_gap,soil_erosion_risk,water_stress; families=water_harvesting__in_situ; has_effect_sizes=False; proposed_tier=medium (Seminal (cited 35 in OpenAlex; foundational zaï reference) combining review of zaï functioning with improvemen); Foundational evidence on zaï water/yield mechanism and its limits (labour, manure); LIC Sahel. Pages per web citation 159-174 vs OpenAlex 159-173 - confirm on PDF. Also green on EPFL Infoscience.; acquired 2026-10-05 by acquire-queue.py (17 pp) → cache + SharePoint mirror | extracted 2026-10-05 run wh_effect_sweep_2026-10 (gated staging ingest)",,,true
roose_2006_terrasses_afrique_fr,water_harvesting_conservation,water_harvesting__terracing,T3|T6,"Roose, É. (2006). Les terrasses antiérosives en Afrique : typologie, efficacité, limites et améliorations. In: Actes de les Jornades sobre terrasses i prevenció de riscos naturals, Palma de Mallorca, 14-16 sept. 2006. Consell de Mallorca, p. 105-118.",,https://horizon.documentation.ird.fr/exl-doc/pleins_textes/divers15-07/010043095.pdf,oa,,OA — browser/repository download (no institutional access needed),D591_Rural-Scan_NBS/2_Technical_&_Data/library/3_Water_Harvesting/roose_2006_terrasses_afrique_fr.pdf,extracted,Namita-J,2026-10-05,"water_synthesis_first_2026-10-05 (ruleset v1.6.0, synthesis-first). process=updated_lit; method_subtype=review; language=fr; study_scope=continental (Maghreb, West/East Africa, Madagascar); income_groups_covered=['low', 'lower_middle']; claim_scope_risk=low (practice-level); hazards=flood,drought; t6_targets=soil_erosion_risk,production_gap,adoption; families=water_harvesting__terracing; has_effect_sizes=False; proposed_tier=medium (Narrative review by domain authority; explicitly lists conditions where terraces fail (slopes >60%, swelling c); T3 asset_vulnerability evidence (terrace failure / landslide / flood under extreme rain) + T6 erosion effectiveness and limits for African terraces. PDF title/abstract verified.; acquired 2026-10-05 by acquire-queue.py (17 pp) → cache + SharePoint mirror | extracted 2026-10-05 run wh_effect_sweep_2026-10 (gated staging ingest)",,,true
arabi_2004_drs_algerie_fr,water_harvesting_conservation,water_harvesting__terracing|water_harvesting__runoff_catchment,T6,"Arabi, M.; Kedaid, O.E.; Bourougaa, L.; Asla, T.; Roose, É. (2004). Bilan de l'enquête sur la défense et restauration des sols (DRS) en Algérie. Sécheresse, 15(1), 87-95.",,https://www.researchgate.net/publication/282171205,oa,OA (websearch:researchgate/unverified) — HUMAN CHECK,OA — browser/repository download (no institutional access needed),,pending,Namita-J,2026-10-05,"water_synthesis_first_2026-10-05 (ruleset v1.6.0, synthesis-first). process=updated_lit; method_subtype=national_evaluation_survey; language=fr; study_scope=national (Algeria; 10 structure types, 387,833 ha, 30 wilayas); income_groups_covered=['lower_middle']; claim_scope_risk=low (practice-level); t6_targets=soil_erosion_risk,production_gap,adoption; families=water_harvesting__terracing|water_harvesting__runoff_catchment; has_effect_sizes=False; proposed_tier=medium (INRF/IRD national ex-post evaluation of 40 years of state DRS works (banquettes = 80% of works); peer-reviewed); Large-scale ex-post evidence on whether imposed terracing/banquettes work and are maintained (adoption/dis-adoption) in a LMIC. Unpaywall: no DOI. No OA copy confirmed by tool (ORBi lists citation only); human: check Res",,,
heusch_1995_banquette_fr,water_harvesting_conservation,water_harvesting__terracing,T6,"Heusch, B. (1995). Pourquoi la banquette CES diminue les rendements et augmente l'érosion. In: De Noni, G.; Roose, É.; Nouvelot, J.-F.; Veyret, Y. (éds.), Environnement humain de l'érosion. Bulletin du Réseau Érosion 15, p. 317-325. Paris: ORSTOM.",,https://horizon.documentation.ird.fr/exl-doc/pleins_textes/pleins_textes_7/bre/42450.pdf,oa,,OA — browser/repository download (no institutional access needed),D591_Rural-Scan_NBS/2_Technical_&_Data/library/3_Water_Harvesting/heusch_1995_banquette_fr.pdf,extracted,Namita-J,2026-10-05,"water_synthesis_first_2026-10-05 (ruleset v1.6.0, synthesis-first). process=updated_lit; method_subtype=case_analysis_hydraulic; language=fr; study_scope=national (Niger); income_groups_covered=['low']; claim_scope_risk=low (practice-level); t6_targets=production_gap,soil_erosion_risk; families=water_harvesting__terracing; has_effect_sizes=False; proposed_tier=low (Primary field + hydraulic analysis (Niger), proceedings; kept as a NULL/NEGATIVE finding so the terracing cell); Signed-negative evidence: diversion banquettes on high-runoff soils in Niger reduce yield and increase runoff/erosion; on high-infiltration soils gains too small to justify cost. Primary included under the keep-null/nega; acquired 2026-10-05 by acquire-queue.py (9 pp) → cache + SharePoint mirror | extracted 2026-10-05 run wh_effect_sweep_2026-10 (gated staging ingest)",,,true
botoni_reij_2009_cilss_fr,water_harvesting_conservation,water_harvesting__in_situ|water_harvesting__micro_catchment|water_harvesting__terracing,T3|T6,"Botoni, E.; Reij, C. (2009). La transformation silencieuse de l'environnement et des systèmes de production au Sahel : impacts des investissements publics et privés dans la gestion des ressources naturelles. Ouagadougou / Amsterdam: CILSS / Vrije Universiteit Amsterdam. 61 p.",,,oa,OA (websearch:researchgate/unverified) — HUMAN CHECK,OA — browser/repository download (no institutional access needed),,pending,Namita-J,2026-10-05,"water_synthesis_first_2026-10-05 (ruleset v1.6.0, synthesis-first). process=updated_lit; method_subtype=institutional_synthesis_impact_assessment; language=fr; study_scope=multi-country (Burkina Faso, Niger; Sahel); income_groups_covered=['low']; claim_scope_risk=low (practice-level); hazards=drought; t6_targets=production_gap,rural_poverty,water_stress,adoption; families=water_harvesting__in_situ|water_harvesting__micro_catchment|water_harvesting__terracing; has_effect_sizes=False; proposed_tier=medium (CILSS-commissioned synthesis of field studies on 20+ years of NRM investment (zaï, demi-lunes, stone bunds, FM); Landscape-scale outcomes of WH/SWC investments in LIC Sahel (yields, groundwater, food security, adoption area). No OA PDF found in 3 web searches; human: CILSS website / ResearchGate / VU Amsterdam. Distinct from Botoni",,,
castro_2022_ipea_cisternas_pt,water_harvesting_conservation,water_harvesting__rooftop|water_harvesting__runoff_catchment,T3|T6,"Castro (2022). TD 2722 - Avaliação do programa nacional de apoio à captação de água de chuva e outras tecnologias sociais (programa cisternas), à luz dos objetivos de desenvolvimento sustentável. Texto para Discussão.",10.38116/td2722,https://repositorio.ipea.gov.br/server/api/core/bitstreams/c868eb51-c5d7-4ffc-837d-dad100f27f97/content,oa,,OA — browser/repository download (no institutional access needed),D591_Rural-Scan_NBS/2_Technical_&_Data/library/3_Water_Harvesting/castro_2022_ipea_cisternas_pt.pdf,extracted,Namita-J,2026-10-05,"water_synthesis_first_2026-10-05 (ruleset v1.6.0, synthesis-first). process=updated_lit; method_subtype=programme_evaluation_synthesis; language=pt; study_scope=national (Brazilian semi-arid); income_groups_covered=['upper_middle']; claim_scope_risk=low (practice-level); hazards=drought; t6_targets=water_stress,rural_poverty,production_gap,economics; families=water_harvesting__rooftop|water_harvesting__runoff_catchment; has_effect_sizes=False; proposed_tier=medium (IPEA (federal think tank, independent of implementing MDS/ASA) synthesis of the programme's impact literature ); Institutional synthesis of P1MC/P1+2 impacts: drought-period water access, health, income, production; the anchor for the Brazilian cistern evidence. Crossref ratio 0.97 (Crossref title prefixed ""TD 2722 -""). PDF verifie; acquired 2026-10-05 by acquire-queue.py (42 pp) → cache + SharePoint mirror | extracted 2026-10-05 run wh_effect_sweep_2026-10 (gated staging ingest)",true,,
brito_2007_embrapa_aguachuva_pt,water_harvesting_conservation,water_harvesting__rooftop|water_harvesting__runoff_catchment|water_harvesting__in_situ,T3|T6,"Brito, L.T. de L.; Moura, M.S.B. de; Gama, G.F.B. (eds. técnicos) (2007). Potencialidades da água de chuva no Semi-Árido brasileiro. Petrolina: Embrapa Semi-Árido. 181 p. ISBN 978-85-7405-009-6.",,http://www.alice.cnptia.embrapa.br/alice/bitstream/doc/157643/1/Brito.Livroaguachuva.pdf,oa,,OA — browser/repository download (no institutional access needed),D591_Rural-Scan_NBS/2_Technical_&_Data/library/3_Water_Harvesting/brito_2007_embrapa_aguachuva_pt.pdf,extracted,Namita-J,2026-10-05,"water_synthesis_first_2026-10-05 (ruleset v1.6.0, synthesis-first). process=updated_lit; method_subtype=institutional_synthesis; language=pt; study_scope=national (Brazilian semi-arid); income_groups_covered=['upper_middle']; claim_scope_risk=low (practice-level); hazards=drought; t6_targets=production_gap,water_stress,economics; families=water_harvesting__rooftop|water_harvesting__runoff_catchment|water_harvesting__in_situ; has_effect_sizes=False; proposed_tier=medium (Embrapa Semi-Árido synthesis volume (chapters on household and livestock cisterns, subsurface dams, in-situ ca); Covers the full Brazilian semi-arid WH toolkit (cisterns, barragem subterrânea, captação in situ, irrigação de salvação) with production/water outcomes. PDF verified (Embrapa Alice).; acquired 2026-10-05 by acquire-queue.py (93 pp) → cache + SharePoint mirror | extracted 2026-10-05 run wh_effect_sweep_2026-10 (gated staging ingest)",,,true
arsky_2020_cisternas_pt,water_harvesting_conservation,water_harvesting__rooftop,T3|T6,Arsky (2020). Os efeitos do Programa Cisternas no acesso à água no semiárido. Desenvolvimento e Meio Ambiente.,10.5380/dma.v55i0.73378,https://revistas.ufpr.br/made/article/download/73378/42390,oa,,OA — browser/repository download (no institutional access needed),D591_Rural-Scan_NBS/2_Technical_&_Data/library/3_Water_Harvesting/arsky_2020_cisternas_pt.pdf,extracted,Namita-J,2026-10-05,"water_synthesis_first_2026-10-05 (ruleset v1.6.0, synthesis-first). process=updated_lit; method_subtype=programme_evaluation; language=pt; study_scope=national (Brazilian semi-arid); income_groups_covered=['upper_middle']; claim_scope_risk=low (practice-level); hazards=drought; t6_targets=water_stress,rural_poverty; families=water_harvesting__rooftop; has_effect_sizes=False; proposed_tier=medium (Peer-reviewed (gold OA, cited 14) national-scale analysis of programme effects on water access during the 2012); Drought-period (T3) water-access effects of rooftop cisterns at national scale. Gold OA (Unpaywall). Confirm author affiliation for the independence axis.; acquired 2026-10-05 by acquire-queue.py (25 pp) → cache + SharePoint mirror | extracted 2026-10-05 run wh_effect_sweep_2026-10 (gated staging ingest)",true,,
silva_2009_embrapa_aguavida_pt,water_harvesting_conservation,water_harvesting__rooftop,T6,"Silva, A. de S. (coord.) (2009). Avaliação da sustentabilidade do Programa Cisternas do MDS em parceria com a ASA (Água-Vida): relatório técnico final. Petrolina: Embrapa Semiárido / FUNDER / FAO / SAGI-MDS.",,http://www.infoteca.cnptia.embrapa.br/infoteca/bitstream/doc/878623/1/Aderaldo.pdf,oa,,OA — browser/repository download (no institutional access needed),D591_Rural-Scan_NBS/2_Technical_&_Data/library/3_Water_Harvesting/silva_2009_embrapa_aguavida_pt.pdf,extracted,Namita-J,2026-10-05,"water_synthesis_first_2026-10-05 (ruleset v1.6.0, synthesis-first). process=updated_lit; method_subtype=programme_evaluation_survey; language=pt; study_scope=national sample (1,328 households, Brazilian semi-arid); income_groups_covered=['upper_middle']; claim_scope_risk=low (practice-level); t6_targets=water_quality_risk,water_stress,adoption; families=water_harvesting__rooftop; has_effect_sizes=False; proposed_tier=medium (Commissioned external evaluation (Embrapa/FAO for MDS-SAGI) with household survey + water-quality testing; gre); Only multi-state evaluation with cistern water-quality testing (T6 water_quality_risk) and maintenance/sustainability (adoption/dis-adoption). Flag grey/MEL sibling dedupe. PDF title page verified.; acquired 2026-10-05 by acquire-queue.py (164 pp) → cache + SharePoint mirror | extracted 2026-10-05 run wh_effect_sweep_2026-10 (gated staging ingest)",,,true
casagrande_2022_segunda_agua_pt,water_harvesting_conservation,water_harvesting__rooftop|water_harvesting__runoff_catchment,T6,"Casagrande, D.; Emanuel, L.; Freitas, C.E. de; Lima, A.; Nishimura, F. [author list to confirm] (2022). Tecnologias sociais e renda: evidências do Programa Cisternas Segunda Água no Brasil. Anais do 50º Encontro Nacional de Economia, ANPEC.",,https://www.anpec.org.br/encontro/2022/submissao/files_I/i12-ac57d2d948a7eddeb19455c94b7f857b.pdf,oa,,OA — browser/repository download (no institutional access needed),D591_Rural-Scan_NBS/2_Technical_&_Data/library/3_Water_Harvesting/casagrande_2022_segunda_agua_pt.pdf,extracted,Namita-J,2026-10-05,"water_synthesis_first_2026-10-05 (ruleset v1.6.0, synthesis-first). process=updated_lit; method_subtype=quasi_experimental_impact_evaluation; language=pt; study_scope=national (Brazilian semi-arid, 2012-2021 panel); income_groups_covered=['upper_middle']; claim_scope_risk=low (practice-level); t6_targets=rural_poverty,economics; families=water_harvesting__rooftop|water_harvesting__runoff_catchment; has_effect_sizes=True; proposed_tier=low (PRIMARY admitted under the gap rule: only causal (quasi-experimental) estimate of production-cistern effect on); rural_poverty x WH had no synthesis with causal income estimates in ES/FR/PT. Reports income effect and return per real invested (do not take the web-summary numbers - extract from cached PDF). Author list partially read; acquired 2026-10-05 by acquire-queue.py (20 pp) → cache + SharePoint mirror | extracted 2026-10-05 run wh_effect_sweep_2026-10 (gated staging ingest)",,,true
miranda_2019_embrapa_barraginhas_pt,water_harvesting_conservation,water_harvesting__runoff_catchment|water_harvesting__micro_catchment,T6,"Miranda, R.A. de (resp.) (2019). Relatório de avaliação dos impactos de tecnologias geradas pela Embrapa: Mini-barragens de contenção de águas superficiais de chuvas - Barraginhas (ano de avaliação 2018). Sete Lagoas: Embrapa Milho e Sorgo.",,https://bs.sede.embrapa.br/2018/relatorios/milhoesorgo_2018_minibarragens.pdf,oa,tool acquisition failed — no candidate URL yielded a PDF (landing page / 403 / no Unpaywall copy); human browser download / OA web-search recovery,OA — browser/repository download (no institutional access needed),,pending,Namita-J,2026-10-05,"water_synthesis_first_2026-10-05 (ruleset v1.6.0, synthesis-first). process=updated_lit; method_subtype=institutional_impact_assessment; language=pt; study_scope=national (Brazil; Minas Gerais/semi-arid adoption area); income_groups_covered=['upper_middle']; claim_scope_risk=low (practice-level); t6_targets=economics,production_gap,soil_erosion_risk,water_stress; families=water_harvesting__runoff_catchment|water_harvesting__micro_catchment; has_effect_sizes=False; proposed_tier=low (Embrapa self-assessment (economic surplus + Ambitec-Agro socio-environmental indicators) of its own technology); Barraginhas = small runoff-retention basins (family mapping runoff_catchment vs micro_catchment needs owner decision). Economics (costs, profitability), erosion and recharge indicators. Grey/MEL sibling dedupe. PDF verif",,,
cirilo_2003_barragens_subterraneas_pt,water_harvesting_conservation,water_harvesting__runoff_catchment,T3|T6,Cirilo et al. (2003). Soluções para o Suprimento de Água de Comunidades Rurais Difusas no Semi-Árido Brasileiro: Avaliação de Barragens Subterrâneas. Revista Brasileira de Recursos Hídricos.,10.21168/rbrh.v8n4.p5-24,https://abrh.s3.sa-east-1.amazonaws.com/Sumarios/34/17b5e45a0c7f2fc85e2fea27592c456d_881448bc6941d5886ef9bdae556b0018.pdf,oa,,OA — browser/repository download (no institutional access needed),D591_Rural-Scan_NBS/2_Technical_&_Data/library/3_Water_Harvesting/cirilo_2003_barragens_subterraneas_pt.pdf,extracted,Namita-J,2026-10-05,"water_synthesis_first_2026-10-05 (ruleset v1.6.0, synthesis-first). process=updated_lit; method_subtype=multi_site_evaluation; language=pt; study_scope=subnational (Pernambuco semi-arid; multiple dams); income_groups_covered=['upper_middle']; claim_scope_risk=low (practice-level); hazards=drought; t6_targets=water_stress,water_quality_risk,economics; families=water_harvesting__runoff_catchment; has_effect_sizes=False; proposed_tier=low (Multi-site technical evaluation of subsurface dams (World Bank-supported programme), peer-reviewed national hy); Subsurface dams (barragem subterrânea) - drought water security, salinity (water quality), costs. Initial authors from Crossref (initials to complete from PDF). Gold OA via ABRH S3 (Unpaywall url_for_pdf; full URL in sta; acquired 2026-10-05 by acquire-queue.py (20 pp) → cache + SharePoint mirror | extracted 2026-10-05 run wh_effect_sweep_2026-10 (gated staging ingest)",true,,
ieg_2011_india_watershed_cluster_ppar,water_harvesting_conservation,water_harvesting__terracing|water_harvesting__runoff_catchment|water_harvesting__in_situ,T3|T6,"Independent Evaluation Group (2011). Project Performance Assessment Report: India - A Cluster Assessment of Forestry and Watershed Development Activities (Integrated Watershed Development Project [Hills II]; Karnataka Watershed Development Project; Andhra Pradesh Community Forestry Management Project). Report No. 61065. World Bank, Washington DC. June 30, 2011.",,https://documents.worldbank.org/curated/en/776591468043460343/pdf/610650PPAR0Box00210201100INDIA0PPAR.pdf,oa,,web (publisher domain),D591_Rural-Scan_NBS/2_Technical_&_Data/library/3_Water_Harvesting/ieg_2011_india_watershed_cluster_ppar.pdf,extracted,Namita-J,2026-10-05,"water_synthesis_first_2026-10-05 (ruleset v1.6.0, synthesis-first). process=grey; method_subtype=ppar; study_scope=['IND']; income_groups_covered=['lower_middle']; evaluation_design=quasi_experimental; report_number_or_handle=IEG PPAR Report No. 61065 (Loan 44920/Cr 32430; Cr 35280; Cr 36920); hazards=asset_vulnerability; t6_targets=production_gap,rural_poverty,water_stress,economics,adoption; families=water_harvesting__terracing|water_harvesting__runoff_catchment|water_harvesting__in_situ; has_effect_sizes=True; proposed_tier=High (Independent IEG ex-post assessment that critically re-audits the ICR (flags non-random controls, contradictory); Highest-value WH grey source found: observed DiD yield/income, per-ha treatment costs, plus a structure-failure figure. Lineage: KWDP ICR (ICR1205) and ISRO impact reports; Joshi et al. 2005 meta-analysis cited.; acquired 2026-10-05 by acquire-queue.py (179 pp) → cache + SharePoint mirror | extracted 2026-10-05 run wh_effect_sweep_2026-10 (gated staging ingest)",,,true
ieg_2007_china_loess2_ppar,water_harvesting_conservation,water_harvesting__terracing|water_harvesting__runoff_catchment|water_harvesting__rooftop,T3|T6,"Independent Evaluation Group (2007). Project Performance Assessment Report: China - Second Loess Plateau Watershed Rehabilitation Project; First and Second (Loess Plateau) ... Report No. 41122. World Bank, Washington DC.",,https://documents.worldbank.org/curated/en/812911468218977436/pdf/41122.pdf,oa,,web (publisher domain),D591_Rural-Scan_NBS/2_Technical_&_Data/library/3_Water_Harvesting/ieg_2007_china_loess2_ppar.pdf,extracted,Namita-J,2026-10-05,"water_synthesis_first_2026-10-05 (ruleset v1.6.0, synthesis-first). process=grey; method_subtype=ppar; study_scope=['CHN']; income_groups_covered=['lower_middle']; evaluation_design=monitoring; report_number_or_handle=IEG PPAR Report No. 41122; hazards=drought; t6_targets=production_gap,soil_erosion_risk,rural_poverty,carbon_sequestration_potential,economics; families=water_harvesting__terracing|water_harvesting__runoff_catchment|water_harvesting__rooftop; has_effect_sizes=True; proposed_tier=Med (Independent IEG, but outcome numbers are project M&E with no control; China was LMIC at the time (now UMIC): s); Iconic terracing + check-dam programme; drought link is qualitative only.; acquired 2026-10-05 by acquire-queue.py (110 pp) → cache + SharePoint mirror | extracted 2026-10-05 run wh_effect_sweep_2026-10 (gated staging ingest)",,,true
ieg_2009_morocco_lakhdar_ppar,water_harvesting_conservation,water_harvesting__runoff_catchment|water_harvesting__terracing|water_harvesting__in_situ,T3|T6,"Independent Evaluation Group (2009). Project Performance Assessment Report: Morocco - Lakhdar Watershed Management Pilot Project (SCL-44260, TF-29346). Report No. 48733. World Bank, Washington DC. June 1, 2009.",,https://documents.worldbank.org/curated/en/580201468279283119/pdf/487330PPAR0P001C0disclosed071241091.pdf,oa,,web (publisher domain),D591_Rural-Scan_NBS/2_Technical_&_Data/library/3_Water_Harvesting/ieg_2009_morocco_lakhdar_ppar.pdf,extracted,Namita-J,2026-10-05,"water_synthesis_first_2026-10-05 (ruleset v1.6.0, synthesis-first). process=grey; method_subtype=ppar; study_scope=['MAR']; income_groups_covered=['lower_middle']; evaluation_design=qualitative; report_number_or_handle=IEG PPAR Report No. 48733; hazards=asset_vulnerability; t6_targets=soil_erosion_risk,economics,production_gap; families=water_harvesting__runoff_catchment|water_harvesting__terracing|water_harvesting__in_situ; has_effect_sizes=True; proposed_tier=Low (Independent but observational site visits; few numbers; good for asset siltation/maintenance (qualitative).); Asset-vulnerability evidence (check-dam/gabion siltation without maintenance). Annex D sites belong to the Morocco WRMP, not Lakhdar: attribute carefully.; acquired 2026-10-05 by acquire-queue.py (58 pp) → cache + SharePoint mirror | extracted 2026-10-05 run wh_effect_sweep_2026-10 (gated staging ingest)",,,true
ieg_2013_tunisia_nrm_ppar,water_harvesting_conservation,water_harvesting__in_situ|water_harvesting__terracing|water_harvesting__runoff_catchment,T3|T6,"Independent Evaluation Group (2013). Project Performance Assessment Report: Tunisia - Natural Resources Management Project (Loan 4162; TF025830); Northwest Mountainous and Forestry Areas Development Project (Loan 7151). Report No. 82308-TN. World Bank, Washington DC. November 6, 2013.",,https://documents.worldbank.org/curated/en/283981468311358773/pdf/823080PPAR0P000N0Box379866B00OUO090.pdf,oa,,web (publisher domain),D591_Rural-Scan_NBS/2_Technical_&_Data/library/3_Water_Harvesting/ieg_2013_tunisia_nrm_ppar.pdf,extracted,Namita-J,2026-10-05,"water_synthesis_first_2026-10-05 (ruleset v1.6.0, synthesis-first). process=grey; method_subtype=ppar; study_scope=['TUN']; income_groups_covered=['lower_middle']; evaluation_design=monitoring; report_number_or_handle=IEG PPAR Report No. 82308-TN; hazards=drought; t6_targets=production_gap,rural_poverty,economics; families=water_harvesting__in_situ|water_harvesting__terracing|water_harvesting__runoff_catchment; has_effect_sizes=True; proposed_tier=Low (Independent, but the underlying data are a weak PCR with no control; only a qualitative drought-moderation sta); One of the few documents that records drought REDUCING SWC benefits, which is a T3 conditionality.; acquired 2026-10-05 by acquire-queue.py (63 pp) → cache + SharePoint mirror | extracted 2026-10-05 run wh_effect_sweep_2026-10 (gated staging ingest)",,,true
wb_2020_karnataka2_watershed_icr,water_harvesting_conservation,water_harvesting__in_situ|water_harvesting__runoff_catchment,T6,"World Bank (2020). Implementation Completion and Results Report: India - Second Karnataka Watershed Development Project (Sujala III). Report No. ICR5011. World Bank, Washington DC.",,https://documents.worldbank.org/curated/en/914951598894436691/pdf/India-Second-Karnataka-Watershed-Development-Project.pdf,oa,,web (publisher domain),D591_Rural-Scan_NBS/2_Technical_&_Data/library/3_Water_Harvesting/wb_2020_karnataka2_watershed_icr.pdf,extracted,Namita-J,2026-10-05,"water_synthesis_first_2026-10-05 (ruleset v1.6.0, synthesis-first). process=grey; method_subtype=icr; study_scope=['IND']; income_groups_covered=['lower_middle']; evaluation_design=quasi_experimental; report_number_or_handle=ICR5011 (IEG review: ICRR0022303); t6_targets=rural_poverty,water_stress,soil_erosion_risk,economics; families=water_harvesting__in_situ|water_harvesting__runoff_catchment; has_effect_sizes=True; proposed_tier=Med (Bank self-evaluation (COI discount), but cites controlled comparisons; IEG ICRR exists to cross-check.); Note: the main innovation is land-resource-inventory (LRI) planning, not structures alone, so attribute outcomes to the WH/SWC package.; acquired 2026-10-05 by acquire-queue.py (88 pp) → cache + SharePoint mirror | extracted 2026-10-05 run wh_effect_sweep_2026-10 (gated staging ingest)",,,true
wb_2022_uttarakhand2_watershed_icr,water_harvesting_conservation,water_harvesting__in_situ|water_harvesting__runoff_catchment|water_harvesting__terracing,T6,"World Bank (2022). Implementation Completion and Results Report: India - Second Uttarakhand Decentralized Watershed Development Project (Gramya II). Report No. ICR5940. World Bank, Washington DC.",,https://documents.worldbank.org/curated/en/099350009162242515/pdf/BOSIB135bce8301d24314f5118a7b19c80b910765a.pdf,oa,,web (publisher domain),D591_Rural-Scan_NBS/2_Technical_&_Data/library/3_Water_Harvesting/wb_2022_uttarakhand2_watershed_icr.pdf,extracted,Namita-J,2026-10-05,"water_synthesis_first_2026-10-05 (ruleset v1.6.0, synthesis-first). process=grey; method_subtype=icr; study_scope=['IND']; income_groups_covered=['lower_middle']; evaluation_design=quasi_experimental; report_number_or_handle=ICR5940 (IEG review: ICRR0023194); t6_targets=production_gap,soil_erosion_risk,water_stress,adoption,economics; families=water_harvesting__in_situ|water_harvesting__runoff_catchment|water_harvesting__terracing; has_effect_sizes=True; proposed_tier=Med (Self-evaluation with DiD; COI discount; internal arithmetic error on sediment.); Himalayan hill watersheds; spillover to controls acknowledged.; acquired 2026-10-05 by acquire-queue.py (53 pp) → cache + SharePoint mirror | extracted 2026-10-05 run wh_effect_sweep_2026-10 (gated staging ingest)",,,true
wb_2017_hp_midhimalayan_icr,water_harvesting_conservation,water_harvesting__terracing|water_harvesting__runoff_catchment,T6,"World Bank (2017). Implementation Completion and Results Report: India - Himachal Pradesh Mid-Himalayan Watershed Development Project. Report No. ICR4212. World Bank, Washington DC.",,https://documents.worldbank.org/curated/en/282271507211860055/pdf/HPICR-ICRR-P093720-Sep-27-10022017.pdf,oa,,web (publisher domain),D591_Rural-Scan_NBS/2_Technical_&_Data/library/3_Water_Harvesting/wb_2017_hp_midhimalayan_icr.pdf,extracted,Namita-J,2026-10-05,"water_synthesis_first_2026-10-05 (ruleset v1.6.0, synthesis-first). process=grey; method_subtype=icr; study_scope=['IND']; income_groups_covered=['lower_middle']; evaluation_design=quasi_experimental; report_number_or_handle=ICR4212 (IEG review: ICRR0020963); t6_targets=production_gap,economics; families=water_harvesting__terracing|water_harvesting__runoff_catchment; has_effect_sizes=True; proposed_tier=Low (Self-evaluation; outcomes partly from irrigation/horticulture shift, so WH attribution is diluted.); Reserve-grade; keep for production_gap if Indian-hill cells are thin.; acquired 2026-10-05 by acquire-queue.py (71 pp) → cache + SharePoint mirror | extracted 2026-10-05 run wh_effect_sweep_2026-10 (gated staging ingest)",,,true
wb_2018_rwanda_lwh_icr,water_harvesting_conservation,water_harvesting__terracing|water_harvesting__runoff_catchment,T6,"World Bank (2018). Implementation Completion and Results Report: Rwanda - Land Husbandry, Water Harvesting, and Hillside Irrigation Project (LWH). Report No. ICR4539. World Bank, Washington DC.",,https://documents.worldbank.org/curated/en/918571546027720167/pdf/icr00004539-12202018-636811129048938477.pdf,oa,,web (publisher domain),D591_Rural-Scan_NBS/2_Technical_&_Data/library/3_Water_Harvesting/wb_2018_rwanda_lwh_icr.pdf,extracted,Namita-J,2026-10-05,"water_synthesis_first_2026-10-05 (ruleset v1.6.0, synthesis-first). process=grey; method_subtype=icr; study_scope=['RWA']; income_groups_covered=['low']; evaluation_design=quasi_experimental; report_number_or_handle=ICR4539; IEG ICRR0021510 (2019) at https://documents.worldbank.org/curated/en/715891556892378988/pdf/Rwanda-RW-Land-Husband-Water-Harvest-Hill-Irrig.pdf; t6_targets=production_gap,rural_poverty,economics; families=water_harvesting__terracing|water_harvesting__runoff_catchment; has_effect_sizes=True; proposed_tier=Med (Self-evaluation citing an independent DIME DiD; LIC. The DIME terracing IE report itself should be sought as t); Radical (bench) terraces in LIC hillsides. Human: locate the DIME LWH impact-evaluation report (terraces) as the primary. 3ie IE112 (Byiringo, Jones, Kondylis) covers the irrigation arm only, so it was screened out.; acquired 2026-10-05 by acquire-queue.py (62 pp) → cache + SharePoint mirror | extracted 2026-10-05 run wh_effect_sweep_2026-10 (gated staging ingest)",,,true
wb_2016_ethiopia_psnp3_icr,water_harvesting_conservation,water_harvesting__terracing|water_harvesting__in_situ|water_harvesting__runoff_catchment,T6,"World Bank (2016). Implementation Completion and Results Report: Ethiopia - Third Productive Safety Nets Project (PSNP 3). Report No. ICR3659. World Bank, Washington DC.",,https://documents.worldbank.org/curated/en/229421467954050889/pdf/ICR3659-P113220-Box396273B-PUBLIC-disclosed-7-6-16.pdf,oa,,web (publisher domain),D591_Rural-Scan_NBS/2_Technical_&_Data/library/3_Water_Harvesting/wb_2016_ethiopia_psnp3_icr.pdf,extracted,Namita-J,2026-10-05,"water_synthesis_first_2026-10-05 (ruleset v1.6.0, synthesis-first). process=grey; method_subtype=icr; study_scope=['ETH']; income_groups_covered=['low']; evaluation_design=mixed (impact evaluation + perception survey + monitoring); report_number_or_handle=ICR3659; t6_targets=production_gap,soil_erosion_risk,rural_poverty; families=water_harvesting__terracing|water_harvesting__in_situ|water_harvesting__runoff_catchment; has_effect_sizes=True; proposed_tier=Med (Self-evaluation; mixes an IE estimate with perception data; LIC public-works SWC at scale.); Primaries to chase: the 2011 PSNP Public Works Impact Assessment and the 2014 IE (IFPRI). The PSNP-1 PPAR (62549) was screened out because its drought effect is driven by transfers, not SWC.; acquired 2026-10-05 by acquire-queue.py (126 pp) → cache + SharePoint mirror | extracted 2026-10-05 run wh_effect_sweep_2026-10 (gated staging ingest)",,,true
wb_2012_yemen_gscp_icr,water_harvesting_conservation,water_harvesting__spate|water_harvesting__rooftop|water_harvesting__terracing,T6,"World Bank (2012). Implementation Completion and Results Report: Republic of Yemen - Groundwater and Soil Conservation Project (GSCP). Report No. ICR2516. World Bank, Washington DC.",,https://documents.worldbank.org/curated/en/657111468340756398/pdf/NonAsciiFileName0.pdf,oa,,web (publisher domain),D591_Rural-Scan_NBS/2_Technical_&_Data/library/3_Water_Harvesting/wb_2012_yemen_gscp_icr.pdf,extracted,Namita-J,2026-10-05,"water_synthesis_first_2026-10-05 (ruleset v1.6.0, synthesis-first). process=grey; method_subtype=icr; study_scope=['YEM']; income_groups_covered=['low']; evaluation_design=monitoring; report_number_or_handle=ICR2516 (IEG review: ICRR14117); t6_targets=water_stress,rural_poverty,economics; families=water_harvesting__spate|water_harvesting__rooftop|water_harvesting__terracing; has_effect_sizes=True; proposed_tier=Low (Self-evaluation; WH outcomes are perception-only; LIC/FCV MENA spate is a rare context.); Only MENA spate/WH ex-post found. The LWCP PPAR (35004) was screened out because its terrace component reports ""no data on overall achievements"" (PDF p.20).; acquired 2026-10-05 by acquire-queue.py (73 pp) → cache + SharePoint mirror | extracted 2026-10-05 run wh_effect_sweep_2026-10 (gated staging ingest)",,,true
wb_2014_mauritania_cbwm_icr,water_harvesting_conservation,water_harvesting__in_situ|water_harvesting__spate|water_harvesting__runoff_catchment,T6,"World Bank (2014). Implementation Completion and Results Report: Mauritania - Community-Based Watershed Management Project. Report No. ICR2294. World Bank, Washington DC.",,https://documents.worldbank.org/curated/en/122711468279537418/pdf/ICR22940P087670C0disclosed020280140.pdf,oa,,web (publisher domain),D591_Rural-Scan_NBS/2_Technical_&_Data/library/3_Water_Harvesting/wb_2014_mauritania_cbwm_icr.pdf,extracted,Namita-J,2026-10-05,"water_synthesis_first_2026-10-05 (ruleset v1.6.0, synthesis-first). process=grey; method_subtype=icr; study_scope=['MRT']; income_groups_covered=['lower_middle']; evaluation_design=before_after; report_number_or_handle=ICR2294 (IEG review: ICRR14593); t6_targets=production_gap,rural_poverty,economics; families=water_harvesting__in_situ|water_harvesting__spate|water_harvesting__runoff_catchment; has_effect_sizes=True; proposed_tier=Low (Self-evaluation, before-after only; Sahel LMIC.); Sahelian dike/bund WH; thin but rare geography.; acquired 2026-10-05 by acquire-queue.py (79 pp) → cache + SharePoint mirror | extracted 2026-10-05 run wh_effect_sweep_2026-10 (gated staging ingest)",,,true
joshi_2005_iwmi_ca_rr8_watershed_meta,water_harvesting_conservation,water_harvesting__runoff_catchment|water_harvesting__in_situ|water_harvesting__terracing,T6,"Joshi, P.K., Jha, A.K., Wani, S.P., Joshi, L., Shiyani, R.L. (2005). Meta-analysis to assess impact of watershed program and people's participation. Comprehensive Assessment of Water Management in Agriculture Research Report 8. International Water Management Institute / Comprehensive Assessment Secretariat, Colombo.",,https://cgspace.cgiar.org/server/api/core/bitstreams/f73731a5-4405-4dab-b77e-b51f63d870ba/content,oa,,web (publisher domain),D591_Rural-Scan_NBS/2_Technical_&_Data/library/3_Water_Harvesting/joshi_2005_iwmi_ca_rr8_watershed_meta.pdf,extracted,Namita-J,2026-10-05,"water_synthesis_first_2026-10-05 (ruleset v1.6.0, synthesis-first). process=grey; method_subtype=meta_analysis; study_scope=['IND']; income_groups_covered=['lower_middle']; evaluation_design=synthesis; report_number_or_handle=CA Research Report 8; CGSpace hdl 10568/39763; t6_targets=economics,production_gap,water_stress,soil_erosion_risk; families=water_harvesting__runoff_catchment|water_harvesting__in_situ|water_harvesting__terracing; has_effect_sizes=True; proposed_tier=High (Synthesis of 311 ex-post evaluations, ICRISAT/IWMI; widely cited (IEG PPAR 61065, Karnataka ICR). Grey case st); Strongest T6 economics synthesis for Indian watersheds. Check whether a peer-reviewed version is known to the sibling lane (Joshi et al. in J. Agric. Econ./Indian J. Agric. Econ.).; acquired 2026-10-05 by acquire-queue.py (24 pp) → cache + SharePoint mirror | extracted 2026-10-05 run wh_effect_sweep_2026-10 (gated staging ingest)",,,true
abate_2021_ifpri_dp2069_cbinremp,water_harvesting_conservation,water_harvesting__terracing|water_harvesting__in_situ|water_harvesting__runoff_catchment,T6,Abate et al. (2021). Evaluating the impact of multi-intervention development projects: The case of Ethiopia’s community-based integrated natural resources management project. .,10.2499/p15738coll2.134856,https://cgspace.cgiar.org/server/api/core/bitstreams/60346884-b71c-4bb0-b212-db57e0a9cf5f/content,oa,,web (publisher domain),D591_Rural-Scan_NBS/2_Technical_&_Data/library/3_Water_Harvesting/abate_2021_ifpri_dp2069_cbinremp.pdf,extracted,Namita-J,2026-10-05,"water_synthesis_first_2026-10-05 (ruleset v1.6.0, synthesis-first). process=grey; method_subtype=impact_evaluation; study_scope=['ETH']; income_groups_covered=['low']; evaluation_design=quasi_experimental; report_number_or_handle=IFPRI DP 2069; CGSpace hdl 10568/143405; t6_targets=rural_poverty,production_gap,gender_inequity; families=water_harvesting__terracing|water_harvesting__in_situ|water_harvesting__runoff_catchment; has_effect_sizes=True; proposed_tier=High (Independent (IFPRI evaluating an IFAD project); rigorous; reports nulls; LIC.); Valuable null on crop yield from SWC-led watershed package; IFAD project, so it partly covers the blocked IFAD channel.; acquired 2026-10-05 by acquire-queue.py (52 pp) → cache + SharePoint mirror | extracted 2026-10-05 run wh_effect_sweep_2026-10 (gated staging ingest)",true,,
schmidt_tadesse_2012_essp_wp42_slwm,water_harvesting_conservation,water_harvesting__terracing|water_harvesting__in_situ|water_harvesting__runoff_catchment,T6,"Schmidt, E., Tadesse, F. (2012). Household and plot level impact of Sustainable Land and Watershed Management (SLWM) practices in the Blue Nile. ESSP II Working Paper 42. IFPRI / Ethiopian Development Research Institute, Addis Ababa.",,https://cgspace.cgiar.org/server/api/core/bitstreams/95e89462-652f-46bf-b6e7-5535cbc7baa2/content,oa,,web (publisher domain),D591_Rural-Scan_NBS/2_Technical_&_Data/library/3_Water_Harvesting/schmidt_tadesse_2012_essp_wp42_slwm.pdf,extracted,Namita-J,2026-10-05,"water_synthesis_first_2026-10-05 (ruleset v1.6.0, synthesis-first). process=grey; method_subtype=impact_evaluation; study_scope=['ETH']; income_groups_covered=['low']; evaluation_design=quasi_experimental; report_number_or_handle=ESSP II WP 42; CGSpace hdl 10568/153953; t6_targets=production_gap,adoption; families=water_harvesting__terracing|water_harvesting__in_situ|water_harvesting__runoff_catchment; has_effect_sizes=True; proposed_tier=High (Independent IFPRI matching study; time-to-benefit evidence; LIC.); The time-to-benefit (lag) finding matters for M2b establishment_period_years.; acquired 2026-10-05 by acquire-queue.py (35 pp) → cache + SharePoint mirror | extracted 2026-10-05 run wh_effect_sweep_2026-10 (gated staging ingest)",,,true
kabore_reij_2004_ifpri_eptd114_zai,water_harvesting_conservation,water_harvesting__in_situ|water_harvesting__terracing,T3|T6,"Kaboré, D., Reij, C. (2004). The emergence and spreading of an improved traditional soil and water conservation practice in Burkina Faso. EPTD Discussion Paper 114. International Food Policy Research Institute, Washington DC.",,https://cgspace.cgiar.org/server/api/core/bitstreams/b1b85c25-d1ef-44c2-8b6c-316cfee56c5f/content,oa,,web (publisher domain),D591_Rural-Scan_NBS/2_Technical_&_Data/library/3_Water_Harvesting/kabore_reij_2004_ifpri_eptd114_zai.pdf,extracted,Namita-J,2026-10-05,"water_synthesis_first_2026-10-05 (ruleset v1.6.0, synthesis-first). process=grey; method_subtype=case_study_synthesis; study_scope=['BFA', 'NER']; income_groups_covered=['low']; evaluation_design=synthesis; report_number_or_handle=IFPRI EPTD DP 114; CGSpace hdl 10568/155576; hazards=drought; t6_targets=production_gap,economics,adoption; families=water_harvesting__in_situ|water_harvesting__terracing; has_effect_sizes=True; proposed_tier=Med (Seminal Sahel zaï grey paper (is_seminal); yield numbers are compiled from trials (lineage), so cite the prima); Rare low-rainfall-year yield statement for zaï (drought conditionality, T3) plus a labour cost per ha.; acquired 2026-10-05 by acquire-queue.py (43 pp) → cache + SharePoint mirror | extracted 2026-10-05 run wh_effect_sweep_2026-10 (gated staging ingest)",,,true
arega_2024_ifpri_ilssi_psnp_public_works,water_harvesting_conservation,water_harvesting__terracing|water_harvesting__runoff_catchment|water_harvesting__rooftop,T3|T6,Arega et al. (2023). The contributions of Public Works in watershed rehabilitation and irrigation in Bureau for Humanitarian Assistance supported Productive Safety Net Program areas of Ethiopia to resilience and nutrition. .,10.2499/p15738coll2.137067,https://cgspace.cgiar.org/server/api/core/bitstreams/7485b23a-e799-4711-835d-c77149ac5730/content,oa,,web (publisher domain),D591_Rural-Scan_NBS/2_Technical_&_Data/library/3_Water_Harvesting/arega_2024_ifpri_ilssi_psnp_public_works.pdf,extracted,Namita-J,2026-10-05,"water_synthesis_first_2026-10-05 (ruleset v1.6.0, synthesis-first). process=grey; method_subtype=evaluation_brief; study_scope=['ETH']; income_groups_covered=['low']; evaluation_design=qualitative; report_number_or_handle=FTF-ILSSI Project Note 6; CGSpace hdl 10568/140292; hazards=asset_vulnerability; t6_targets=rural_poverty,soil_erosion_risk,water_stress; families=water_harvesting__terracing|water_harvesting__runoff_catchment|water_harvesting__rooftop; has_effect_sizes=False; proposed_tier=Low (Independent IFPRI, but a 5-page brief with no numbers; Crossref year 2023 vs CGSpace 2024-01-02.); Qualitative asset-sustainability and null food-security signal. Human: get the full ILSSI assessment report.; acquired 2026-10-05 by acquire-queue.py (5 pp) → cache + SharePoint mirror | extracted 2026-10-05 run wh_effect_sweep_2026-10 (gated staging ingest)",true,,
verma_shah_2019_wb_drought_proofing_recharge,water_harvesting_conservation,water_harvesting__runoff_catchment,T3|T6,"Verma, S., Shah, M. (2019). Drought-proofing through groundwater recharge: lessons from Chief Ministers' initiatives in four Indian states. Water Knowledge Note. World Bank, Washington DC.",,https://cgspace.cgiar.org/server/api/core/bitstreams/58502612-716e-4afb-a827-fbadfc4ed9aa/content,oa,,web (publisher domain),D591_Rural-Scan_NBS/2_Technical_&_Data/library/3_Water_Harvesting/verma_shah_2019_wb_drought_proofing_recharge.pdf,extracted,Namita-J,2026-10-05,"water_synthesis_first_2026-10-05 (ruleset v1.6.0, synthesis-first). process=grey; method_subtype=synthesis_brief; study_scope=['IND']; income_groups_covered=['lower_middle']; evaluation_design=synthesis; report_number_or_handle=WB Water Knowledge Note; CGSpace hdl 10568/107831; hazards=drought; t6_targets=water_stress,production_gap; families=water_harvesting__runoff_catchment; has_effect_sizes=True; proposed_tier=Low (Secondary synthesis; numbers are not first-hand.); Best drought-framed (T3) pointer for Indian macrocatchment recharge; chase NABCONS 2017 / Jalyukt Shivar evaluations.; acquired 2026-10-05 by acquire-queue.py (18 pp) → cache + SharePoint mirror | extracted 2026-10-05 run wh_effect_sweep_2026-10 (gated staging ingest)",,,true
neufeld_2017_mcc_sand_dam_assessment,water_harvesting_conservation,water_harvesting__runoff_catchment,T3|T6,"Graber Neufeld, D. (2017). Sand Dam Assessment, MCC Kenya, August 2016-May 2017. Report for Mennonite Central Committee Kenya (with SASOL and Utooni Development Organization).",,http://www.cyrho.com/data/Doug-Sand%20dam%20evaluation%20report%20draft%20Je2017.pdf,oa,,web (publisher domain),D591_Rural-Scan_NBS/2_Technical_&_Data/library/3_Water_Harvesting/neufeld_2017_mcc_sand_dam_assessment.pdf,extracted,Namita-J,2026-10-05,"water_synthesis_first_2026-10-05 (ruleset v1.6.0, synthesis-first). process=grey; method_subtype=field_assessment; study_scope=['KEN']; income_groups_covered=['lower_middle']; evaluation_design=monitoring; report_number_or_handle=MCC Kenya sand dam assessment (draft, June 2017); hazards=asset_vulnerability,drought; t6_targets=water_stress,adoption; families=water_harvesting__runoff_catchment; has_effect_sizes=True; proposed_tier=Med (Systematic random-sample field audit by an independent academic (EMU) commissioned by a funder; draft status a); Best structure-performance / failure evidence found (asset_vulnerability). FAM gap: sand dams have no subpractice id (nearest check_dams / macrocatchment_wh), so a family needs ratifying. Companion: Concern Worldwide san; acquired 2026-10-05 by acquire-queue.py (72 pp) → cache + SharePoint mirror | extracted 2026-10-05 run wh_effect_sweep_2026-10 (gated staging ingest)",,,true
era_nj0007_abubaker_2014,water_harvesting_conservation,water_harvesting__runoff_catchment|water_harvesting__in_situ,T6,"Abubaker, B. M. A.; Yu, S. E.; Shao, G. C.; Alhadi, M. (2014). IMPACT OF DIFFERENT WATER HARVESTING TECHNIQUES ON SOIL MOISTURE CONTENT AND YIELD COMPONENTS OF SORGHUM. Pakistan Journal of Agricultural Sciences.",,,oa,tool acquisition failed — no URL/DOI route; human browser download / OA web-search recovery,web (publisher domain),,pending,Namita-J,2026-10-05,"water_synthesis_first_2026-10-05 (ruleset v1.6.0, synthesis-first). process=stock; method_subtype=primary_field_study; study_scope=['SDN']; income_groups_covered=['low']; evaluation_design=experimental/on-farm (per ERA); report_number_or_handle=ERA code NJ0007 (ERAg::ERA_Bibliography); t6_targets=economics,production_gap; families=water_harvesting__runoff_catchment|water_harvesting__in_situ; has_effect_sizes=True; proposed_tier=Med (Peer-reviewed primary selected via the benchmarked ERA economics dataset; ERA is a dataset (adapter PAUSED), u); No DOI; Crossref title-search best hit is a DIFFERENT paper (ratio 0.58). Acquire by TITLE (WoS:000349562000002); scope inferred, verify. Country scope inferred from title/ERA; verify.",,,
era_js0241_adgo_2013,water_harvesting_conservation,water_harvesting__terracing|water_harvesting__in_situ,T6,"Adgo et al. (2013). Impacts of long-term soil and water conservation on agricultural productivity: The case of Anjenie watershed, Ethiopia. Agricultural Water Management.",10.1016/j.agwat.2012.10.026,https://doi.org/10.1016/j.agwat.2012.10.026,oa,tool acquisition failed — no candidate URL yielded a PDF (landing page / 403 / no Unpaywall copy); human browser download / OA web-search recovery,web (publisher domain),,pending,Namita-J,2026-10-05,"water_synthesis_first_2026-10-05 (ruleset v1.6.0, synthesis-first). process=stock; method_subtype=primary_field_study; study_scope=['ETH']; income_groups_covered=['low']; evaluation_design=experimental/on-farm (per ERA); report_number_or_handle=ERA code JS0241 (ERAg::ERA_Bibliography); t6_targets=economics,production_gap; families=water_harvesting__terracing|water_harvesting__in_situ; has_effect_sizes=True; proposed_tier=Med (Peer-reviewed primary selected via the benchmarked ERA economics dataset; ERA is a dataset (adapter PAUSED), u); DOI round-trips via Crossref (title ratio 1.0). Country scope inferred from title/ERA; verify.",true,,
era_dk0008_dalton_2014,water_harvesting_conservation,water_harvesting__in_situ,T6,"Dalton et al. (2014). Perceptions and performance of conservation agriculture practices in northwestern Ghana. Agriculture, Ecosystems &amp; Environment.",10.1016/j.agee.2013.11.015,https://doi.org/10.1016/j.agee.2013.11.015,oa,tool acquisition failed — no candidate URL yielded a PDF (landing page / 403 / no Unpaywall copy); human browser download / OA web-search recovery,web (publisher domain),,pending,Namita-J,2026-10-05,"water_synthesis_first_2026-10-05 (ruleset v1.6.0, synthesis-first). process=stock; method_subtype=primary_field_study; study_scope=['GHA']; income_groups_covered=['lower_middle']; evaluation_design=experimental/on-farm (per ERA); report_number_or_handle=ERA code DK0008 (ERAg::ERA_Bibliography); t6_targets=economics,production_gap; families=water_harvesting__in_situ; has_effect_sizes=True; proposed_tier=Med (Peer-reviewed primary selected via the benchmarked ERA economics dataset; ERA is a dataset (adapter PAUSED), u); DOI round-trips via Crossref (title ratio 1.0). Country scope inferred from title/ERA; verify.",true,,
era_nn0385_mo_2017,water_harvesting_conservation,water_harvesting__in_situ,T6,Mo et al. (2017). Ridge-furrow plastic-mulching with balanced fertilization in rainfed maize (Zea mays L.): An adaptive management in east African Plateau. Agricultural and Forest Meteorology.,10.1016/j.agrformet.2017.01.014,https://doi.org/10.1016/j.agrformet.2017.01.014,oa,tool acquisition failed — no candidate URL yielded a PDF (landing page / 403 / no Unpaywall copy); human browser download / OA web-search recovery,web (publisher domain),,pending,Namita-J,2026-10-05,"water_synthesis_first_2026-10-05 (ruleset v1.6.0, synthesis-first). process=stock; method_subtype=primary_field_study; study_scope=['KEN']; income_groups_covered=['lower_middle']; evaluation_design=experimental/on-farm (per ERA); report_number_or_handle=ERA code NN0385 (ERAg::ERA_Bibliography); t6_targets=economics,production_gap; families=water_harvesting__in_situ; has_effect_sizes=True; proposed_tier=Med (Peer-reviewed primary selected via the benchmarked ERA economics dataset; ERA is a dataset (adapter PAUSED), u); DOI round-trips via Crossref (title ratio 1.0). Country scope inferred from title/ERA; verify.",true,,
era_eo0122_said_2016,water_harvesting_conservation,water_harvesting__in_situ,T6,"Said, M. T.; Ameen, F. A. (2016). Effect of Sowing Methods and Microelements Foliar Application on Bread Wheat Productivity and their Economical Feasibility. Egyptian Journal of Agronomy.",,,oa,tool acquisition failed — no URL/DOI route; human browser download / OA web-search recovery,web (publisher domain),,pending,Namita-J,2026-10-05,"water_synthesis_first_2026-10-05 (ruleset v1.6.0, synthesis-first). process=stock; method_subtype=primary_field_study; study_scope=['EGY']; income_groups_covered=['lower_middle']; evaluation_design=experimental/on-farm (per ERA); report_number_or_handle=ERA code EO0122 (ERAg::ERA_Bibliography); t6_targets=economics,production_gap; families=water_harvesting__in_situ; has_effect_sizes=True; proposed_tier=Med (Peer-reviewed primary selected via the benchmarked ERA economics dataset; ERA is a dataset (adapter PAUSED), u); No DOI in ERA; Crossref title-search candidate 10.21608/agro.2016.600 (exact title match): candidate, human-verify. WH relevance doubtful (sowing method on beds/ridges), so check that it is a WH/SWC practice (PICOS). Cou",,,
era_an0083_sime_2015,water_harvesting_conservation,water_harvesting__in_situ,T6,"Sime et al. (2015). Agronomic and economic response of tillage and water conservation management in maize, central rift valley in Ethiopia. Soil and Tillage Research.",10.1016/j.still.2014.12.001,https://doi.org/10.1016/j.still.2014.12.001,oa,tool acquisition failed — no candidate URL yielded a PDF (landing page / 403 / no Unpaywall copy); human browser download / OA web-search recovery,web (publisher domain),,pending,Namita-J,2026-10-05,"water_synthesis_first_2026-10-05 (ruleset v1.6.0, synthesis-first). process=stock; method_subtype=primary_field_study; study_scope=['ETH']; income_groups_covered=['low']; evaluation_design=experimental/on-farm (per ERA); report_number_or_handle=ERA code AN0083 (ERAg::ERA_Bibliography); t6_targets=economics,production_gap; families=water_harvesting__in_situ; has_effect_sizes=True; proposed_tier=Med (Peer-reviewed primary selected via the benchmarked ERA economics dataset; ERA is a dataset (adapter PAUSED), u); DOI round-trips via Crossref (title ratio 1.0). Country scope inferred from title/ERA; verify.",true,,
era_an0121_wang_2016,water_harvesting_conservation,water_harvesting__in_situ|water_harvesting__micro_catchment,T6,Wang et al. (2016). Exploring micro-field water-harvesting farming system in dryland wheat (Triticum aestivum L.): An innovative management for semiarid Kenya. Field Crops Research.,10.1016/j.fcr.2016.07.001,https://doi.org/10.1016/j.fcr.2016.07.001,oa,tool acquisition failed — no candidate URL yielded a PDF (landing page / 403 / no Unpaywall copy); human browser download / OA web-search recovery,web (publisher domain),,pending,Namita-J,2026-10-05,"water_synthesis_first_2026-10-05 (ruleset v1.6.0, synthesis-first). process=stock; method_subtype=primary_field_study; study_scope=['KEN']; income_groups_covered=['lower_middle']; evaluation_design=experimental/on-farm (per ERA); report_number_or_handle=ERA code AN0121 (ERAg::ERA_Bibliography); t6_targets=economics,production_gap; families=water_harvesting__in_situ|water_harvesting__micro_catchment; has_effect_sizes=True; proposed_tier=Med (Peer-reviewed primary selected via the benchmarked ERA economics dataset; ERA is a dataset (adapter PAUSED), u); DOI round-trips via Crossref (title ratio 1.0). Country scope inferred from title/ERA; verify.",true,,
era_nn0102_chiroma_2006,water_harvesting_conservation,water_harvesting__in_situ,T6,"CHIROMA et al. (2006). SOIL WATER CONSERVATION, GROWTH, YIELD AND WATER USE EFFICIENCY OF SORGHUM AS AFFECTED BY LAND CONFIGURATION AND WOOD-SHAVINGS MULCH IN SEMI-ARID NORTHEAST NIGERIA. Experimental Agriculture.",10.1017/s0014479705003376,https://doi.org/10.1017/s0014479705003376,oa,tool acquisition failed — no candidate URL yielded a PDF (landing page / 403 / no Unpaywall copy); human browser download / OA web-search recovery,web (publisher domain),,pending,Namita-J,2026-10-05,"water_synthesis_first_2026-10-05 (ruleset v1.6.0, synthesis-first). process=stock; method_subtype=primary_field_study; study_scope=['NGA']; income_groups_covered=['lower_middle']; evaluation_design=experimental/on-farm (per ERA); report_number_or_handle=ERA code NN0102 (ERAg::ERA_Bibliography); t6_targets=economics,production_gap; families=water_harvesting__in_situ; has_effect_sizes=True; proposed_tier=Med (Peer-reviewed primary selected via the benchmarked ERA economics dataset; ERA is a dataset (adapter PAUSED), u); DOI round-trips via Crossref (title ratio 1.0). Country scope inferred from title/ERA; verify.",true,,
era_nn0259_fox_2005,water_harvesting_conservation,water_harvesting__runoff_catchment,T6,Fox et al. (2005). Risk analysis and economic viability of water harvesting for supplemental irrigation in semi-arid Burkina Faso and Kenya. Agricultural Systems.,10.1016/j.agsy.2004.04.002,https://doi.org/10.1016/j.agsy.2004.04.002,oa,tool acquisition failed — no candidate URL yielded a PDF (landing page / 403 / no Unpaywall copy); human browser download / OA web-search recovery,web (publisher domain),,pending,Namita-J,2026-10-05,"water_synthesis_first_2026-10-05 (ruleset v1.6.0, synthesis-first). process=stock; method_subtype=primary_field_study; study_scope=['BFA', 'KEN']; income_groups_covered=['low']; evaluation_design=experimental/on-farm (per ERA); report_number_or_handle=ERA code NN0259 (ERAg::ERA_Bibliography); t6_targets=economics,production_gap; families=water_harvesting__runoff_catchment; has_effect_sizes=True; proposed_tier=Med (Peer-reviewed primary selected via the benchmarked ERA economics dataset; ERA is a dataset (adapter PAUSED), u); DOI round-trips via Crossref (title ratio 1.0). Country scope inferred from title/ERA; verify.",true,,
era_nn0305_mazvimavi_2009,water_harvesting_conservation,water_harvesting__in_situ,T6,Mazvimavi et al. (2009). Socioeconomic and institutional factors influencing adoption of conservation farming by vulnerable households in Zimbabwe. Agricultural Systems.,10.1016/j.agsy.2009.02.002,https://doi.org/10.1016/j.agsy.2009.02.002,oa,tool acquisition failed — no candidate URL yielded a PDF (landing page / 403 / no Unpaywall copy); human browser download / OA web-search recovery,web (publisher domain),,pending,Namita-J,2026-10-05,"water_synthesis_first_2026-10-05 (ruleset v1.6.0, synthesis-first). process=stock; method_subtype=primary_field_study; study_scope=['ZWE']; income_groups_covered=['low']; evaluation_design=experimental/on-farm (per ERA); report_number_or_handle=ERA code NN0305 (ERAg::ERA_Bibliography); t6_targets=economics,production_gap; families=water_harvesting__in_situ; has_effect_sizes=True; proposed_tier=Med (Peer-reviewed primary selected via the benchmarked ERA economics dataset; ERA is a dataset (adapter PAUSED), u); DOI round-trips via Crossref (title ratio 1.0). Country scope inferred from title/ERA; verify.",true,,
era_hk0259_umar_2012,water_harvesting_conservation,water_harvesting__in_situ,T6,Umar et al. (2012). Are Smallholder Zambian Farmers Economists? A Dual-Analysis of Farmers’ Expenditure in Conservation and Conventional Agriculture Systems. Journal of Sustainable Agriculture.,10.1080/10440046.2012.661700,https://doi.org/10.1080/10440046.2012.661700,oa,tool acquisition failed — no candidate URL yielded a PDF (landing page / 403 / no Unpaywall copy); human browser download / OA web-search recovery,web (publisher domain),,pending,Namita-J,2026-10-05,"water_synthesis_first_2026-10-05 (ruleset v1.6.0, synthesis-first). process=stock; method_subtype=primary_field_study; study_scope=['ZMB']; income_groups_covered=['lower_middle']; evaluation_design=experimental/on-farm (per ERA); report_number_or_handle=ERA code HK0259 (ERAg::ERA_Bibliography); t6_targets=economics,production_gap; families=water_harvesting__in_situ; has_effect_sizes=True; proposed_tier=Med (Peer-reviewed primary selected via the benchmarked ERA economics dataset; ERA is a dataset (adapter PAUSED), u); DOI round-trips via Crossref (title ratio 1.0). Country scope inferred from title/ERA; verify.",true,,
