record_id,nbs_id,hazard_type,farming_system,mitigation_potential,mitigation_mechanism,confidence,timescale_of_effect,landscape_scale_only,caveats,justification,risk_role,evidence_ids,suitability_family_id,scope_type,scope_id,applicability,family_spread,evidence_level,agreement_level,context_dependent,asset_sensitivity,asset_risk_weight
forest_restoration__drought__all,forest_restoration,drought,all,moderate,"[prose pending] forest_restoration moderately reduces the impact of drought in AFG, BGD, BIH, CPV, ERI, ETH, HND, IND, NER, TUN, TZA, UGA (limited evidence, high agreement → medium confidence; transfer: in_context).",medium,,false,,"{""statement"": ""forest_restoration moderately reduces the impact of drought in AFG, BGD, BIH, CPV, ERI, ETH, HND, IND, NER, TUN, TZA, UGA (limited evidence, high agreement → medium confidence; transfer: in_context)."", ""strength_basis"": ""quantified"", ""proxy_capped"": false, ""strength_from"": ""pool"", ""evidence_summary"": [""wocat_2325_2017 · practitioner_rating · negative/moderate · (NER; low) · [ev_drought_hazard_wocat_2325_2017_drought_impacts]"", ""wocat_1418_2011 · practitioner_rating · positive/strong · (ETH; low) · [ev_soil_water_retention_wocat_1418_2011_soil_moisture]"", ""wocat_750_2016 · practitioner_rating · none/unspecified · (HND; lower_middle) · [ev_water_access_deficit_wocat_750_2016_water_quantity]"", ""wocat_1607_2014 · practitioner_rating · negative/moderate · (TZA; lower_middle) · [ev_water_access_deficit_wocat_1607_2014_water_quantity]"", ""wocat_1048_2011 · practitioner_rating · positive/strong · (ETH; low) · [ev_soil_water_retention_wocat_1048_2011_soil_moisture]"", ""wocat_1577_2013 · practitioner_rating · positive/strong · (UGA; low) · [ev_soil_water_retention_wocat_1577_2013_soil_moisture]"", ""wocat_1072_2011 · practitioner_rating · positive/moderate · (ETH; low) · [ev_soil_water_retention_wocat_1072_2011_soil_moisture]"", ""wocat_4372_2019 · practitioner_rating · positive/moderate · (BGD; lower_middle) · [ev_soil_water_retention_wocat_4372_2019_soil_moisture]"", ""wocat_1414_2011 · practitioner_rating · positive/strong · (ETH; low) · [ev_soil_water_retention_wocat_1414_2011_soil_moisture]"", ""wocat_1330_2010 · practitioner_rating · positive/moderate · (ERI; low) · [ev_soil_water_retention_wocat_1330_2010_soil_moisture]"", ""wocat_1626_2014 · practitioner_rating · negative/slight · (NER; low) · [ev_water_access_deficit_wocat_1626_2014_harvesting_collection_of_water]"", ""wocat_1626_2014 · practitioner_rating · positive/slight · (NER; low) · [ev_soil_water_retention_wocat_1626_2014_soil_moisture]"", ""wocat_1568_2013 · practitioner_rating · negative/moderate · (TUN; lower_middle) · [ev_water_access_deficit_wocat_1568_2013_harvesting_collection_of_water]"", ""wocat_1568_2013 · practitioner_rating · positive/moderate · (TUN; lower_middle) · [ev_soil_water_retention_wocat_1568_2013_soil_moisture]"", ""wocat_1598_2014 · practitioner_rating · none/unspecified · (ETH; low) · [ev_water_access_deficit_wocat_1598_2014_water_quantity]"", ""wocat_1598_2014 · practitioner_rating · positive/slight · (ETH; low) · [ev_soil_water_retention_wocat_1598_2014_soil_moisture]"", ""wocat_4367_2019 · practitioner_rating · negative/slight · (BIH; upper_middle) · [ev_water_access_deficit_wocat_4367_2019_harvesting_collection_of_water]"", ""wocat_4367_2019 · practitioner_rating · negative/slight · (BIH; upper_middle) · [ev_water_access_deficit_wocat_4367_2019_water_availability]"", ""wocat_1523_2011 · practitioner_rating · positive/moderate · (CPV; upper_middle) · [ev_soil_water_retention_wocat_1523_2011_soil_moisture]"", ""wocat_1523_2011 · practitioner_rating · negative/moderate · (CPV; upper_middle) · [ev_water_access_deficit_wocat_1523_2011_water_availability]"", ""wocat_7460_2024 · practitioner_rating · negative/slight · (AFG; low) · [ev_drought_hazard_wocat_7460_2024_drought_impacts]"", ""wocat_5243_2019 · practitioner_rating · negative/strong · (IND; lower_middle) · [ev_drought_hazard_wocat_5243_2019_drought_impacts]"", ""wocat_7460_2024 · practitioner_rating · negative/slight · (AFG; low) · [ev_water_access_deficit_wocat_7460_2024_harvesting_collection_of_water]"", ""wocat_7460_2024 · practitioner_rating · negative/strong · (AFG; low) · [ev_water_access_deficit_wocat_7460_2024_water_quantity]"", ""wocat_7460_2024 · practitioner_rating · positive/moderate · (AFG; low) · [ev_soil_water_retention_wocat_7460_2024_soil_moisture]"", ""wocat_7460_2024 · practitioner_rating · negative/slight · (AFG; low) · [ev_water_access_deficit_wocat_7460_2024_water_availability]"", ""wocat_5243_2019 · practitioner_rating · negative/strong · (IND; lower_middle) · [ev_water_access_deficit_wocat_5243_2019_harvesting_collection_of_water]"", ""wocat_5243_2019 · practitioner_rating · negative/strong · (IND; lower_middle) · [ev_water_access_deficit_wocat_5243_2019_water_quantity]"", ""wocat_5243_2019 · practitioner_rating · positive/strong · (IND; lower_middle) · [ev_soil_water_retention_wocat_5243_2019_soil_moisture]"", ""wocat_5243_2019 · practitioner_rating · negative/strong · (IND; lower_middle) · [ev_water_access_deficit_wocat_5243_2019_water_availability]""], ""agreement_note"": ""weighted sign agreement 0.956: positive 28 ['ev_drought_hazard_wocat_2325_2017_drought_impacts', 'ev_soil_water_retention_wocat_1418_2011_soil_moisture', 'ev_water_access_deficit_wocat_1607_2014_water_quantity', 'ev_water_access_deficit_wocat_4367_2019_harvesting_collection_of_water', 'ev_water_access_deficit_wocat_4367_2019_water_availability', 'ev_soil_water_retention_wocat_1048_2011_soil_moisture', 'ev_soil_water_retention_wocat_1577_2013_soil_moisture', 'ev_water_access_deficit_wocat_7460_2024_harvesting_collection_of_water', 'ev_water_access_deficit_wocat_7460_2024_water_quantity', 'ev_soil_water_retention_wocat_7460_2024_soil_moisture', 'ev_drought_hazard_wocat_7460_2024_drought_impacts', 'ev_water_access_deficit_wocat_7460_2024_water_availability', 'ev_soil_water_retention_wocat_1072_2011_soil_moisture', 'ev_soil_water_retention_wocat_1523_2011_soil_moisture', 'ev_water_access_deficit_wocat_1523_2011_water_availability', 'ev_water_access_deficit_wocat_5243_2019_harvesting_collection_of_water', 'ev_water_access_deficit_wocat_5243_2019_water_quantity', 'ev_soil_water_retention_wocat_5243_2019_soil_moisture', 'ev_drought_hazard_wocat_5243_2019_drought_impacts', 'ev_water_access_deficit_wocat_5243_2019_water_availability', 'ev_water_access_deficit_wocat_1626_2014_harvesting_collection_of_water', 'ev_soil_water_retention_wocat_1626_2014_soil_moisture', 'ev_soil_water_retention_wocat_4372_2019_soil_moisture', 'ev_soil_water_retention_wocat_1414_2011_soil_moisture', 'ev_water_access_deficit_wocat_1568_2013_harvesting_collection_of_water', 'ev_soil_water_retention_wocat_1568_2013_soil_moisture', 'ev_soil_water_retention_wocat_1598_2014_soil_moisture', 'ev_soil_water_retention_wocat_1330_2010_soil_moisture']; negative 0 []; null 2 ['ev_water_access_deficit_wocat_750_2016_water_quantity', 'ev_water_access_deficit_wocat_1598_2014_water_quantity']."", ""proxies"": [""soil_water_retention→drought (component)"", ""water_access_deficit→drought (component)""], ""key_evidence_ids"": [""ev_drought_hazard_wocat_2325_2017_drought_impacts"", ""ev_soil_water_retention_wocat_1418_2011_soil_moisture"", ""ev_water_access_deficit_wocat_750_2016_water_quantity"", ""ev_water_access_deficit_wocat_1607_2014_water_quantity"", ""ev_soil_water_retention_wocat_1048_2011_soil_moisture""], ""source_mix"": {""peer_reviewed"": 0, ""grey"": 30, ""expert"": 0}, ""prose_pending"": true}",livelihood_mitigation,"[""ev_drought_hazard_wocat_2325_2017_drought_impacts"", ""ev_soil_water_retention_wocat_1418_2011_soil_moisture"", ""ev_water_access_deficit_wocat_750_2016_water_quantity"", ""ev_water_access_deficit_wocat_1607_2014_water_quantity"", ""ev_water_access_deficit_wocat_4367_2019_harvesting_collection_of_water"", ""ev_water_access_deficit_wocat_4367_2019_water_availability"", ""ev_soil_water_retention_wocat_1048_2011_soil_moisture"", ""ev_soil_water_retention_wocat_1577_2013_soil_moisture"", ""ev_water_access_deficit_wocat_7460_2024_harvesting_collection_of_water"", ""ev_water_access_deficit_wocat_7460_2024_water_quantity"", ""ev_soil_water_retention_wocat_7460_2024_soil_moisture"", ""ev_drought_hazard_wocat_7460_2024_drought_impacts"", ""ev_water_access_deficit_wocat_7460_2024_water_availability"", ""ev_soil_water_retention_wocat_1072_2011_soil_moisture"", ""ev_soil_water_retention_wocat_1523_2011_soil_moisture"", ""ev_water_access_deficit_wocat_1523_2011_water_availability"", ""ev_water_access_deficit_wocat_5243_2019_harvesting_collection_of_water"", ""ev_water_access_deficit_wocat_5243_2019_water_quantity"", ""ev_soil_water_retention_wocat_5243_2019_soil_moisture"", ""ev_drought_hazard_wocat_5243_2019_drought_impacts"", ""ev_water_access_deficit_wocat_5243_2019_water_availability"", ""ev_water_access_deficit_wocat_1626_2014_harvesting_collection_of_water"", ""ev_soil_water_retention_wocat_1626_2014_soil_moisture"", ""ev_soil_water_retention_wocat_4372_2019_soil_moisture"", ""ev_soil_water_retention_wocat_1414_2011_soil_moisture"", ""ev_water_access_deficit_wocat_1568_2013_harvesting_collection_of_water"", ""ev_soil_water_retention_wocat_1568_2013_soil_moisture"", ""ev_water_access_deficit_wocat_1598_2014_water_quantity"", ""ev_soil_water_retention_wocat_1598_2014_soil_moisture"", ""ev_soil_water_retention_wocat_1330_2010_soil_moisture""]",,,,"{""income_groups"": {""low"": 10, ""lower_middle"": 5, ""upper_middle"": 2}, ""aezs"": {""unknown"": 17}, ""farming_systems"": {""unknown"": 17}, ""countries"": [""AFG"", ""BGD"", ""BIH"", ""CPV"", ""ERI"", ""ETH"", ""HND"", ""IND"", ""NER"", ""TUN"", ""TZA"", ""UGA""], ""n_sources_in_scope"": 17, ""weight_share_in_context"": 0.886, ""target"": {""income_group"": ""lic_lmic""}, ""transfer_class"": ""in_context""}",false,limited,high,false,,
forest_restoration__drought__all__income_group-upper_middle,forest_restoration,drought,all,low,"[prose pending] forest_restoration slightly reduces the impact of drought in BIH, CPV (upper_middle income contexts) (limited evidence, high agreement → medium confidence; transfer: in_context).",medium,,false,,"{""statement"": ""forest_restoration slightly reduces the impact of drought in BIH, CPV (upper_middle income contexts) (limited evidence, high agreement → medium confidence; transfer: in_context)."", ""strength_basis"": ""quantified"", ""proxy_capped"": false, ""strength_from"": ""pool"", ""evidence_summary"": [""wocat_4367_2019 · practitioner_rating · negative/slight · (BIH; upper_middle) · [ev_water_access_deficit_wocat_4367_2019_harvesting_collection_of_water]"", ""wocat_4367_2019 · practitioner_rating · negative/slight · (BIH; upper_middle) · [ev_water_access_deficit_wocat_4367_2019_water_availability]"", ""wocat_1523_2011 · practitioner_rating · positive/moderate · (CPV; upper_middle) · [ev_soil_water_retention_wocat_1523_2011_soil_moisture]"", ""wocat_1523_2011 · practitioner_rating · negative/moderate · (CPV; upper_middle) · [ev_water_access_deficit_wocat_1523_2011_water_availability]""], ""agreement_note"": ""weighted sign agreement 1.0: positive 4 ['ev_water_access_deficit_wocat_4367_2019_harvesting_collection_of_water', 'ev_water_access_deficit_wocat_4367_2019_water_availability', 'ev_soil_water_retention_wocat_1523_2011_soil_moisture', 'ev_water_access_deficit_wocat_1523_2011_water_availability']; negative 0 []; null 0 []."", ""proxies"": [""soil_water_retention→drought (component)"", ""water_access_deficit→drought (component)""], ""key_evidence_ids"": [""ev_water_access_deficit_wocat_4367_2019_harvesting_collection_of_water"", ""ev_water_access_deficit_wocat_4367_2019_water_availability"", ""ev_soil_water_retention_wocat_1523_2011_soil_moisture"", ""ev_water_access_deficit_wocat_1523_2011_water_availability""], ""source_mix"": {""peer_reviewed"": 0, ""grey"": 4, ""expert"": 0}, ""prose_pending"": true}",livelihood_mitigation,"[""ev_water_access_deficit_wocat_4367_2019_harvesting_collection_of_water"", ""ev_water_access_deficit_wocat_4367_2019_water_availability"", ""ev_soil_water_retention_wocat_1523_2011_soil_moisture"", ""ev_water_access_deficit_wocat_1523_2011_water_availability""]",,income_group,upper_middle,"{""income_groups"": {""upper_middle"": 2}, ""aezs"": {""unknown"": 2}, ""farming_systems"": {""unknown"": 2}, ""countries"": [""BIH"", ""CPV""], ""n_sources_in_scope"": 2, ""weight_share_in_context"": 1.0, ""target"": {""income_group"": ""upper_middle""}, ""transfer_class"": ""in_context"", ""scope"": {""income_group"": ""upper_middle""}}",false,limited,high,false,,
forest_restoration__active_planting__drought__all,forest_restoration,drought,all,moderate,"[prose pending] forest_restoration moderately reduces the impact of drought in BIH, CPV, ERI, HND, UGA (limited evidence, high agreement → medium confidence; transfer: in_context).",medium,,false,,"{""statement"": ""forest_restoration moderately reduces the impact of drought in BIH, CPV, ERI, HND, UGA (limited evidence, high agreement → medium confidence; transfer: in_context)."", ""strength_basis"": ""quantified"", ""proxy_capped"": false, ""strength_from"": ""pool"", ""evidence_summary"": [""wocat_750_2016 · practitioner_rating · none/unspecified · (HND; lower_middle) · [ev_water_access_deficit_wocat_750_2016_water_quantity]"", ""wocat_1577_2013 · practitioner_rating · positive/strong · (UGA; low) · [ev_soil_water_retention_wocat_1577_2013_soil_moisture]"", ""wocat_1330_2010 · practitioner_rating · positive/moderate · (ERI; low) · [ev_soil_water_retention_wocat_1330_2010_soil_moisture]"", ""wocat_4367_2019 · practitioner_rating · negative/slight · (BIH; upper_middle) · [ev_water_access_deficit_wocat_4367_2019_harvesting_collection_of_water]"", ""wocat_4367_2019 · practitioner_rating · negative/slight · (BIH; upper_middle) · [ev_water_access_deficit_wocat_4367_2019_water_availability]"", ""wocat_1523_2011 · practitioner_rating · positive/moderate · (CPV; upper_middle) · [ev_soil_water_retention_wocat_1523_2011_soil_moisture]"", ""wocat_1523_2011 · practitioner_rating · negative/moderate · (CPV; upper_middle) · [ev_water_access_deficit_wocat_1523_2011_water_availability]""], ""agreement_note"": ""weighted sign agreement 0.886: positive 6 ['ev_water_access_deficit_wocat_4367_2019_harvesting_collection_of_water', 'ev_water_access_deficit_wocat_4367_2019_water_availability', 'ev_soil_water_retention_wocat_1577_2013_soil_moisture', 'ev_soil_water_retention_wocat_1523_2011_soil_moisture', 'ev_water_access_deficit_wocat_1523_2011_water_availability', 'ev_soil_water_retention_wocat_1330_2010_soil_moisture']; negative 0 []; null 1 ['ev_water_access_deficit_wocat_750_2016_water_quantity']."", ""proxies"": [""soil_water_retention→drought (component)"", ""water_access_deficit→drought (component)""], ""key_evidence_ids"": [""ev_water_access_deficit_wocat_750_2016_water_quantity"", ""ev_soil_water_retention_wocat_1577_2013_soil_moisture"", ""ev_soil_water_retention_wocat_1330_2010_soil_moisture"", ""ev_water_access_deficit_wocat_4367_2019_harvesting_collection_of_water"", ""ev_water_access_deficit_wocat_4367_2019_water_availability""], ""source_mix"": {""peer_reviewed"": 0, ""grey"": 7, ""expert"": 0}, ""prose_pending"": true}",livelihood_mitigation,"[""ev_water_access_deficit_wocat_750_2016_water_quantity"", ""ev_water_access_deficit_wocat_4367_2019_harvesting_collection_of_water"", ""ev_water_access_deficit_wocat_4367_2019_water_availability"", ""ev_soil_water_retention_wocat_1577_2013_soil_moisture"", ""ev_soil_water_retention_wocat_1523_2011_soil_moisture"", ""ev_water_access_deficit_wocat_1523_2011_water_availability"", ""ev_soil_water_retention_wocat_1330_2010_soil_moisture""]",forest_restoration__active_planting,,,"{""income_groups"": {""low"": 2, ""lower_middle"": 1, ""upper_middle"": 2}, ""aezs"": {""unknown"": 5}, ""farming_systems"": {""unknown"": 5}, ""countries"": [""BIH"", ""CPV"", ""ERI"", ""HND"", ""UGA""], ""n_sources_in_scope"": 5, ""weight_share_in_context"": 0.6, ""target"": {""income_group"": ""lic_lmic""}, ""transfer_class"": ""in_context""}",false,limited,high,false,,
forest_restoration__assisted_regeneration__drought__all,forest_restoration,drought,all,moderate,"[prose pending] forest_restoration moderately reduces the impact of drought in BGD, NER (limited evidence, high agreement → medium confidence; transfer: in_context).",medium,,false,,"{""statement"": ""forest_restoration moderately reduces the impact of drought in BGD, NER (limited evidence, high agreement → medium confidence; transfer: in_context)."", ""strength_basis"": ""quantified"", ""proxy_capped"": false, ""strength_from"": ""pool"", ""evidence_summary"": [""wocat_2325_2017 · practitioner_rating · negative/moderate · (NER; low) · [ev_drought_hazard_wocat_2325_2017_drought_impacts]"", ""wocat_4372_2019 · practitioner_rating · positive/moderate · (BGD; lower_middle) · [ev_soil_water_retention_wocat_4372_2019_soil_moisture]"", ""wocat_1626_2014 · practitioner_rating · negative/slight · (NER; low) · [ev_water_access_deficit_wocat_1626_2014_harvesting_collection_of_water]"", ""wocat_1626_2014 · practitioner_rating · positive/slight · (NER; low) · [ev_soil_water_retention_wocat_1626_2014_soil_moisture]""], ""agreement_note"": ""weighted sign agreement 1.0: positive 4 ['ev_drought_hazard_wocat_2325_2017_drought_impacts', 'ev_water_access_deficit_wocat_1626_2014_harvesting_collection_of_water', 'ev_soil_water_retention_wocat_1626_2014_soil_moisture', 'ev_soil_water_retention_wocat_4372_2019_soil_moisture']; negative 0 []; null 0 []."", ""proxies"": [""soil_water_retention→drought (component)"", ""water_access_deficit→drought (component)""], ""key_evidence_ids"": [""ev_drought_hazard_wocat_2325_2017_drought_impacts"", ""ev_soil_water_retention_wocat_4372_2019_soil_moisture"", ""ev_water_access_deficit_wocat_1626_2014_harvesting_collection_of_water"", ""ev_soil_water_retention_wocat_1626_2014_soil_moisture""], ""source_mix"": {""peer_reviewed"": 0, ""grey"": 4, ""expert"": 0}, ""prose_pending"": true}",livelihood_mitigation,"[""ev_drought_hazard_wocat_2325_2017_drought_impacts"", ""ev_water_access_deficit_wocat_1626_2014_harvesting_collection_of_water"", ""ev_soil_water_retention_wocat_1626_2014_soil_moisture"", ""ev_soil_water_retention_wocat_4372_2019_soil_moisture""]",forest_restoration__assisted_regeneration,,,"{""income_groups"": {""low"": 2, ""lower_middle"": 1}, ""aezs"": {""unknown"": 3}, ""farming_systems"": {""unknown"": 3}, ""countries"": [""BGD"", ""NER""], ""n_sources_in_scope"": 3, ""weight_share_in_context"": 1.0, ""target"": {""income_group"": ""lic_lmic""}, ""transfer_class"": ""in_context""}",false,limited,high,false,,
forest_restoration__passive_regeneration__drought__all,forest_restoration,drought,all,moderate,"[prose pending] forest_restoration moderately reduces the impact of drought in ETH, TUN, TZA (limited evidence, high agreement → medium confidence; transfer: in_context).",medium,,false,,"{""statement"": ""forest_restoration moderately reduces the impact of drought in ETH, TUN, TZA (limited evidence, high agreement → medium confidence; transfer: in_context)."", ""strength_basis"": ""quantified"", ""proxy_capped"": false, ""strength_from"": ""pool"", ""evidence_summary"": [""wocat_1418_2011 · practitioner_rating · positive/strong · (ETH; low) · [ev_soil_water_retention_wocat_1418_2011_soil_moisture]"", ""wocat_1607_2014 · practitioner_rating · negative/moderate · (TZA; lower_middle) · [ev_water_access_deficit_wocat_1607_2014_water_quantity]"", ""wocat_1048_2011 · practitioner_rating · positive/strong · (ETH; low) · [ev_soil_water_retention_wocat_1048_2011_soil_moisture]"", ""wocat_1072_2011 · practitioner_rating · positive/moderate · (ETH; low) · [ev_soil_water_retention_wocat_1072_2011_soil_moisture]"", ""wocat_1414_2011 · practitioner_rating · positive/strong · (ETH; low) · [ev_soil_water_retention_wocat_1414_2011_soil_moisture]"", ""wocat_1568_2013 · practitioner_rating · negative/moderate · (TUN; lower_middle) · [ev_water_access_deficit_wocat_1568_2013_harvesting_collection_of_water]"", ""wocat_1568_2013 · practitioner_rating · positive/moderate · (TUN; lower_middle) · [ev_soil_water_retention_wocat_1568_2013_soil_moisture]"", ""wocat_1598_2014 · practitioner_rating · none/unspecified · (ETH; low) · [ev_water_access_deficit_wocat_1598_2014_water_quantity]"", ""wocat_1598_2014 · practitioner_rating · positive/slight · (ETH; low) · [ev_soil_water_retention_wocat_1598_2014_soil_moisture]""], ""agreement_note"": ""weighted sign agreement 0.964: positive 8 ['ev_soil_water_retention_wocat_1418_2011_soil_moisture', 'ev_water_access_deficit_wocat_1607_2014_water_quantity', 'ev_soil_water_retention_wocat_1048_2011_soil_moisture', 'ev_soil_water_retention_wocat_1072_2011_soil_moisture', 'ev_soil_water_retention_wocat_1414_2011_soil_moisture', 'ev_water_access_deficit_wocat_1568_2013_harvesting_collection_of_water', 'ev_soil_water_retention_wocat_1568_2013_soil_moisture', 'ev_soil_water_retention_wocat_1598_2014_soil_moisture']; negative 0 []; null 1 ['ev_water_access_deficit_wocat_1598_2014_water_quantity']."", ""proxies"": [""soil_water_retention→drought (component)"", ""water_access_deficit→drought (component)""], ""key_evidence_ids"": [""ev_soil_water_retention_wocat_1418_2011_soil_moisture"", ""ev_water_access_deficit_wocat_1607_2014_water_quantity"", ""ev_soil_water_retention_wocat_1048_2011_soil_moisture"", ""ev_soil_water_retention_wocat_1072_2011_soil_moisture"", ""ev_soil_water_retention_wocat_1414_2011_soil_moisture""], ""source_mix"": {""peer_reviewed"": 0, ""grey"": 9, ""expert"": 0}, ""prose_pending"": true}",livelihood_mitigation,"[""ev_soil_water_retention_wocat_1418_2011_soil_moisture"", ""ev_water_access_deficit_wocat_1607_2014_water_quantity"", ""ev_soil_water_retention_wocat_1048_2011_soil_moisture"", ""ev_soil_water_retention_wocat_1072_2011_soil_moisture"", ""ev_soil_water_retention_wocat_1414_2011_soil_moisture"", ""ev_water_access_deficit_wocat_1568_2013_harvesting_collection_of_water"", ""ev_soil_water_retention_wocat_1568_2013_soil_moisture"", ""ev_water_access_deficit_wocat_1598_2014_water_quantity"", ""ev_soil_water_retention_wocat_1598_2014_soil_moisture""]",forest_restoration__passive_regeneration,,,"{""income_groups"": {""low"": 5, ""lower_middle"": 2}, ""aezs"": {""unknown"": 7}, ""farming_systems"": {""unknown"": 7}, ""countries"": [""ETH"", ""TUN"", ""TZA""], ""n_sources_in_scope"": 7, ""weight_share_in_context"": 1.0, ""target"": {""income_group"": ""lic_lmic""}, ""transfer_class"": ""in_context""}",false,limited,high,false,,
forest_restoration__protection_cbfm__drought__all,forest_restoration,drought,all,low,"[prose pending] forest_restoration slightly reduces the impact of drought in AFG, IND (limited evidence, high agreement → medium confidence; transfer: in_context).",medium,,false,,"{""statement"": ""forest_restoration slightly reduces the impact of drought in AFG, IND (limited evidence, high agreement → medium confidence; transfer: in_context)."", ""strength_basis"": ""quantified"", ""proxy_capped"": false, ""strength_from"": ""direct"", ""evidence_summary"": [""wocat_7460_2024 · practitioner_rating · negative/slight · (AFG; low) · [ev_drought_hazard_wocat_7460_2024_drought_impacts]"", ""wocat_5243_2019 · practitioner_rating · negative/strong · (IND; lower_middle) · [ev_drought_hazard_wocat_5243_2019_drought_impacts]"", ""wocat_7460_2024 · practitioner_rating · negative/slight · (AFG; low) · [ev_water_access_deficit_wocat_7460_2024_harvesting_collection_of_water]"", ""wocat_7460_2024 · practitioner_rating · negative/strong · (AFG; low) · [ev_water_access_deficit_wocat_7460_2024_water_quantity]"", ""wocat_7460_2024 · practitioner_rating · positive/moderate · (AFG; low) · [ev_soil_water_retention_wocat_7460_2024_soil_moisture]"", ""wocat_7460_2024 · practitioner_rating · negative/slight · (AFG; low) · [ev_water_access_deficit_wocat_7460_2024_water_availability]"", ""wocat_5243_2019 · practitioner_rating · negative/strong · (IND; lower_middle) · [ev_water_access_deficit_wocat_5243_2019_harvesting_collection_of_water]"", ""wocat_5243_2019 · practitioner_rating · negative/strong · (IND; lower_middle) · [ev_water_access_deficit_wocat_5243_2019_water_quantity]"", ""wocat_5243_2019 · practitioner_rating · positive/strong · (IND; lower_middle) · [ev_soil_water_retention_wocat_5243_2019_soil_moisture]"", ""wocat_5243_2019 · practitioner_rating · negative/strong · (IND; lower_middle) · [ev_water_access_deficit_wocat_5243_2019_water_availability]""], ""agreement_note"": ""weighted sign agreement 1.0: positive 10 ['ev_water_access_deficit_wocat_7460_2024_harvesting_collection_of_water', 'ev_water_access_deficit_wocat_7460_2024_water_quantity', 'ev_soil_water_retention_wocat_7460_2024_soil_moisture', 'ev_drought_hazard_wocat_7460_2024_drought_impacts', 'ev_water_access_deficit_wocat_7460_2024_water_availability', 'ev_water_access_deficit_wocat_5243_2019_harvesting_collection_of_water', 'ev_water_access_deficit_wocat_5243_2019_water_quantity', 'ev_soil_water_retention_wocat_5243_2019_soil_moisture', 'ev_drought_hazard_wocat_5243_2019_drought_impacts', 'ev_water_access_deficit_wocat_5243_2019_water_availability']; negative 0 []; null 0 []."", ""proxies"": [""soil_water_retention→drought (component)"", ""water_access_deficit→drought (component)""], ""key_evidence_ids"": [""ev_drought_hazard_wocat_7460_2024_drought_impacts"", ""ev_drought_hazard_wocat_5243_2019_drought_impacts"", ""ev_water_access_deficit_wocat_7460_2024_harvesting_collection_of_water"", ""ev_water_access_deficit_wocat_7460_2024_water_quantity"", ""ev_soil_water_retention_wocat_7460_2024_soil_moisture""], ""source_mix"": {""peer_reviewed"": 0, ""grey"": 10, ""expert"": 0}, ""prose_pending"": true}",livelihood_mitigation,"[""ev_water_access_deficit_wocat_7460_2024_harvesting_collection_of_water"", ""ev_water_access_deficit_wocat_7460_2024_water_quantity"", ""ev_soil_water_retention_wocat_7460_2024_soil_moisture"", ""ev_drought_hazard_wocat_7460_2024_drought_impacts"", ""ev_water_access_deficit_wocat_7460_2024_water_availability"", ""ev_water_access_deficit_wocat_5243_2019_harvesting_collection_of_water"", ""ev_water_access_deficit_wocat_5243_2019_water_quantity"", ""ev_soil_water_retention_wocat_5243_2019_soil_moisture"", ""ev_drought_hazard_wocat_5243_2019_drought_impacts"", ""ev_water_access_deficit_wocat_5243_2019_water_availability""]",forest_restoration__protection_cbfm,,,"{""income_groups"": {""low"": 1, ""lower_middle"": 1}, ""aezs"": {""unknown"": 2}, ""farming_systems"": {""unknown"": 2}, ""countries"": [""AFG"", ""IND""], ""n_sources_in_scope"": 2, ""weight_share_in_context"": 1.0, ""target"": {""income_group"": ""lic_lmic""}, ""transfer_class"": ""in_context""}",false,limited,high,false,,
forest_restoration__fire__all,forest_restoration,fire,all,moderate,"[prose pending] forest_restoration moderately reduces the impact of fire in ETH, IND, TZA, UGA (limited evidence, medium agreement → low confidence; transfer: in_context).",low,,false,,"{""statement"": ""forest_restoration moderately reduces the impact of fire in ETH, IND, TZA, UGA (limited evidence, medium agreement → low confidence; transfer: in_context)."", ""strength_basis"": ""quantified"", ""proxy_capped"": false, ""strength_from"": ""pool"", ""evidence_summary"": [""wocat_1607_2014 · practitioner_rating · negative/moderate · (TZA; lower_middle) · [ev_fire_hazard_wocat_1607_2014_fire_risk]"", ""wocat_1577_2013 · practitioner_rating · none/unspecified · (UGA; low) · [ev_fire_hazard_wocat_1577_2013_fire_risk]"", ""wocat_5243_2019 · practitioner_rating · negative/strong · (IND; lower_middle) · [ev_fire_hazard_wocat_5243_2019_fire_risk]"", ""wocat_1598_2014 · practitioner_rating · positive/slight · (ETH; low) · [ev_fire_hazard_wocat_1598_2014_fire_risk]""], ""agreement_note"": ""weighted sign agreement 0.625: positive 2 ['ev_fire_hazard_wocat_1607_2014_fire_risk', 'ev_fire_hazard_wocat_5243_2019_fire_risk']; negative 1 ['ev_fire_hazard_wocat_1598_2014_fire_risk']; null 1 ['ev_fire_hazard_wocat_1577_2013_fire_risk']."", ""proxies"": [], ""key_evidence_ids"": [""ev_fire_hazard_wocat_1607_2014_fire_risk"", ""ev_fire_hazard_wocat_1577_2013_fire_risk"", ""ev_fire_hazard_wocat_5243_2019_fire_risk"", ""ev_fire_hazard_wocat_1598_2014_fire_risk""], ""source_mix"": {""peer_reviewed"": 0, ""grey"": 4, ""expert"": 0}, ""prose_pending"": true}",livelihood_mitigation,"[""ev_fire_hazard_wocat_1607_2014_fire_risk"", ""ev_fire_hazard_wocat_1577_2013_fire_risk"", ""ev_fire_hazard_wocat_5243_2019_fire_risk"", ""ev_fire_hazard_wocat_1598_2014_fire_risk""]",,,,"{""income_groups"": {""low"": 2, ""lower_middle"": 2}, ""aezs"": {""unknown"": 4}, ""farming_systems"": {""unknown"": 4}, ""countries"": [""ETH"", ""IND"", ""TZA"", ""UGA""], ""n_sources_in_scope"": 4, ""weight_share_in_context"": 1.0, ""target"": {""income_group"": ""lic_lmic""}, ""transfer_class"": ""in_context""}",true,limited,medium,false,,
forest_restoration__active_planting__fire__all,forest_restoration,fire,all,none,"[prose pending] forest_restoration shows no effect on fire (strength not quantified in the evidence) in UGA (limited evidence, low agreement → very_low confidence; transfer: in_context).",very_low,,false,,"{""statement"": ""forest_restoration shows no effect on fire (strength not quantified in the evidence) in UGA (limited evidence, low agreement → very_low confidence; transfer: in_context)."", ""strength_basis"": ""direction_only"", ""proxy_capped"": false, ""strength_from"": ""pool"", ""evidence_summary"": [""wocat_1577_2013 · practitioner_rating · none/unspecified · (UGA; low) · [ev_fire_hazard_wocat_1577_2013_fire_risk]""], ""agreement_note"": ""sign agreement undefined (single independent source): positive 0 []; negative 0 []; null 1 ['ev_fire_hazard_wocat_1577_2013_fire_risk']."", ""proxies"": [], ""key_evidence_ids"": [""ev_fire_hazard_wocat_1577_2013_fire_risk""], ""source_mix"": {""peer_reviewed"": 0, ""grey"": 1, ""expert"": 0}, ""prose_pending"": true}",livelihood_mitigation,"[""ev_fire_hazard_wocat_1577_2013_fire_risk""]",forest_restoration__active_planting,,,"{""income_groups"": {""low"": 1}, ""aezs"": {""unknown"": 1}, ""farming_systems"": {""unknown"": 1}, ""countries"": [""UGA""], ""n_sources_in_scope"": 1, ""weight_share_in_context"": 1.0, ""target"": {""income_group"": ""lic_lmic""}, ""transfer_class"": ""in_context""}",false,limited,low,false,,
forest_restoration__passive_regeneration__fire__all,forest_restoration,fire,all,moderate,"[prose pending] forest_restoration moderately reduces the impact of fire in ETH, TZA (limited evidence, low agreement → very_low confidence; transfer: in_context).",very_low,,false,,"{""statement"": ""forest_restoration moderately reduces the impact of fire in ETH, TZA (limited evidence, low agreement → very_low confidence; transfer: in_context)."", ""strength_basis"": ""quantified"", ""proxy_capped"": false, ""strength_from"": ""pool"", ""evidence_summary"": [""wocat_1607_2014 · practitioner_rating · negative/moderate · (TZA; lower_middle) · [ev_fire_hazard_wocat_1607_2014_fire_risk]"", ""wocat_1598_2014 · practitioner_rating · positive/slight · (ETH; low) · [ev_fire_hazard_wocat_1598_2014_fire_risk]""], ""agreement_note"": ""weighted sign agreement 0.5: positive 1 ['ev_fire_hazard_wocat_1607_2014_fire_risk']; negative 1 ['ev_fire_hazard_wocat_1598_2014_fire_risk']; null 0 []."", ""proxies"": [], ""key_evidence_ids"": [""ev_fire_hazard_wocat_1607_2014_fire_risk"", ""ev_fire_hazard_wocat_1598_2014_fire_risk""], ""source_mix"": {""peer_reviewed"": 0, ""grey"": 2, ""expert"": 0}, ""prose_pending"": true}",livelihood_mitigation,"[""ev_fire_hazard_wocat_1607_2014_fire_risk"", ""ev_fire_hazard_wocat_1598_2014_fire_risk""]",forest_restoration__passive_regeneration,,,"{""income_groups"": {""low"": 1, ""lower_middle"": 1}, ""aezs"": {""unknown"": 2}, ""farming_systems"": {""unknown"": 2}, ""countries"": [""ETH"", ""TZA""], ""n_sources_in_scope"": 2, ""weight_share_in_context"": 1.0, ""target"": {""income_group"": ""lic_lmic""}, ""transfer_class"": ""in_context""}",false,limited,low,false,,
forest_restoration__protection_cbfm__fire__all,forest_restoration,fire,all,high,"[prose pending] forest_restoration strongly reduces the impact of fire in IND (limited evidence, low agreement → very_low confidence; transfer: in_context).",very_low,,false,,"{""statement"": ""forest_restoration strongly reduces the impact of fire in IND (limited evidence, low agreement → very_low confidence; transfer: in_context)."", ""strength_basis"": ""quantified"", ""proxy_capped"": false, ""strength_from"": ""pool"", ""evidence_summary"": [""wocat_5243_2019 · practitioner_rating · negative/strong · (IND; lower_middle) · [ev_fire_hazard_wocat_5243_2019_fire_risk]""], ""agreement_note"": ""sign agreement undefined (single independent source): positive 1 ['ev_fire_hazard_wocat_5243_2019_fire_risk']; negative 0 []; null 0 []."", ""proxies"": [], ""key_evidence_ids"": [""ev_fire_hazard_wocat_5243_2019_fire_risk""], ""source_mix"": {""peer_reviewed"": 0, ""grey"": 1, ""expert"": 0}, ""prose_pending"": true}",livelihood_mitigation,"[""ev_fire_hazard_wocat_5243_2019_fire_risk""]",forest_restoration__protection_cbfm,,,"{""income_groups"": {""lower_middle"": 1}, ""aezs"": {""unknown"": 1}, ""farming_systems"": {""unknown"": 1}, ""countries"": [""IND""], ""n_sources_in_scope"": 1, ""weight_share_in_context"": 1.0, ""target"": {""income_group"": ""lic_lmic""}, ""transfer_class"": ""in_context""}",false,limited,low,false,,
forest_restoration__flood__all,forest_restoration,flood,all,high,"[prose pending] forest_restoration strongly reduces the impact of flood in AFG, BGD, BIH, CPV, ERI, ETH, HND, IND, NER, PHL, TJK, TUN, TZA, UGA (limited evidence, high agreement → medium confidence; transfer: in_context).",medium,,false,,"{""statement"": ""forest_restoration strongly reduces the impact of flood in AFG, BGD, BIH, CPV, ERI, ETH, HND, IND, NER, PHL, TJK, TUN, TZA, UGA (limited evidence, high agreement → medium confidence; transfer: in_context)."", ""strength_basis"": ""quantified"", ""proxy_capped"": false, ""strength_from"": ""direct"", ""evidence_summary"": [""wocat_750_2016 · practitioner_rating · none/unspecified · (HND; lower_middle) · [ev_flood_hazard_wocat_750_2016_downstream_flooding]"", ""wocat_1072_2011 · practitioner_rating · negative/strong · (ETH; low) · [ev_flood_hazard_wocat_1072_2011_downstream_flooding]"", ""wocat_578_2016 · practitioner_rating · negative/moderate · (PHL; upper_middle) · [ev_flood_hazard_wocat_578_2016_flood_impacts]"", ""wocat_1418_2011 · practitioner_rating · negative/strong · (ETH; low) · [ev_flood_hazard_wocat_1418_2011_downstream_flooding]"", ""wocat_1048_2011 · practitioner_rating · negative/strong · (ETH; low) · [ev_flood_hazard_wocat_1048_2011_downstream_flooding]"", ""wocat_1509_2011 · practitioner_rating · negative/strong · (TJK; lower_middle) · [ev_flood_hazard_wocat_1509_2011_flood_impacts]"", ""wocat_4300_2019 · practitioner_rating · negative/slight · (BGD; lower_middle) · [ev_flood_hazard_wocat_4300_2019_flood_impacts]"", ""wocat_1414_2011 · practitioner_rating · negative/moderate · (ETH; low) · [ev_flood_hazard_wocat_1414_2011_downstream_flooding]"", ""wocat_1418_2011 · practitioner_rating · negative/strong · (ETH; low) · [ev_erosion_hazard_wocat_1418_2011_soil_loss]"", ""wocat_1607_2014 · practitioner_rating · positive/moderate · (TZA; lower_middle) · [ev_runoff_reduction_wocat_1607_2014_surface_runoff]"", ""wocat_1607_2014 · practitioner_rating · negative/moderate · (TZA; lower_middle) · [ev_erosion_hazard_wocat_1607_2014_soil_loss]"", ""wocat_1048_2011 · practitioner_rating · negative/strong · (ETH; low) · [ev_erosion_hazard_wocat_1048_2011_soil_loss]"", ""wocat_1509_2011 · practitioner_rating · negative/slight · (TJK; lower_middle) · [ev_erosion_hazard_wocat_1509_2011_soil_loss]"", ""wocat_1523_2011 · practitioner_rating · negative/moderate · (CPV; upper_middle) · [ev_flood_hazard_wocat_1523_2011_downstream_flooding]"", ""wocat_5243_2019 · practitioner_rating · positive/strong · (IND; lower_middle) · [ev_runoff_reduction_wocat_5243_2019_surface_runoff]"", ""wocat_5243_2019 · practitioner_rating · negative/strong · (IND; lower_middle) · [ev_erosion_hazard_wocat_5243_2019_soil_loss]"", ""wocat_1626_2014 · practitioner_rating · positive/moderate · (NER; low) · [ev_runoff_reduction_wocat_1626_2014_surface_runoff]"", ""wocat_1626_2014 · practitioner_rating · negative/moderate · (NER; low) · [ev_erosion_hazard_wocat_1626_2014_soil_loss]"", ""wocat_4300_2019 · practitioner_rating · positive/slight · (BGD; lower_middle) · [ev_runoff_reduction_wocat_4300_2019_surface_runoff]"", ""wocat_4372_2019 · practitioner_rating · positive/moderate · (BGD; lower_middle) · [ev_runoff_reduction_wocat_4372_2019_surface_runoff]"", ""wocat_4372_2019 · practitioner_rating · negative/moderate · (BGD; lower_middle) · [ev_erosion_hazard_wocat_4372_2019_soil_loss]"", ""wocat_1414_2011 · practitioner_rating · negative/strong · (ETH; low) · [ev_erosion_hazard_wocat_1414_2011_soil_loss]"", ""wocat_1568_2013 · practitioner_rating · positive/moderate · (TUN; lower_middle) · [ev_runoff_reduction_wocat_1568_2013_surface_runoff]"", ""wocat_1568_2013 · practitioner_rating · negative/moderate · (TUN; lower_middle) · [ev_erosion_hazard_wocat_1568_2013_soil_loss]"", ""wocat_1577_2013 · practitioner_rating · negative/moderate · (UGA; low) · [ev_flood_hazard_wocat_1577_2013_downstream_flooding]"", ""wocat_7460_2024 · practitioner_rating · negative/strong · (AFG; low) · [ev_flood_hazard_wocat_7460_2024_flood_impacts]"", ""wocat_1598_2014 · practitioner_rating · negative/slight · (ETH; low) · [ev_flood_hazard_wocat_1598_2014_downstream_flooding]"", ""wocat_1330_2010 · practitioner_rating · negative/strong · (ERI; low) · [ev_flood_hazard_wocat_1330_2010_downstream_flooding]"", ""wocat_1523_2011 · practitioner_rating · negative/moderate · (CPV; upper_middle) · [ev_erosion_hazard_wocat_1523_2011_soil_loss]"", ""wocat_1577_2013 · practitioner_rating · positive/strong · (UGA; low) · [ev_runoff_reduction_wocat_1577_2013_surface_runoff]"", ""wocat_1577_2013 · practitioner_rating · negative/strong · (UGA; low) · [ev_erosion_hazard_wocat_1577_2013_soil_loss]"", ""wocat_7460_2024 · practitioner_rating · positive/strong · (AFG; low) · [ev_runoff_reduction_wocat_7460_2024_surface_runoff]"", ""wocat_7460_2024 · practitioner_rating · negative/moderate · (AFG; low) · [ev_erosion_hazard_wocat_7460_2024_soil_loss]"", ""wocat_1598_2014 · practitioner_rating · positive/strong · (ETH; low) · [ev_runoff_reduction_wocat_1598_2014_surface_runoff]"", ""wocat_1598_2014 · practitioner_rating · negative/strong · (ETH; low) · [ev_erosion_hazard_wocat_1598_2014_soil_loss]"", ""wocat_1330_2010 · practitioner_rating · positive/strong · (ERI; low) · [ev_runoff_reduction_wocat_1330_2010_surface_runoff]"", ""wocat_1330_2010 · practitioner_rating · negative/strong · (ERI; low) · [ev_erosion_hazard_wocat_1330_2010_soil_loss]"", ""wocat_4367_2019 · practitioner_rating · negative/slight · (BIH; upper_middle) · [ev_flood_hazard_wocat_4367_2019_flood_impacts]"", ""wocat_4367_2019 · practitioner_rating · negative/slight · (BIH; upper_middle) · [ev_flood_hazard_wocat_4367_2019_downstream_flooding]"", ""wocat_4367_2019 · practitioner_rating · positive/slight · (BIH; upper_middle) · [ev_runoff_reduction_wocat_4367_2019_surface_runoff]"", ""wocat_4367_2019 · practitioner_rating · negative/slight · (BIH; upper_middle) · [ev_erosion_hazard_wocat_4367_2019_soil_loss]""], ""agreement_note"": ""weighted sign agreement 0.966: positive 40 ['ev_erosion_hazard_wocat_1418_2011_soil_loss', 'ev_flood_hazard_wocat_1418_2011_downstream_flooding', 'ev_flood_hazard_wocat_578_2016_flood_impacts', 'ev_runoff_reduction_wocat_1607_2014_surface_runoff', 'ev_erosion_hazard_wocat_1607_2014_soil_loss', 'ev_runoff_reduction_wocat_4367_2019_surface_runoff', 'ev_erosion_hazard_wocat_4367_2019_soil_loss', 'ev_flood_hazard_wocat_4367_2019_flood_impacts', 'ev_flood_hazard_wocat_4367_2019_downstream_flooding', 'ev_erosion_hazard_wocat_1048_2011_soil_loss', 'ev_flood_hazard_wocat_1048_2011_downstream_flooding', 'ev_erosion_hazard_wocat_1509_2011_soil_loss', 'ev_flood_hazard_wocat_1509_2011_flood_impacts', 'ev_runoff_reduction_wocat_1577_2013_surface_runoff', 'ev_erosion_hazard_wocat_1577_2013_soil_loss', 'ev_flood_hazard_wocat_1577_2013_downstream_flooding', 'ev_runoff_reduction_wocat_7460_2024_surface_runoff', 'ev_erosion_hazard_wocat_7460_2024_soil_loss', 'ev_flood_hazard_wocat_7460_2024_flood_impacts', 'ev_flood_hazard_wocat_1072_2011_downstream_flooding', 'ev_erosion_hazard_wocat_1523_2011_soil_loss', 'ev_flood_hazard_wocat_1523_2011_downstream_flooding', 'ev_runoff_reduction_wocat_5243_2019_surface_runoff', 'ev_erosion_hazard_wocat_5243_2019_soil_loss', 'ev_runoff_reduction_wocat_1626_2014_surface_runoff', 'ev_erosion_hazard_wocat_1626_2014_soil_loss', 'ev_runoff_reduction_wocat_4300_2019_surface_runoff', 'ev_flood_hazard_wocat_4300_2019_flood_impacts', 'ev_runoff_reduction_wocat_4372_2019_surface_runoff', 'ev_erosion_hazard_wocat_4372_2019_soil_loss', 'ev_erosion_hazard_wocat_1414_2011_soil_loss', 'ev_flood_hazard_wocat_1414_2011_downstream_flooding', 'ev_runoff_reduction_wocat_1568_2013_surface_runoff', 'ev_erosion_hazard_wocat_1568_2013_soil_loss', 'ev_runoff_reduction_wocat_1598_2014_surface_runoff', 'ev_erosion_hazard_wocat_1598_2014_soil_loss', 'ev_flood_hazard_wocat_1598_2014_downstream_flooding', 'ev_runoff_reduction_wocat_1330_2010_surface_runoff', 'ev_erosion_hazard_wocat_1330_2010_soil_loss', 'ev_flood_hazard_wocat_1330_2010_downstream_flooding']; negative 0 []; null 1 ['ev_flood_hazard_wocat_750_2016_downstream_flooding']."", ""proxies"": [""erosion_hazard→flood (component)"", ""runoff_reduction→flood (component)""], ""key_evidence_ids"": [""ev_flood_hazard_wocat_750_2016_downstream_flooding"", ""ev_flood_hazard_wocat_1072_2011_downstream_flooding"", ""ev_flood_hazard_wocat_578_2016_flood_impacts"", ""ev_flood_hazard_wocat_1418_2011_downstream_flooding"", ""ev_flood_hazard_wocat_1048_2011_downstream_flooding""], ""source_mix"": {""peer_reviewed"": 0, ""grey"": 41, ""expert"": 0}, ""prose_pending"": true}",livelihood_mitigation,"[""ev_erosion_hazard_wocat_1418_2011_soil_loss"", ""ev_flood_hazard_wocat_1418_2011_downstream_flooding"", ""ev_flood_hazard_wocat_578_2016_flood_impacts"", ""ev_flood_hazard_wocat_750_2016_downstream_flooding"", ""ev_runoff_reduction_wocat_1607_2014_surface_runoff"", ""ev_erosion_hazard_wocat_1607_2014_soil_loss"", ""ev_runoff_reduction_wocat_4367_2019_surface_runoff"", ""ev_erosion_hazard_wocat_4367_2019_soil_loss"", ""ev_flood_hazard_wocat_4367_2019_flood_impacts"", ""ev_flood_hazard_wocat_4367_2019_downstream_flooding"", ""ev_erosion_hazard_wocat_1048_2011_soil_loss"", ""ev_flood_hazard_wocat_1048_2011_downstream_flooding"", ""ev_erosion_hazard_wocat_1509_2011_soil_loss"", ""ev_flood_hazard_wocat_1509_2011_flood_impacts"", ""ev_runoff_reduction_wocat_1577_2013_surface_runoff"", ""ev_erosion_hazard_wocat_1577_2013_soil_loss"", ""ev_flood_hazard_wocat_1577_2013_downstream_flooding"", ""ev_runoff_reduction_wocat_7460_2024_surface_runoff"", ""ev_erosion_hazard_wocat_7460_2024_soil_loss"", ""ev_flood_hazard_wocat_7460_2024_flood_impacts"", ""ev_flood_hazard_wocat_1072_2011_downstream_flooding"", ""ev_erosion_hazard_wocat_1523_2011_soil_loss"", ""ev_flood_hazard_wocat_1523_2011_downstream_flooding"", ""ev_runoff_reduction_wocat_5243_2019_surface_runoff"", ""ev_erosion_hazard_wocat_5243_2019_soil_loss"", ""ev_runoff_reduction_wocat_1626_2014_surface_runoff"", ""ev_erosion_hazard_wocat_1626_2014_soil_loss"", ""ev_runoff_reduction_wocat_4300_2019_surface_runoff"", ""ev_flood_hazard_wocat_4300_2019_flood_impacts"", ""ev_runoff_reduction_wocat_4372_2019_surface_runoff"", ""ev_erosion_hazard_wocat_4372_2019_soil_loss"", ""ev_erosion_hazard_wocat_1414_2011_soil_loss"", ""ev_flood_hazard_wocat_1414_2011_downstream_flooding"", ""ev_runoff_reduction_wocat_1568_2013_surface_runoff"", ""ev_erosion_hazard_wocat_1568_2013_soil_loss"", ""ev_runoff_reduction_wocat_1598_2014_surface_runoff"", ""ev_erosion_hazard_wocat_1598_2014_soil_loss"", ""ev_flood_hazard_wocat_1598_2014_downstream_flooding"", ""ev_runoff_reduction_wocat_1330_2010_surface_runoff"", ""ev_erosion_hazard_wocat_1330_2010_soil_loss"", ""ev_flood_hazard_wocat_1330_2010_downstream_flooding""]",,,,"{""income_groups"": {""low"": 9, ""lower_middle"": 7, ""upper_middle"": 3}, ""aezs"": {""unknown"": 19}, ""farming_systems"": {""unknown"": 19}, ""countries"": [""AFG"", ""BGD"", ""BIH"", ""CPV"", ""ERI"", ""ETH"", ""HND"", ""IND"", ""NER"", ""PHL"", ""TJK"", ""TUN"", ""TZA"", ""UGA""], ""n_sources_in_scope"": 19, ""weight_share_in_context"": 0.827, ""target"": {""income_group"": ""lic_lmic""}, ""transfer_class"": ""in_context""}",false,limited,high,false,,
forest_restoration__flood__all__income_group-upper_middle,forest_restoration,flood,all,moderate,"[prose pending] forest_restoration moderately reduces the impact of flood in BIH, CPV, PHL (upper_middle income contexts) (limited evidence, high agreement → medium confidence; transfer: in_context).",medium,,false,,"{""statement"": ""forest_restoration moderately reduces the impact of flood in BIH, CPV, PHL (upper_middle income contexts) (limited evidence, high agreement → medium confidence; transfer: in_context)."", ""strength_basis"": ""quantified"", ""proxy_capped"": false, ""strength_from"": ""pool"", ""evidence_summary"": [""wocat_578_2016 · practitioner_rating · negative/moderate · (PHL; upper_middle) · [ev_flood_hazard_wocat_578_2016_flood_impacts]"", ""wocat_1523_2011 · practitioner_rating · negative/moderate · (CPV; upper_middle) · [ev_flood_hazard_wocat_1523_2011_downstream_flooding]"", ""wocat_1523_2011 · practitioner_rating · negative/moderate · (CPV; upper_middle) · [ev_erosion_hazard_wocat_1523_2011_soil_loss]"", ""wocat_4367_2019 · practitioner_rating · negative/slight · (BIH; upper_middle) · [ev_flood_hazard_wocat_4367_2019_flood_impacts]"", ""wocat_4367_2019 · practitioner_rating · negative/slight · (BIH; upper_middle) · [ev_flood_hazard_wocat_4367_2019_downstream_flooding]"", ""wocat_4367_2019 · practitioner_rating · positive/slight · (BIH; upper_middle) · [ev_runoff_reduction_wocat_4367_2019_surface_runoff]"", ""wocat_4367_2019 · practitioner_rating · negative/slight · (BIH; upper_middle) · [ev_erosion_hazard_wocat_4367_2019_soil_loss]""], ""agreement_note"": ""weighted sign agreement 1.0: positive 7 ['ev_flood_hazard_wocat_578_2016_flood_impacts', 'ev_runoff_reduction_wocat_4367_2019_surface_runoff', 'ev_erosion_hazard_wocat_4367_2019_soil_loss', 'ev_flood_hazard_wocat_4367_2019_flood_impacts', 'ev_flood_hazard_wocat_4367_2019_downstream_flooding', 'ev_erosion_hazard_wocat_1523_2011_soil_loss', 'ev_flood_hazard_wocat_1523_2011_downstream_flooding']; negative 0 []; null 0 []."", ""proxies"": [""erosion_hazard→flood (component)"", ""runoff_reduction→flood (component)""], ""key_evidence_ids"": [""ev_flood_hazard_wocat_578_2016_flood_impacts"", ""ev_flood_hazard_wocat_1523_2011_downstream_flooding"", ""ev_erosion_hazard_wocat_1523_2011_soil_loss"", ""ev_flood_hazard_wocat_4367_2019_flood_impacts"", ""ev_flood_hazard_wocat_4367_2019_downstream_flooding""], ""source_mix"": {""peer_reviewed"": 0, ""grey"": 7, ""expert"": 0}, ""prose_pending"": true}",livelihood_mitigation,"[""ev_flood_hazard_wocat_578_2016_flood_impacts"", ""ev_runoff_reduction_wocat_4367_2019_surface_runoff"", ""ev_erosion_hazard_wocat_4367_2019_soil_loss"", ""ev_flood_hazard_wocat_4367_2019_flood_impacts"", ""ev_flood_hazard_wocat_4367_2019_downstream_flooding"", ""ev_erosion_hazard_wocat_1523_2011_soil_loss"", ""ev_flood_hazard_wocat_1523_2011_downstream_flooding""]",,income_group,upper_middle,"{""income_groups"": {""upper_middle"": 3}, ""aezs"": {""unknown"": 3}, ""farming_systems"": {""unknown"": 3}, ""countries"": [""BIH"", ""CPV"", ""PHL""], ""n_sources_in_scope"": 3, ""weight_share_in_context"": 1.0, ""target"": {""income_group"": ""upper_middle""}, ""transfer_class"": ""in_context"", ""scope"": {""income_group"": ""upper_middle""}}",false,limited,high,false,,
forest_restoration__active_planting__flood__all,forest_restoration,flood,all,moderate,"[prose pending] forest_restoration moderately reduces the impact of flood in BIH, CPV, ERI, HND, TJK, UGA (limited evidence, high agreement → medium confidence; transfer: in_context).",medium,,false,,"{""statement"": ""forest_restoration moderately reduces the impact of flood in BIH, CPV, ERI, HND, TJK, UGA (limited evidence, high agreement → medium confidence; transfer: in_context)."", ""strength_basis"": ""quantified"", ""proxy_capped"": false, ""strength_from"": ""pool"", ""evidence_summary"": [""wocat_750_2016 · practitioner_rating · none/unspecified · (HND; lower_middle) · [ev_flood_hazard_wocat_750_2016_downstream_flooding]"", ""wocat_1509_2011 · practitioner_rating · negative/strong · (TJK; lower_middle) · [ev_flood_hazard_wocat_1509_2011_flood_impacts]"", ""wocat_1509_2011 · practitioner_rating · negative/slight · (TJK; lower_middle) · [ev_erosion_hazard_wocat_1509_2011_soil_loss]"", ""wocat_1523_2011 · practitioner_rating · negative/moderate · (CPV; upper_middle) · [ev_flood_hazard_wocat_1523_2011_downstream_flooding]"", ""wocat_1577_2013 · practitioner_rating · negative/moderate · (UGA; low) · [ev_flood_hazard_wocat_1577_2013_downstream_flooding]"", ""wocat_1330_2010 · practitioner_rating · negative/strong · (ERI; low) · [ev_flood_hazard_wocat_1330_2010_downstream_flooding]"", ""wocat_1523_2011 · practitioner_rating · negative/moderate · (CPV; upper_middle) · [ev_erosion_hazard_wocat_1523_2011_soil_loss]"", ""wocat_1577_2013 · practitioner_rating · positive/strong · (UGA; low) · [ev_runoff_reduction_wocat_1577_2013_surface_runoff]"", ""wocat_1577_2013 · practitioner_rating · negative/strong · (UGA; low) · [ev_erosion_hazard_wocat_1577_2013_soil_loss]"", ""wocat_1330_2010 · practitioner_rating · positive/strong · (ERI; low) · [ev_runoff_reduction_wocat_1330_2010_surface_runoff]"", ""wocat_1330_2010 · practitioner_rating · negative/strong · (ERI; low) · [ev_erosion_hazard_wocat_1330_2010_soil_loss]"", ""wocat_4367_2019 · practitioner_rating · negative/slight · (BIH; upper_middle) · [ev_flood_hazard_wocat_4367_2019_flood_impacts]"", ""wocat_4367_2019 · practitioner_rating · negative/slight · (BIH; upper_middle) · [ev_flood_hazard_wocat_4367_2019_downstream_flooding]"", ""wocat_4367_2019 · practitioner_rating · positive/slight · (BIH; upper_middle) · [ev_runoff_reduction_wocat_4367_2019_surface_runoff]"", ""wocat_4367_2019 · practitioner_rating · negative/slight · (BIH; upper_middle) · [ev_erosion_hazard_wocat_4367_2019_soil_loss]""], ""agreement_note"": ""weighted sign agreement 0.892: positive 14 ['ev_runoff_reduction_wocat_4367_2019_surface_runoff', 'ev_erosion_hazard_wocat_4367_2019_soil_loss', 'ev_flood_hazard_wocat_4367_2019_flood_impacts', 'ev_flood_hazard_wocat_4367_2019_downstream_flooding', 'ev_erosion_hazard_wocat_1509_2011_soil_loss', 'ev_flood_hazard_wocat_1509_2011_flood_impacts', 'ev_runoff_reduction_wocat_1577_2013_surface_runoff', 'ev_erosion_hazard_wocat_1577_2013_soil_loss', 'ev_flood_hazard_wocat_1577_2013_downstream_flooding', 'ev_erosion_hazard_wocat_1523_2011_soil_loss', 'ev_flood_hazard_wocat_1523_2011_downstream_flooding', 'ev_runoff_reduction_wocat_1330_2010_surface_runoff', 'ev_erosion_hazard_wocat_1330_2010_soil_loss', 'ev_flood_hazard_wocat_1330_2010_downstream_flooding']; negative 0 []; null 1 ['ev_flood_hazard_wocat_750_2016_downstream_flooding']."", ""proxies"": [""erosion_hazard→flood (component)"", ""runoff_reduction→flood (component)""], ""key_evidence_ids"": [""ev_flood_hazard_wocat_750_2016_downstream_flooding"", ""ev_flood_hazard_wocat_1509_2011_flood_impacts"", ""ev_erosion_hazard_wocat_1509_2011_soil_loss"", ""ev_flood_hazard_wocat_1523_2011_downstream_flooding"", ""ev_flood_hazard_wocat_1577_2013_downstream_flooding""], ""source_mix"": {""peer_reviewed"": 0, ""grey"": 15, ""expert"": 0}, ""prose_pending"": true}",livelihood_mitigation,"[""ev_flood_hazard_wocat_750_2016_downstream_flooding"", ""ev_runoff_reduction_wocat_4367_2019_surface_runoff"", ""ev_erosion_hazard_wocat_4367_2019_soil_loss"", ""ev_flood_hazard_wocat_4367_2019_flood_impacts"", ""ev_flood_hazard_wocat_4367_2019_downstream_flooding"", ""ev_erosion_hazard_wocat_1509_2011_soil_loss"", ""ev_flood_hazard_wocat_1509_2011_flood_impacts"", ""ev_runoff_reduction_wocat_1577_2013_surface_runoff"", ""ev_erosion_hazard_wocat_1577_2013_soil_loss"", ""ev_flood_hazard_wocat_1577_2013_downstream_flooding"", ""ev_erosion_hazard_wocat_1523_2011_soil_loss"", ""ev_flood_hazard_wocat_1523_2011_downstream_flooding"", ""ev_runoff_reduction_wocat_1330_2010_surface_runoff"", ""ev_erosion_hazard_wocat_1330_2010_soil_loss"", ""ev_flood_hazard_wocat_1330_2010_downstream_flooding""]",forest_restoration__active_planting,,,"{""income_groups"": {""low"": 2, ""lower_middle"": 2, ""upper_middle"": 2}, ""aezs"": {""unknown"": 6}, ""farming_systems"": {""unknown"": 6}, ""countries"": [""BIH"", ""CPV"", ""ERI"", ""HND"", ""TJK"", ""UGA""], ""n_sources_in_scope"": 6, ""weight_share_in_context"": 0.67, ""target"": {""income_group"": ""lic_lmic""}, ""transfer_class"": ""in_context""}",false,limited,high,false,,
forest_restoration__assisted_regeneration__flood__all,forest_restoration,flood,all,moderate,"[prose pending] forest_restoration moderately reduces the impact of flood in BGD, NER (limited evidence, high agreement → medium confidence; transfer: in_context).",medium,,false,,"{""statement"": ""forest_restoration moderately reduces the impact of flood in BGD, NER (limited evidence, high agreement → medium confidence; transfer: in_context)."", ""strength_basis"": ""quantified"", ""proxy_capped"": false, ""strength_from"": ""pool"", ""evidence_summary"": [""wocat_1626_2014 · practitioner_rating · positive/moderate · (NER; low) · [ev_runoff_reduction_wocat_1626_2014_surface_runoff]"", ""wocat_1626_2014 · practitioner_rating · negative/moderate · (NER; low) · [ev_erosion_hazard_wocat_1626_2014_soil_loss]"", ""wocat_4372_2019 · practitioner_rating · positive/moderate · (BGD; lower_middle) · [ev_runoff_reduction_wocat_4372_2019_surface_runoff]"", ""wocat_4372_2019 · practitioner_rating · negative/moderate · (BGD; lower_middle) · [ev_erosion_hazard_wocat_4372_2019_soil_loss]""], ""agreement_note"": ""weighted sign agreement 1.0: positive 4 ['ev_runoff_reduction_wocat_1626_2014_surface_runoff', 'ev_erosion_hazard_wocat_1626_2014_soil_loss', 'ev_runoff_reduction_wocat_4372_2019_surface_runoff', 'ev_erosion_hazard_wocat_4372_2019_soil_loss']; negative 0 []; null 0 []."", ""proxies"": [""erosion_hazard→flood (component)"", ""runoff_reduction→flood (component)""], ""key_evidence_ids"": [""ev_runoff_reduction_wocat_1626_2014_surface_runoff"", ""ev_erosion_hazard_wocat_1626_2014_soil_loss"", ""ev_runoff_reduction_wocat_4372_2019_surface_runoff"", ""ev_erosion_hazard_wocat_4372_2019_soil_loss""], ""source_mix"": {""peer_reviewed"": 0, ""grey"": 4, ""expert"": 0}, ""prose_pending"": true}",livelihood_mitigation,"[""ev_runoff_reduction_wocat_1626_2014_surface_runoff"", ""ev_erosion_hazard_wocat_1626_2014_soil_loss"", ""ev_runoff_reduction_wocat_4372_2019_surface_runoff"", ""ev_erosion_hazard_wocat_4372_2019_soil_loss""]",forest_restoration__assisted_regeneration,,,"{""income_groups"": {""low"": 1, ""lower_middle"": 1}, ""aezs"": {""unknown"": 2}, ""farming_systems"": {""unknown"": 2}, ""countries"": [""BGD"", ""NER""], ""n_sources_in_scope"": 2, ""weight_share_in_context"": 1.0, ""target"": {""income_group"": ""lic_lmic""}, ""transfer_class"": ""in_context""}",false,limited,high,false,,
forest_restoration__mangrove_coastal__flood__all,forest_restoration,flood,all,moderate,"[prose pending] forest_restoration moderately reduces the impact of flood in BGD, PHL (limited evidence, high agreement → medium confidence; transfer: adjacent).",medium,,false,,"{""statement"": ""forest_restoration moderately reduces the impact of flood in BGD, PHL (limited evidence, high agreement → medium confidence; transfer: adjacent)."", ""strength_basis"": ""quantified"", ""proxy_capped"": false, ""strength_from"": ""direct"", ""evidence_summary"": [""wocat_578_2016 · practitioner_rating · negative/moderate · (PHL; upper_middle) · [ev_flood_hazard_wocat_578_2016_flood_impacts]"", ""wocat_4300_2019 · practitioner_rating · negative/slight · (BGD; lower_middle) · [ev_flood_hazard_wocat_4300_2019_flood_impacts]"", ""wocat_4300_2019 · practitioner_rating · positive/slight · (BGD; lower_middle) · [ev_runoff_reduction_wocat_4300_2019_surface_runoff]""], ""agreement_note"": ""weighted sign agreement 1.0: positive 3 ['ev_flood_hazard_wocat_578_2016_flood_impacts', 'ev_runoff_reduction_wocat_4300_2019_surface_runoff', 'ev_flood_hazard_wocat_4300_2019_flood_impacts']; negative 0 []; null 0 []."", ""proxies"": [""runoff_reduction→flood (component)""], ""key_evidence_ids"": [""ev_flood_hazard_wocat_578_2016_flood_impacts"", ""ev_flood_hazard_wocat_4300_2019_flood_impacts"", ""ev_runoff_reduction_wocat_4300_2019_surface_runoff""], ""source_mix"": {""peer_reviewed"": 0, ""grey"": 3, ""expert"": 0}, ""prose_pending"": true}",livelihood_mitigation,"[""ev_flood_hazard_wocat_578_2016_flood_impacts"", ""ev_runoff_reduction_wocat_4300_2019_surface_runoff"", ""ev_flood_hazard_wocat_4300_2019_flood_impacts""]",forest_restoration__mangrove_coastal,,,"{""income_groups"": {""lower_middle"": 1, ""upper_middle"": 1}, ""aezs"": {""unknown"": 2}, ""farming_systems"": {""unknown"": 2}, ""countries"": [""BGD"", ""PHL""], ""n_sources_in_scope"": 2, ""weight_share_in_context"": 0.459, ""target"": {""income_group"": ""lic_lmic""}, ""transfer_class"": ""adjacent""}",false,limited,high,false,,
forest_restoration__passive_regeneration__flood__all,forest_restoration,flood,all,high,"[prose pending] forest_restoration strongly reduces the impact of flood in ETH, TUN, TZA (limited evidence, high agreement → medium confidence; transfer: in_context).",medium,,false,,"{""statement"": ""forest_restoration strongly reduces the impact of flood in ETH, TUN, TZA (limited evidence, high agreement → medium confidence; transfer: in_context)."", ""strength_basis"": ""quantified"", ""proxy_capped"": false, ""strength_from"": ""pool"", ""evidence_summary"": [""wocat_1072_2011 · practitioner_rating · negative/strong · (ETH; low) · [ev_flood_hazard_wocat_1072_2011_downstream_flooding]"", ""wocat_1418_2011 · practitioner_rating · negative/strong · (ETH; low) · [ev_flood_hazard_wocat_1418_2011_downstream_flooding]"", ""wocat_1048_2011 · practitioner_rating · negative/strong · (ETH; low) · [ev_flood_hazard_wocat_1048_2011_downstream_flooding]"", ""wocat_1414_2011 · practitioner_rating · negative/moderate · (ETH; low) · [ev_flood_hazard_wocat_1414_2011_downstream_flooding]"", ""wocat_1418_2011 · practitioner_rating · negative/strong · (ETH; low) · [ev_erosion_hazard_wocat_1418_2011_soil_loss]"", ""wocat_1607_2014 · practitioner_rating · positive/moderate · (TZA; lower_middle) · [ev_runoff_reduction_wocat_1607_2014_surface_runoff]"", ""wocat_1607_2014 · practitioner_rating · negative/moderate · (TZA; lower_middle) · [ev_erosion_hazard_wocat_1607_2014_soil_loss]"", ""wocat_1048_2011 · practitioner_rating · negative/strong · (ETH; low) · [ev_erosion_hazard_wocat_1048_2011_soil_loss]"", ""wocat_1414_2011 · practitioner_rating · negative/strong · (ETH; low) · [ev_erosion_hazard_wocat_1414_2011_soil_loss]"", ""wocat_1568_2013 · practitioner_rating · positive/moderate · (TUN; lower_middle) · [ev_runoff_reduction_wocat_1568_2013_surface_runoff]"", ""wocat_1568_2013 · practitioner_rating · negative/moderate · (TUN; lower_middle) · [ev_erosion_hazard_wocat_1568_2013_soil_loss]"", ""wocat_1598_2014 · practitioner_rating · negative/slight · (ETH; low) · [ev_flood_hazard_wocat_1598_2014_downstream_flooding]"", ""wocat_1598_2014 · practitioner_rating · positive/strong · (ETH; low) · [ev_runoff_reduction_wocat_1598_2014_surface_runoff]"", ""wocat_1598_2014 · practitioner_rating · negative/strong · (ETH; low) · [ev_erosion_hazard_wocat_1598_2014_soil_loss]""], ""agreement_note"": ""weighted sign agreement 1.0: positive 14 ['ev_erosion_hazard_wocat_1418_2011_soil_loss', 'ev_flood_hazard_wocat_1418_2011_downstream_flooding', 'ev_runoff_reduction_wocat_1607_2014_surface_runoff', 'ev_erosion_hazard_wocat_1607_2014_soil_loss', 'ev_erosion_hazard_wocat_1048_2011_soil_loss', 'ev_flood_hazard_wocat_1048_2011_downstream_flooding', 'ev_flood_hazard_wocat_1072_2011_downstream_flooding', 'ev_erosion_hazard_wocat_1414_2011_soil_loss', 'ev_flood_hazard_wocat_1414_2011_downstream_flooding', 'ev_runoff_reduction_wocat_1568_2013_surface_runoff', 'ev_erosion_hazard_wocat_1568_2013_soil_loss', 'ev_runoff_reduction_wocat_1598_2014_surface_runoff', 'ev_erosion_hazard_wocat_1598_2014_soil_loss', 'ev_flood_hazard_wocat_1598_2014_downstream_flooding']; negative 0 []; null 0 []."", ""proxies"": [""erosion_hazard→flood (component)"", ""runoff_reduction→flood (component)""], ""key_evidence_ids"": [""ev_flood_hazard_wocat_1072_2011_downstream_flooding"", ""ev_flood_hazard_wocat_1418_2011_downstream_flooding"", ""ev_flood_hazard_wocat_1048_2011_downstream_flooding"", ""ev_flood_hazard_wocat_1414_2011_downstream_flooding"", ""ev_erosion_hazard_wocat_1418_2011_soil_loss""], ""source_mix"": {""peer_reviewed"": 0, ""grey"": 14, ""expert"": 0}, ""prose_pending"": true}",livelihood_mitigation,"[""ev_erosion_hazard_wocat_1418_2011_soil_loss"", ""ev_flood_hazard_wocat_1418_2011_downstream_flooding"", ""ev_runoff_reduction_wocat_1607_2014_surface_runoff"", ""ev_erosion_hazard_wocat_1607_2014_soil_loss"", ""ev_erosion_hazard_wocat_1048_2011_soil_loss"", ""ev_flood_hazard_wocat_1048_2011_downstream_flooding"", ""ev_flood_hazard_wocat_1072_2011_downstream_flooding"", ""ev_erosion_hazard_wocat_1414_2011_soil_loss"", ""ev_flood_hazard_wocat_1414_2011_downstream_flooding"", ""ev_runoff_reduction_wocat_1568_2013_surface_runoff"", ""ev_erosion_hazard_wocat_1568_2013_soil_loss"", ""ev_runoff_reduction_wocat_1598_2014_surface_runoff"", ""ev_erosion_hazard_wocat_1598_2014_soil_loss"", ""ev_flood_hazard_wocat_1598_2014_downstream_flooding""]",forest_restoration__passive_regeneration,,,"{""income_groups"": {""low"": 5, ""lower_middle"": 2}, ""aezs"": {""unknown"": 7}, ""farming_systems"": {""unknown"": 7}, ""countries"": [""ETH"", ""TUN"", ""TZA""], ""n_sources_in_scope"": 7, ""weight_share_in_context"": 1.0, ""target"": {""income_group"": ""lic_lmic""}, ""transfer_class"": ""in_context""}",false,limited,high,false,,
forest_restoration__protection_cbfm__flood__all,forest_restoration,flood,all,high,"[prose pending] forest_restoration strongly reduces the impact of flood in AFG, IND (limited evidence, high agreement → medium confidence; transfer: in_context).",medium,,false,,"{""statement"": ""forest_restoration strongly reduces the impact of flood in AFG, IND (limited evidence, high agreement → medium confidence; transfer: in_context)."", ""strength_basis"": ""quantified"", ""proxy_capped"": false, ""strength_from"": ""pool"", ""evidence_summary"": [""wocat_5243_2019 · practitioner_rating · positive/strong · (IND; lower_middle) · [ev_runoff_reduction_wocat_5243_2019_surface_runoff]"", ""wocat_5243_2019 · practitioner_rating · negative/strong · (IND; lower_middle) · [ev_erosion_hazard_wocat_5243_2019_soil_loss]"", ""wocat_7460_2024 · practitioner_rating · negative/strong · (AFG; low) · [ev_flood_hazard_wocat_7460_2024_flood_impacts]"", ""wocat_7460_2024 · practitioner_rating · positive/strong · (AFG; low) · [ev_runoff_reduction_wocat_7460_2024_surface_runoff]"", ""wocat_7460_2024 · practitioner_rating · negative/moderate · (AFG; low) · [ev_erosion_hazard_wocat_7460_2024_soil_loss]""], ""agreement_note"": ""weighted sign agreement 1.0: positive 5 ['ev_runoff_reduction_wocat_7460_2024_surface_runoff', 'ev_erosion_hazard_wocat_7460_2024_soil_loss', 'ev_flood_hazard_wocat_7460_2024_flood_impacts', 'ev_runoff_reduction_wocat_5243_2019_surface_runoff', 'ev_erosion_hazard_wocat_5243_2019_soil_loss']; negative 0 []; null 0 []."", ""proxies"": [""erosion_hazard→flood (component)"", ""runoff_reduction→flood (component)""], ""key_evidence_ids"": [""ev_runoff_reduction_wocat_5243_2019_surface_runoff"", ""ev_erosion_hazard_wocat_5243_2019_soil_loss"", ""ev_flood_hazard_wocat_7460_2024_flood_impacts"", ""ev_runoff_reduction_wocat_7460_2024_surface_runoff"", ""ev_erosion_hazard_wocat_7460_2024_soil_loss""], ""source_mix"": {""peer_reviewed"": 0, ""grey"": 5, ""expert"": 0}, ""prose_pending"": true}",livelihood_mitigation,"[""ev_runoff_reduction_wocat_7460_2024_surface_runoff"", ""ev_erosion_hazard_wocat_7460_2024_soil_loss"", ""ev_flood_hazard_wocat_7460_2024_flood_impacts"", ""ev_runoff_reduction_wocat_5243_2019_surface_runoff"", ""ev_erosion_hazard_wocat_5243_2019_soil_loss""]",forest_restoration__protection_cbfm,,,"{""income_groups"": {""low"": 1, ""lower_middle"": 1}, ""aezs"": {""unknown"": 2}, ""farming_systems"": {""unknown"": 2}, ""countries"": [""AFG"", ""IND""], ""n_sources_in_scope"": 2, ""weight_share_in_context"": 1.0, ""target"": {""income_group"": ""lic_lmic""}, ""transfer_class"": ""in_context""}",false,limited,high,false,,
forest_restoration__waterlogging__all,forest_restoration,waterlogging,all,moderate,"[prose pending] forest_restoration moderately reduces the impact of waterlogging in ETH, TUN, UGA, UZB (limited evidence, medium agreement → low confidence; transfer: in_context).",low,,false,,"{""statement"": ""forest_restoration moderately reduces the impact of waterlogging in ETH, TUN, UGA, UZB (limited evidence, medium agreement → low confidence; transfer: in_context)."", ""strength_basis"": ""quantified"", ""proxy_capped"": false, ""strength_from"": ""pool"", ""evidence_summary"": [""wocat_1048_2011 · practitioner_rating · positive/slight · (ETH; low) · [ev_waterlogging_hazard_wocat_1048_2011_excess_water_drainage]"", ""wocat_1577_2013 · practitioner_rating · none/unspecified · (UGA; low) · [ev_waterlogging_hazard_wocat_1577_2013_excess_water_drainage]"", ""wocat_1072_2011 · practitioner_rating · negative/moderate · (ETH; low) · [ev_waterlogging_hazard_wocat_1072_2011_excess_water_drainage]"", ""wocat_1533_2011 · practitioner_rating · negative/strong · (UZB; lower_middle) · [ev_waterlogging_hazard_wocat_1533_2011_excess_water_drainage]"", ""wocat_1568_2013 · practitioner_rating · negative/moderate · (TUN; lower_middle) · [ev_waterlogging_hazard_wocat_1568_2013_excess_water_drainage]""], ""agreement_note"": ""weighted sign agreement 0.7: positive 3 ['ev_waterlogging_hazard_wocat_1072_2011_excess_water_drainage', 'ev_waterlogging_hazard_wocat_1533_2011_excess_water_drainage', 'ev_waterlogging_hazard_wocat_1568_2013_excess_water_drainage']; negative 1 ['ev_waterlogging_hazard_wocat_1048_2011_excess_water_drainage']; null 1 ['ev_waterlogging_hazard_wocat_1577_2013_excess_water_drainage']."", ""proxies"": [], ""key_evidence_ids"": [""ev_waterlogging_hazard_wocat_1048_2011_excess_water_drainage"", ""ev_waterlogging_hazard_wocat_1577_2013_excess_water_drainage"", ""ev_waterlogging_hazard_wocat_1072_2011_excess_water_drainage"", ""ev_waterlogging_hazard_wocat_1533_2011_excess_water_drainage"", ""ev_waterlogging_hazard_wocat_1568_2013_excess_water_drainage""], ""source_mix"": {""peer_reviewed"": 0, ""grey"": 5, ""expert"": 0}, ""prose_pending"": true}",livelihood_mitigation,"[""ev_waterlogging_hazard_wocat_1048_2011_excess_water_drainage"", ""ev_waterlogging_hazard_wocat_1577_2013_excess_water_drainage"", ""ev_waterlogging_hazard_wocat_1072_2011_excess_water_drainage"", ""ev_waterlogging_hazard_wocat_1533_2011_excess_water_drainage"", ""ev_waterlogging_hazard_wocat_1568_2013_excess_water_drainage""]",,,,"{""income_groups"": {""low"": 3, ""lower_middle"": 2}, ""aezs"": {""unknown"": 5}, ""farming_systems"": {""unknown"": 5}, ""countries"": [""ETH"", ""TUN"", ""UGA"", ""UZB""], ""n_sources_in_scope"": 5, ""weight_share_in_context"": 1.0, ""target"": {""income_group"": ""lic_lmic""}, ""transfer_class"": ""in_context""}",false,limited,medium,false,,
forest_restoration__active_planting__waterlogging__all,forest_restoration,waterlogging,all,high,"[prose pending] forest_restoration strongly reduces the impact of waterlogging in UGA, UZB (limited evidence, medium agreement → low confidence; transfer: in_context).",low,,false,,"{""statement"": ""forest_restoration strongly reduces the impact of waterlogging in UGA, UZB (limited evidence, medium agreement → low confidence; transfer: in_context)."", ""strength_basis"": ""quantified"", ""proxy_capped"": false, ""strength_from"": ""pool"", ""evidence_summary"": [""wocat_1577_2013 · practitioner_rating · none/unspecified · (UGA; low) · [ev_waterlogging_hazard_wocat_1577_2013_excess_water_drainage]"", ""wocat_1533_2011 · practitioner_rating · negative/strong · (UZB; lower_middle) · [ev_waterlogging_hazard_wocat_1533_2011_excess_water_drainage]""], ""agreement_note"": ""weighted sign agreement 0.75: positive 1 ['ev_waterlogging_hazard_wocat_1533_2011_excess_water_drainage']; negative 0 []; null 1 ['ev_waterlogging_hazard_wocat_1577_2013_excess_water_drainage']."", ""proxies"": [], ""key_evidence_ids"": [""ev_waterlogging_hazard_wocat_1577_2013_excess_water_drainage"", ""ev_waterlogging_hazard_wocat_1533_2011_excess_water_drainage""], ""source_mix"": {""peer_reviewed"": 0, ""grey"": 2, ""expert"": 0}, ""prose_pending"": true}",livelihood_mitigation,"[""ev_waterlogging_hazard_wocat_1577_2013_excess_water_drainage"", ""ev_waterlogging_hazard_wocat_1533_2011_excess_water_drainage""]",forest_restoration__active_planting,,,"{""income_groups"": {""low"": 1, ""lower_middle"": 1}, ""aezs"": {""unknown"": 2}, ""farming_systems"": {""unknown"": 2}, ""countries"": [""UGA"", ""UZB""], ""n_sources_in_scope"": 2, ""weight_share_in_context"": 1.0, ""target"": {""income_group"": ""lic_lmic""}, ""transfer_class"": ""in_context""}",false,limited,medium,false,,
forest_restoration__passive_regeneration__waterlogging__all,forest_restoration,waterlogging,all,moderate,"[prose pending] forest_restoration moderately reduces the impact of waterlogging in ETH, TUN (limited evidence, medium agreement → low confidence; transfer: in_context).",low,,false,,"{""statement"": ""forest_restoration moderately reduces the impact of waterlogging in ETH, TUN (limited evidence, medium agreement → low confidence; transfer: in_context)."", ""strength_basis"": ""quantified"", ""proxy_capped"": false, ""strength_from"": ""pool"", ""evidence_summary"": [""wocat_1048_2011 · practitioner_rating · positive/slight · (ETH; low) · [ev_waterlogging_hazard_wocat_1048_2011_excess_water_drainage]"", ""wocat_1072_2011 · practitioner_rating · negative/moderate · (ETH; low) · [ev_waterlogging_hazard_wocat_1072_2011_excess_water_drainage]"", ""wocat_1568_2013 · practitioner_rating · negative/moderate · (TUN; lower_middle) · [ev_waterlogging_hazard_wocat_1568_2013_excess_water_drainage]""], ""agreement_note"": ""weighted sign agreement 0.667: positive 2 ['ev_waterlogging_hazard_wocat_1072_2011_excess_water_drainage', 'ev_waterlogging_hazard_wocat_1568_2013_excess_water_drainage']; negative 1 ['ev_waterlogging_hazard_wocat_1048_2011_excess_water_drainage']; null 0 []."", ""proxies"": [], ""key_evidence_ids"": [""ev_waterlogging_hazard_wocat_1048_2011_excess_water_drainage"", ""ev_waterlogging_hazard_wocat_1072_2011_excess_water_drainage"", ""ev_waterlogging_hazard_wocat_1568_2013_excess_water_drainage""], ""source_mix"": {""peer_reviewed"": 0, ""grey"": 3, ""expert"": 0}, ""prose_pending"": true}",livelihood_mitigation,"[""ev_waterlogging_hazard_wocat_1048_2011_excess_water_drainage"", ""ev_waterlogging_hazard_wocat_1072_2011_excess_water_drainage"", ""ev_waterlogging_hazard_wocat_1568_2013_excess_water_drainage""]",forest_restoration__passive_regeneration,,,"{""income_groups"": {""low"": 2, ""lower_middle"": 1}, ""aezs"": {""unknown"": 3}, ""farming_systems"": {""unknown"": 3}, ""countries"": [""ETH"", ""TUN""], ""n_sources_in_scope"": 3, ""weight_share_in_context"": 1.0, ""target"": {""income_group"": ""lic_lmic""}, ""transfer_class"": ""in_context""}",false,limited,medium,false,,
forest_restoration__wind_cyclone__all,forest_restoration,wind_cyclone,all,moderate,"[prose pending] forest_restoration moderately reduces the impact of wind_cyclone in BGD, CPV, ETH, HND, IND, NER, PHL, SEN, TKM, UGA (limited evidence, high agreement → medium confidence; transfer: in_context).",medium,,false,,"{""statement"": ""forest_restoration moderately reduces the impact of wind_cyclone in BGD, CPV, ETH, HND, IND, NER, PHL, SEN, TKM, UGA (limited evidence, high agreement → medium confidence; transfer: in_context)."", ""strength_basis"": ""quantified"", ""proxy_capped"": false, ""strength_from"": ""pool"", ""evidence_summary"": [""wocat_750_2016 · practitioner_rating · negative/slight · (HND; lower_middle) · [ev_wind_cyclone_hazard_wocat_750_2016_impacts_of_cyclones_rain_storms]"", ""wocat_1577_2013 · practitioner_rating · positive/strong · (UGA; low) · [ev_windbreak_protection_wocat_1577_2013_wind_velocity]"", ""wocat_5243_2019 · practitioner_rating · negative/strong · (IND; lower_middle) · [ev_wind_cyclone_hazard_wocat_5243_2019_impacts_of_cyclones_rain_storms]"", ""wocat_1626_2014 · practitioner_rating · positive/moderate · (NER; low) · [ev_windbreak_protection_wocat_1626_2014_wind_velocity]"", ""wocat_1442_2011 · practitioner_rating · positive/strong · (SEN; lower_middle) · [ev_windbreak_protection_wocat_1442_2011_wind_velocity]"", ""wocat_1414_2011 · practitioner_rating · positive/strong · (ETH; low) · [ev_windbreak_protection_wocat_1414_2011_wind_velocity]"", ""wocat_1529_2012 · practitioner_rating · positive/moderate · (TKM; upper_middle) · [ev_windbreak_protection_wocat_1529_2012_wind_velocity]"", ""wocat_578_2016 · practitioner_rating · negative/moderate · (PHL; upper_middle) · [ev_wind_cyclone_hazard_wocat_578_2016_impacts_of_cyclones_rain_storms]"", ""wocat_1523_2011 · practitioner_rating · positive/moderate · (CPV; upper_middle) · [ev_windbreak_protection_wocat_1523_2011_wind_velocity]"", ""wocat_4300_2019 · practitioner_rating · negative/slight · (BGD; lower_middle) · [ev_wind_cyclone_hazard_wocat_4300_2019_impacts_of_cyclones_rain_storms]"", ""wocat_4300_2019 · practitioner_rating · positive/moderate · (BGD; lower_middle) · [ev_windbreak_protection_wocat_4300_2019_wind_velocity]""], ""agreement_note"": ""weighted sign agreement 1.0: positive 11 ['ev_windbreak_protection_wocat_1529_2012_wind_velocity', 'ev_wind_cyclone_hazard_wocat_578_2016_impacts_of_cyclones_rain_storms', 'ev_wind_cyclone_hazard_wocat_750_2016_impacts_of_cyclones_rain_storms', 'ev_windbreak_protection_wocat_1577_2013_wind_velocity', 'ev_windbreak_protection_wocat_1523_2011_wind_velocity', 'ev_wind_cyclone_hazard_wocat_5243_2019_impacts_of_cyclones_rain_storms', 'ev_windbreak_protection_wocat_1626_2014_wind_velocity', 'ev_windbreak_protection_wocat_1442_2011_wind_velocity', 'ev_wind_cyclone_hazard_wocat_4300_2019_impacts_of_cyclones_rain_storms', 'ev_windbreak_protection_wocat_4300_2019_wind_velocity', 'ev_windbreak_protection_wocat_1414_2011_wind_velocity']; negative 0 []; null 0 []."", ""proxies"": [], ""key_evidence_ids"": [""ev_wind_cyclone_hazard_wocat_750_2016_impacts_of_cyclones_rain_storms"", ""ev_windbreak_protection_wocat_1577_2013_wind_velocity"", ""ev_wind_cyclone_hazard_wocat_5243_2019_impacts_of_cyclones_rain_storms"", ""ev_windbreak_protection_wocat_1626_2014_wind_velocity"", ""ev_windbreak_protection_wocat_1442_2011_wind_velocity""], ""source_mix"": {""peer_reviewed"": 0, ""grey"": 11, ""expert"": 0}, ""prose_pending"": true}",livelihood_mitigation,"[""ev_windbreak_protection_wocat_1529_2012_wind_velocity"", ""ev_wind_cyclone_hazard_wocat_578_2016_impacts_of_cyclones_rain_storms"", ""ev_wind_cyclone_hazard_wocat_750_2016_impacts_of_cyclones_rain_storms"", ""ev_windbreak_protection_wocat_1577_2013_wind_velocity"", ""ev_windbreak_protection_wocat_1523_2011_wind_velocity"", ""ev_wind_cyclone_hazard_wocat_5243_2019_impacts_of_cyclones_rain_storms"", ""ev_windbreak_protection_wocat_1626_2014_wind_velocity"", ""ev_windbreak_protection_wocat_1442_2011_wind_velocity"", ""ev_wind_cyclone_hazard_wocat_4300_2019_impacts_of_cyclones_rain_storms"", ""ev_windbreak_protection_wocat_4300_2019_wind_velocity"", ""ev_windbreak_protection_wocat_1414_2011_wind_velocity""]",,,,"{""income_groups"": {""low"": 3, ""lower_middle"": 4, ""upper_middle"": 3}, ""aezs"": {""unknown"": 10}, ""farming_systems"": {""unknown"": 10}, ""countries"": [""BGD"", ""CPV"", ""ETH"", ""HND"", ""IND"", ""NER"", ""PHL"", ""SEN"", ""TKM"", ""UGA""], ""n_sources_in_scope"": 10, ""weight_share_in_context"": 0.7, ""target"": {""income_group"": ""lic_lmic""}, ""transfer_class"": ""in_context""}",false,limited,high,false,,
forest_restoration__wind_cyclone__all__income_group-lic_lmic,forest_restoration,wind_cyclone,all,high,"[prose pending] forest_restoration strongly reduces the impact of wind_cyclone in BGD, ETH, HND, IND, NER, SEN, UGA (lic_lmic income contexts) (limited evidence, high agreement → medium confidence; transfer: in_context).",medium,,false,,"{""statement"": ""forest_restoration strongly reduces the impact of wind_cyclone in BGD, ETH, HND, IND, NER, SEN, UGA (lic_lmic income contexts) (limited evidence, high agreement → medium confidence; transfer: in_context)."", ""strength_basis"": ""quantified"", ""proxy_capped"": false, ""strength_from"": ""pool"", ""evidence_summary"": [""wocat_750_2016 · practitioner_rating · negative/slight · (HND; lower_middle) · [ev_wind_cyclone_hazard_wocat_750_2016_impacts_of_cyclones_rain_storms]"", ""wocat_1577_2013 · practitioner_rating · positive/strong · (UGA; low) · [ev_windbreak_protection_wocat_1577_2013_wind_velocity]"", ""wocat_5243_2019 · practitioner_rating · negative/strong · (IND; lower_middle) · [ev_wind_cyclone_hazard_wocat_5243_2019_impacts_of_cyclones_rain_storms]"", ""wocat_1626_2014 · practitioner_rating · positive/moderate · (NER; low) · [ev_windbreak_protection_wocat_1626_2014_wind_velocity]"", ""wocat_1442_2011 · practitioner_rating · positive/strong · (SEN; lower_middle) · [ev_windbreak_protection_wocat_1442_2011_wind_velocity]"", ""wocat_1414_2011 · practitioner_rating · positive/strong · (ETH; low) · [ev_windbreak_protection_wocat_1414_2011_wind_velocity]"", ""wocat_4300_2019 · practitioner_rating · negative/slight · (BGD; lower_middle) · [ev_wind_cyclone_hazard_wocat_4300_2019_impacts_of_cyclones_rain_storms]"", ""wocat_4300_2019 · practitioner_rating · positive/moderate · (BGD; lower_middle) · [ev_windbreak_protection_wocat_4300_2019_wind_velocity]""], ""agreement_note"": ""weighted sign agreement 1.0: positive 8 ['ev_wind_cyclone_hazard_wocat_750_2016_impacts_of_cyclones_rain_storms', 'ev_windbreak_protection_wocat_1577_2013_wind_velocity', 'ev_wind_cyclone_hazard_wocat_5243_2019_impacts_of_cyclones_rain_storms', 'ev_windbreak_protection_wocat_1626_2014_wind_velocity', 'ev_windbreak_protection_wocat_1442_2011_wind_velocity', 'ev_wind_cyclone_hazard_wocat_4300_2019_impacts_of_cyclones_rain_storms', 'ev_windbreak_protection_wocat_4300_2019_wind_velocity', 'ev_windbreak_protection_wocat_1414_2011_wind_velocity']; negative 0 []; null 0 []."", ""proxies"": [], ""key_evidence_ids"": [""ev_wind_cyclone_hazard_wocat_750_2016_impacts_of_cyclones_rain_storms"", ""ev_windbreak_protection_wocat_1577_2013_wind_velocity"", ""ev_wind_cyclone_hazard_wocat_5243_2019_impacts_of_cyclones_rain_storms"", ""ev_windbreak_protection_wocat_1626_2014_wind_velocity"", ""ev_windbreak_protection_wocat_1442_2011_wind_velocity""], ""source_mix"": {""peer_reviewed"": 0, ""grey"": 8, ""expert"": 0}, ""prose_pending"": true}",livelihood_mitigation,"[""ev_wind_cyclone_hazard_wocat_750_2016_impacts_of_cyclones_rain_storms"", ""ev_windbreak_protection_wocat_1577_2013_wind_velocity"", ""ev_wind_cyclone_hazard_wocat_5243_2019_impacts_of_cyclones_rain_storms"", ""ev_windbreak_protection_wocat_1626_2014_wind_velocity"", ""ev_windbreak_protection_wocat_1442_2011_wind_velocity"", ""ev_wind_cyclone_hazard_wocat_4300_2019_impacts_of_cyclones_rain_storms"", ""ev_windbreak_protection_wocat_4300_2019_wind_velocity"", ""ev_windbreak_protection_wocat_1414_2011_wind_velocity""]",,income_group,lic_lmic,"{""income_groups"": {""low"": 3, ""lower_middle"": 4}, ""aezs"": {""unknown"": 7}, ""farming_systems"": {""unknown"": 7}, ""countries"": [""BGD"", ""ETH"", ""HND"", ""IND"", ""NER"", ""SEN"", ""UGA""], ""n_sources_in_scope"": 7, ""weight_share_in_context"": 1.0, ""target"": {""income_group"": ""lic_lmic""}, ""transfer_class"": ""in_context"", ""scope"": {""income_group"": ""lic_lmic""}}",false,limited,high,false,,
forest_restoration__active_planting__wind_cyclone__all,forest_restoration,wind_cyclone,all,moderate,"[prose pending] forest_restoration moderately reduces the impact of wind_cyclone in CPV, HND, TKM, UGA (limited evidence, high agreement → medium confidence; transfer: adjacent).",medium,,false,,"{""statement"": ""forest_restoration moderately reduces the impact of wind_cyclone in CPV, HND, TKM, UGA (limited evidence, high agreement → medium confidence; transfer: adjacent)."", ""strength_basis"": ""quantified"", ""proxy_capped"": false, ""strength_from"": ""pool"", ""evidence_summary"": [""wocat_750_2016 · practitioner_rating · negative/slight · (HND; lower_middle) · [ev_wind_cyclone_hazard_wocat_750_2016_impacts_of_cyclones_rain_storms]"", ""wocat_1577_2013 · practitioner_rating · positive/strong · (UGA; low) · [ev_windbreak_protection_wocat_1577_2013_wind_velocity]"", ""wocat_1529_2012 · practitioner_rating · positive/moderate · (TKM; upper_middle) · [ev_windbreak_protection_wocat_1529_2012_wind_velocity]"", ""wocat_1523_2011 · practitioner_rating · positive/moderate · (CPV; upper_middle) · [ev_windbreak_protection_wocat_1523_2011_wind_velocity]""], ""agreement_note"": ""weighted sign agreement 1.0: positive 4 ['ev_windbreak_protection_wocat_1529_2012_wind_velocity', 'ev_wind_cyclone_hazard_wocat_750_2016_impacts_of_cyclones_rain_storms', 'ev_windbreak_protection_wocat_1577_2013_wind_velocity', 'ev_windbreak_protection_wocat_1523_2011_wind_velocity']; negative 0 []; null 0 []."", ""proxies"": [], ""key_evidence_ids"": [""ev_wind_cyclone_hazard_wocat_750_2016_impacts_of_cyclones_rain_storms"", ""ev_windbreak_protection_wocat_1577_2013_wind_velocity"", ""ev_windbreak_protection_wocat_1529_2012_wind_velocity"", ""ev_windbreak_protection_wocat_1523_2011_wind_velocity""], ""source_mix"": {""peer_reviewed"": 0, ""grey"": 4, ""expert"": 0}, ""prose_pending"": true}",livelihood_mitigation,"[""ev_windbreak_protection_wocat_1529_2012_wind_velocity"", ""ev_wind_cyclone_hazard_wocat_750_2016_impacts_of_cyclones_rain_storms"", ""ev_windbreak_protection_wocat_1577_2013_wind_velocity"", ""ev_windbreak_protection_wocat_1523_2011_wind_velocity""]",forest_restoration__active_planting,,,"{""income_groups"": {""low"": 1, ""lower_middle"": 1, ""upper_middle"": 2}, ""aezs"": {""unknown"": 4}, ""farming_systems"": {""unknown"": 4}, ""countries"": [""CPV"", ""HND"", ""TKM"", ""UGA""], ""n_sources_in_scope"": 4, ""weight_share_in_context"": 0.5, ""target"": {""income_group"": ""lic_lmic""}, ""transfer_class"": ""adjacent""}",false,limited,high,false,,
forest_restoration__assisted_regeneration__wind_cyclone__all,forest_restoration,wind_cyclone,all,moderate,"[prose pending] forest_restoration moderately reduces the impact of wind_cyclone in NER (limited evidence, low agreement → very_low confidence; transfer: in_context).",very_low,,false,,"{""statement"": ""forest_restoration moderately reduces the impact of wind_cyclone in NER (limited evidence, low agreement → very_low confidence; transfer: in_context)."", ""strength_basis"": ""quantified"", ""proxy_capped"": false, ""strength_from"": ""pool"", ""evidence_summary"": [""wocat_1626_2014 · practitioner_rating · positive/moderate · (NER; low) · [ev_windbreak_protection_wocat_1626_2014_wind_velocity]""], ""agreement_note"": ""sign agreement undefined (single independent source): positive 1 ['ev_windbreak_protection_wocat_1626_2014_wind_velocity']; negative 0 []; null 0 []."", ""proxies"": [], ""key_evidence_ids"": [""ev_windbreak_protection_wocat_1626_2014_wind_velocity""], ""source_mix"": {""peer_reviewed"": 0, ""grey"": 1, ""expert"": 0}, ""prose_pending"": true}",livelihood_mitigation,"[""ev_windbreak_protection_wocat_1626_2014_wind_velocity""]",forest_restoration__assisted_regeneration,,,"{""income_groups"": {""low"": 1}, ""aezs"": {""unknown"": 1}, ""farming_systems"": {""unknown"": 1}, ""countries"": [""NER""], ""n_sources_in_scope"": 1, ""weight_share_in_context"": 1.0, ""target"": {""income_group"": ""lic_lmic""}, ""transfer_class"": ""in_context""}",false,limited,low,false,,
forest_restoration__mangrove_coastal__wind_cyclone__all,forest_restoration,wind_cyclone,all,moderate,"[prose pending] forest_restoration moderately reduces the impact of wind_cyclone in BGD, PHL, SEN (limited evidence, high agreement → medium confidence; transfer: in_context).",medium,,false,,"{""statement"": ""forest_restoration moderately reduces the impact of wind_cyclone in BGD, PHL, SEN (limited evidence, high agreement → medium confidence; transfer: in_context)."", ""strength_basis"": ""quantified"", ""proxy_capped"": false, ""strength_from"": ""pool"", ""evidence_summary"": [""wocat_1442_2011 · practitioner_rating · positive/strong · (SEN; lower_middle) · [ev_windbreak_protection_wocat_1442_2011_wind_velocity]"", ""wocat_578_2016 · practitioner_rating · negative/moderate · (PHL; upper_middle) · [ev_wind_cyclone_hazard_wocat_578_2016_impacts_of_cyclones_rain_storms]"", ""wocat_4300_2019 · practitioner_rating · negative/slight · (BGD; lower_middle) · [ev_wind_cyclone_hazard_wocat_4300_2019_impacts_of_cyclones_rain_storms]"", ""wocat_4300_2019 · practitioner_rating · positive/moderate · (BGD; lower_middle) · [ev_windbreak_protection_wocat_4300_2019_wind_velocity]""], ""agreement_note"": ""weighted sign agreement 1.0: positive 4 ['ev_wind_cyclone_hazard_wocat_578_2016_impacts_of_cyclones_rain_storms', 'ev_windbreak_protection_wocat_1442_2011_wind_velocity', 'ev_wind_cyclone_hazard_wocat_4300_2019_impacts_of_cyclones_rain_storms', 'ev_windbreak_protection_wocat_4300_2019_wind_velocity']; negative 0 []; null 0 []."", ""proxies"": [], ""key_evidence_ids"": [""ev_windbreak_protection_wocat_1442_2011_wind_velocity"", ""ev_wind_cyclone_hazard_wocat_578_2016_impacts_of_cyclones_rain_storms"", ""ev_wind_cyclone_hazard_wocat_4300_2019_impacts_of_cyclones_rain_storms"", ""ev_windbreak_protection_wocat_4300_2019_wind_velocity""], ""source_mix"": {""peer_reviewed"": 0, ""grey"": 4, ""expert"": 0}, ""prose_pending"": true}",livelihood_mitigation,"[""ev_wind_cyclone_hazard_wocat_578_2016_impacts_of_cyclones_rain_storms"", ""ev_windbreak_protection_wocat_1442_2011_wind_velocity"", ""ev_wind_cyclone_hazard_wocat_4300_2019_impacts_of_cyclones_rain_storms"", ""ev_windbreak_protection_wocat_4300_2019_wind_velocity""]",forest_restoration__mangrove_coastal,,,"{""income_groups"": {""lower_middle"": 2, ""upper_middle"": 1}, ""aezs"": {""unknown"": 3}, ""farming_systems"": {""unknown"": 3}, ""countries"": [""BGD"", ""PHL"", ""SEN""], ""n_sources_in_scope"": 3, ""weight_share_in_context"": 0.667, ""target"": {""income_group"": ""lic_lmic""}, ""transfer_class"": ""in_context""}",false,limited,high,false,,
forest_restoration__passive_regeneration__wind_cyclone__all,forest_restoration,wind_cyclone,all,high,"[prose pending] forest_restoration strongly reduces the impact of wind_cyclone in ETH (limited evidence, low agreement → very_low confidence; transfer: in_context).",very_low,,false,,"{""statement"": ""forest_restoration strongly reduces the impact of wind_cyclone in ETH (limited evidence, low agreement → very_low confidence; transfer: in_context)."", ""strength_basis"": ""quantified"", ""proxy_capped"": false, ""strength_from"": ""pool"", ""evidence_summary"": [""wocat_1414_2011 · practitioner_rating · positive/strong · (ETH; low) · [ev_windbreak_protection_wocat_1414_2011_wind_velocity]""], ""agreement_note"": ""sign agreement undefined (single independent source): positive 1 ['ev_windbreak_protection_wocat_1414_2011_wind_velocity']; negative 0 []; null 0 []."", ""proxies"": [], ""key_evidence_ids"": [""ev_windbreak_protection_wocat_1414_2011_wind_velocity""], ""source_mix"": {""peer_reviewed"": 0, ""grey"": 1, ""expert"": 0}, ""prose_pending"": true}",livelihood_mitigation,"[""ev_windbreak_protection_wocat_1414_2011_wind_velocity""]",forest_restoration__passive_regeneration,,,"{""income_groups"": {""low"": 1}, ""aezs"": {""unknown"": 1}, ""farming_systems"": {""unknown"": 1}, ""countries"": [""ETH""], ""n_sources_in_scope"": 1, ""weight_share_in_context"": 1.0, ""target"": {""income_group"": ""lic_lmic""}, ""transfer_class"": ""in_context""}",false,limited,low,false,,
forest_restoration__protection_cbfm__wind_cyclone__all,forest_restoration,wind_cyclone,all,high,"[prose pending] forest_restoration strongly reduces the impact of wind_cyclone in IND (limited evidence, low agreement → very_low confidence; transfer: in_context).",very_low,,false,,"{""statement"": ""forest_restoration strongly reduces the impact of wind_cyclone in IND (limited evidence, low agreement → very_low confidence; transfer: in_context)."", ""strength_basis"": ""quantified"", ""proxy_capped"": false, ""strength_from"": ""pool"", ""evidence_summary"": [""wocat_5243_2019 · practitioner_rating · negative/strong · (IND; lower_middle) · [ev_wind_cyclone_hazard_wocat_5243_2019_impacts_of_cyclones_rain_storms]""], ""agreement_note"": ""sign agreement undefined (single independent source): positive 1 ['ev_wind_cyclone_hazard_wocat_5243_2019_impacts_of_cyclones_rain_storms']; negative 0 []; null 0 []."", ""proxies"": [], ""key_evidence_ids"": [""ev_wind_cyclone_hazard_wocat_5243_2019_impacts_of_cyclones_rain_storms""], ""source_mix"": {""peer_reviewed"": 0, ""grey"": 1, ""expert"": 0}, ""prose_pending"": true}",livelihood_mitigation,"[""ev_wind_cyclone_hazard_wocat_5243_2019_impacts_of_cyclones_rain_storms""]",forest_restoration__protection_cbfm,,,"{""income_groups"": {""lower_middle"": 1}, ""aezs"": {""unknown"": 1}, ""farming_systems"": {""unknown"": 1}, ""countries"": [""IND""], ""n_sources_in_scope"": 1, ""weight_share_in_context"": 1.0, ""target"": {""income_group"": ""lic_lmic""}, ""transfer_class"": ""in_context""}",false,limited,low,false,,
forest_restoration__asset_threat__flood,forest_restoration,flood,all,,"[prose pending] forest_restoration is slightly damaged by flood in AFG, BGD, ETH, NER, PHL, SEN, TJK (limited evidence, high agreement → medium confidence; transfer: in_context).",medium,,false,,"{""statement"": ""forest_restoration is slightly damaged by flood in AFG, BGD, ETH, NER, PHL, SEN, TJK (limited evidence, high agreement → medium confidence; transfer: in_context)."", ""strength_basis"": ""quantified"", ""proxy_capped"": false, ""strength_from"": ""pool"", ""evidence_summary"": [""wocat_1509_2011 · practitioner_rating · positive/slight · (TJK; lower_middle) · [ev_asset_flood_wocat_1509_2011_general_river_flood]"", ""wocat_7460_2024 · practitioner_rating · positive/strong · (AFG; low) · [ev_asset_flood_wocat_7460_2024_flash_flood]"", ""wocat_1626_2014 · practitioner_rating · positive/strong · (NER; low) · [ev_asset_flood_wocat_1626_2014_general_river_flood]"", ""wocat_1442_2011 · practitioner_rating · positive/slight · (SEN; lower_middle) · [ev_asset_flood_wocat_1442_2011_general_river_flood]"", ""wocat_4300_2019 · practitioner_rating · positive/slight · (BGD; lower_middle) · [ev_asset_flood_wocat_4300_2019_storm_surge_coastal_flood]"", ""wocat_1598_2014 · practitioner_rating · positive/strong · (ETH; low) · [ev_asset_flood_wocat_1598_2014_general_river_flood]"", ""wocat_578_2016 · practitioner_rating · none/unspecified · (PHL; upper_middle) · [ev_asset_flood_wocat_578_2016_storm_surge_coastal_flood]""], ""agreement_note"": ""weighted sign agreement 0.948: positive 6 ['ev_asset_flood_wocat_1509_2011_general_river_flood', 'ev_asset_flood_wocat_7460_2024_flash_flood', 'ev_asset_flood_wocat_1626_2014_general_river_flood', 'ev_asset_flood_wocat_1442_2011_general_river_flood', 'ev_asset_flood_wocat_4300_2019_storm_surge_coastal_flood', 'ev_asset_flood_wocat_1598_2014_general_river_flood']; negative 0 []; null 1 ['ev_asset_flood_wocat_578_2016_storm_surge_coastal_flood']."", ""proxies"": [], ""key_evidence_ids"": [""ev_asset_flood_wocat_1509_2011_general_river_flood"", ""ev_asset_flood_wocat_7460_2024_flash_flood"", ""ev_asset_flood_wocat_1626_2014_general_river_flood"", ""ev_asset_flood_wocat_1442_2011_general_river_flood"", ""ev_asset_flood_wocat_4300_2019_storm_surge_coastal_flood""], ""source_mix"": {""peer_reviewed"": 0, ""grey"": 7, ""expert"": 0}, ""prose_pending"": true}",asset_threat,"[""ev_asset_flood_wocat_578_2016_storm_surge_coastal_flood"", ""ev_asset_flood_wocat_1509_2011_general_river_flood"", ""ev_asset_flood_wocat_7460_2024_flash_flood"", ""ev_asset_flood_wocat_1626_2014_general_river_flood"", ""ev_asset_flood_wocat_1442_2011_general_river_flood"", ""ev_asset_flood_wocat_4300_2019_storm_surge_coastal_flood"", ""ev_asset_flood_wocat_1598_2014_general_river_flood""]",,,,"{""income_groups"": {""low"": 3, ""lower_middle"": 3, ""upper_middle"": 1}, ""aezs"": {""unknown"": 7}, ""farming_systems"": {""unknown"": 7}, ""countries"": [""AFG"", ""BGD"", ""ETH"", ""NER"", ""PHL"", ""SEN"", ""TJK""], ""n_sources_in_scope"": 7, ""weight_share_in_context"": 0.857, ""target"": {""income_group"": ""lic_lmic""}, ""transfer_class"": ""in_context""}",true,limited,high,false,low,
forest_restoration__active_planting__asset_threat__flood,forest_restoration,flood,all,,"[prose pending] forest_restoration is slightly damaged by flood in TJK (limited evidence, low agreement → very_low confidence; transfer: in_context).",very_low,,false,,"{""statement"": ""forest_restoration is slightly damaged by flood in TJK (limited evidence, low agreement → very_low confidence; transfer: in_context)."", ""strength_basis"": ""quantified"", ""proxy_capped"": false, ""strength_from"": ""pool"", ""evidence_summary"": [""wocat_1509_2011 · practitioner_rating · positive/slight · (TJK; lower_middle) · [ev_asset_flood_wocat_1509_2011_general_river_flood]""], ""agreement_note"": ""sign agreement undefined (single independent source): positive 1 ['ev_asset_flood_wocat_1509_2011_general_river_flood']; negative 0 []; null 0 []."", ""proxies"": [], ""key_evidence_ids"": [""ev_asset_flood_wocat_1509_2011_general_river_flood""], ""source_mix"": {""peer_reviewed"": 0, ""grey"": 1, ""expert"": 0}, ""prose_pending"": true}",asset_threat,"[""ev_asset_flood_wocat_1509_2011_general_river_flood""]",forest_restoration__active_planting,,,"{""income_groups"": {""lower_middle"": 1}, ""aezs"": {""unknown"": 1}, ""farming_systems"": {""unknown"": 1}, ""countries"": [""TJK""], ""n_sources_in_scope"": 1, ""weight_share_in_context"": 1.0, ""target"": {""income_group"": ""lic_lmic""}, ""transfer_class"": ""in_context""}",false,limited,low,false,low,
forest_restoration__assisted_regeneration__asset_threat__flood,forest_restoration,flood,all,,"[prose pending] forest_restoration is severely damaged by flood in NER (limited evidence, low agreement → very_low confidence; transfer: in_context).",very_low,,false,,"{""statement"": ""forest_restoration is severely damaged by flood in NER (limited evidence, low agreement → very_low confidence; transfer: in_context)."", ""strength_basis"": ""quantified"", ""proxy_capped"": false, ""strength_from"": ""pool"", ""evidence_summary"": [""wocat_1626_2014 · practitioner_rating · positive/strong · (NER; low) · [ev_asset_flood_wocat_1626_2014_general_river_flood]""], ""agreement_note"": ""sign agreement undefined (single independent source): positive 1 ['ev_asset_flood_wocat_1626_2014_general_river_flood']; negative 0 []; null 0 []."", ""proxies"": [], ""key_evidence_ids"": [""ev_asset_flood_wocat_1626_2014_general_river_flood""], ""source_mix"": {""peer_reviewed"": 0, ""grey"": 1, ""expert"": 0}, ""prose_pending"": true}",asset_threat,"[""ev_asset_flood_wocat_1626_2014_general_river_flood""]",forest_restoration__assisted_regeneration,,,"{""income_groups"": {""low"": 1}, ""aezs"": {""unknown"": 1}, ""farming_systems"": {""unknown"": 1}, ""countries"": [""NER""], ""n_sources_in_scope"": 1, ""weight_share_in_context"": 1.0, ""target"": {""income_group"": ""lic_lmic""}, ""transfer_class"": ""in_context""}",false,limited,low,false,high,
forest_restoration__mangrove_coastal__asset_threat__flood,forest_restoration,flood,all,,"[prose pending] forest_restoration is slightly damaged by flood in BGD, PHL, SEN (limited evidence, high agreement → medium confidence; transfer: in_context).",medium,,false,,"{""statement"": ""forest_restoration is slightly damaged by flood in BGD, PHL, SEN (limited evidence, high agreement → medium confidence; transfer: in_context)."", ""strength_basis"": ""quantified"", ""proxy_capped"": false, ""strength_from"": ""pool"", ""evidence_summary"": [""wocat_1442_2011 · practitioner_rating · positive/slight · (SEN; lower_middle) · [ev_asset_flood_wocat_1442_2011_general_river_flood]"", ""wocat_4300_2019 · practitioner_rating · positive/slight · (BGD; lower_middle) · [ev_asset_flood_wocat_4300_2019_storm_surge_coastal_flood]"", ""wocat_578_2016 · practitioner_rating · none/unspecified · (PHL; upper_middle) · [ev_asset_flood_wocat_578_2016_storm_surge_coastal_flood]""], ""agreement_note"": ""weighted sign agreement 0.87: positive 2 ['ev_asset_flood_wocat_1442_2011_general_river_flood', 'ev_asset_flood_wocat_4300_2019_storm_surge_coastal_flood']; negative 0 []; null 1 ['ev_asset_flood_wocat_578_2016_storm_surge_coastal_flood']."", ""proxies"": [], ""key_evidence_ids"": [""ev_asset_flood_wocat_1442_2011_general_river_flood"", ""ev_asset_flood_wocat_4300_2019_storm_surge_coastal_flood"", ""ev_asset_flood_wocat_578_2016_storm_surge_coastal_flood""], ""source_mix"": {""peer_reviewed"": 0, ""grey"": 3, ""expert"": 0}, ""prose_pending"": true}",asset_threat,"[""ev_asset_flood_wocat_578_2016_storm_surge_coastal_flood"", ""ev_asset_flood_wocat_1442_2011_general_river_flood"", ""ev_asset_flood_wocat_4300_2019_storm_surge_coastal_flood""]",forest_restoration__mangrove_coastal,,,"{""income_groups"": {""lower_middle"": 2, ""upper_middle"": 1}, ""aezs"": {""unknown"": 3}, ""farming_systems"": {""unknown"": 3}, ""countries"": [""BGD"", ""PHL"", ""SEN""], ""n_sources_in_scope"": 3, ""weight_share_in_context"": 0.667, ""target"": {""income_group"": ""lic_lmic""}, ""transfer_class"": ""in_context""}",false,limited,high,false,low,
forest_restoration__passive_regeneration__asset_threat__flood,forest_restoration,flood,all,,"[prose pending] forest_restoration is severely damaged by flood in ETH (limited evidence, low agreement → very_low confidence; transfer: in_context).",very_low,,false,,"{""statement"": ""forest_restoration is severely damaged by flood in ETH (limited evidence, low agreement → very_low confidence; transfer: in_context)."", ""strength_basis"": ""quantified"", ""proxy_capped"": false, ""strength_from"": ""pool"", ""evidence_summary"": [""wocat_1598_2014 · practitioner_rating · positive/strong · (ETH; low) · [ev_asset_flood_wocat_1598_2014_general_river_flood]""], ""agreement_note"": ""sign agreement undefined (single independent source): positive 1 ['ev_asset_flood_wocat_1598_2014_general_river_flood']; negative 0 []; null 0 []."", ""proxies"": [], ""key_evidence_ids"": [""ev_asset_flood_wocat_1598_2014_general_river_flood""], ""source_mix"": {""peer_reviewed"": 0, ""grey"": 1, ""expert"": 0}, ""prose_pending"": true}",asset_threat,"[""ev_asset_flood_wocat_1598_2014_general_river_flood""]",forest_restoration__passive_regeneration,,,"{""income_groups"": {""low"": 1}, ""aezs"": {""unknown"": 1}, ""farming_systems"": {""unknown"": 1}, ""countries"": [""ETH""], ""n_sources_in_scope"": 1, ""weight_share_in_context"": 1.0, ""target"": {""income_group"": ""lic_lmic""}, ""transfer_class"": ""in_context""}",false,limited,low,false,high,
forest_restoration__protection_cbfm__asset_threat__flood,forest_restoration,flood,all,,"[prose pending] forest_restoration is severely damaged by flood in AFG (limited evidence, low agreement → very_low confidence; transfer: in_context).",very_low,,false,,"{""statement"": ""forest_restoration is severely damaged by flood in AFG (limited evidence, low agreement → very_low confidence; transfer: in_context)."", ""strength_basis"": ""quantified"", ""proxy_capped"": false, ""strength_from"": ""pool"", ""evidence_summary"": [""wocat_7460_2024 · practitioner_rating · positive/strong · (AFG; low) · [ev_asset_flood_wocat_7460_2024_flash_flood]""], ""agreement_note"": ""sign agreement undefined (single independent source): positive 1 ['ev_asset_flood_wocat_7460_2024_flash_flood']; negative 0 []; null 0 []."", ""proxies"": [], ""key_evidence_ids"": [""ev_asset_flood_wocat_7460_2024_flash_flood""], ""source_mix"": {""peer_reviewed"": 0, ""grey"": 1, ""expert"": 0}, ""prose_pending"": true}",asset_threat,"[""ev_asset_flood_wocat_7460_2024_flash_flood""]",forest_restoration__protection_cbfm,,,"{""income_groups"": {""low"": 1}, ""aezs"": {""unknown"": 1}, ""farming_systems"": {""unknown"": 1}, ""countries"": [""AFG""], ""n_sources_in_scope"": 1, ""weight_share_in_context"": 1.0, ""target"": {""income_group"": ""lic_lmic""}, ""transfer_class"": ""in_context""}",false,limited,low,false,high,
forest_restoration__asset_threat__fire,forest_restoration,fire,all,,"[prose pending] forest_restoration is slightly damaged by fire in IND (limited evidence, low agreement → very_low confidence; transfer: in_context).",very_low,,false,,"{""statement"": ""forest_restoration is slightly damaged by fire in IND (limited evidence, low agreement → very_low confidence; transfer: in_context)."", ""strength_basis"": ""quantified"", ""proxy_capped"": false, ""strength_from"": ""pool"", ""evidence_summary"": [""wocat_5243_2019 · practitioner_rating · positive/slight · (IND; lower_middle) · [ev_asset_fire_wocat_5243_2019_forest_fire]""], ""agreement_note"": ""sign agreement undefined (single independent source): positive 1 ['ev_asset_fire_wocat_5243_2019_forest_fire']; negative 0 []; null 0 []."", ""proxies"": [], ""key_evidence_ids"": [""ev_asset_fire_wocat_5243_2019_forest_fire""], ""source_mix"": {""peer_reviewed"": 0, ""grey"": 1, ""expert"": 0}, ""prose_pending"": true}",asset_threat,"[""ev_asset_fire_wocat_5243_2019_forest_fire""]",,,,"{""income_groups"": {""lower_middle"": 1}, ""aezs"": {""unknown"": 1}, ""farming_systems"": {""unknown"": 1}, ""countries"": [""IND""], ""n_sources_in_scope"": 1, ""weight_share_in_context"": 1.0, ""target"": {""income_group"": ""lic_lmic""}, ""transfer_class"": ""in_context""}",false,limited,low,false,low,
forest_restoration__protection_cbfm__asset_threat__fire,forest_restoration,fire,all,,"[prose pending] forest_restoration is slightly damaged by fire in IND (limited evidence, low agreement → very_low confidence; transfer: in_context).",very_low,,false,,"{""statement"": ""forest_restoration is slightly damaged by fire in IND (limited evidence, low agreement → very_low confidence; transfer: in_context)."", ""strength_basis"": ""quantified"", ""proxy_capped"": false, ""strength_from"": ""pool"", ""evidence_summary"": [""wocat_5243_2019 · practitioner_rating · positive/slight · (IND; lower_middle) · [ev_asset_fire_wocat_5243_2019_forest_fire]""], ""agreement_note"": ""sign agreement undefined (single independent source): positive 1 ['ev_asset_fire_wocat_5243_2019_forest_fire']; negative 0 []; null 0 []."", ""proxies"": [], ""key_evidence_ids"": [""ev_asset_fire_wocat_5243_2019_forest_fire""], ""source_mix"": {""peer_reviewed"": 0, ""grey"": 1, ""expert"": 0}, ""prose_pending"": true}",asset_threat,"[""ev_asset_fire_wocat_5243_2019_forest_fire""]",forest_restoration__protection_cbfm,,,"{""income_groups"": {""lower_middle"": 1}, ""aezs"": {""unknown"": 1}, ""farming_systems"": {""unknown"": 1}, ""countries"": [""IND""], ""n_sources_in_scope"": 1, ""weight_share_in_context"": 1.0, ""target"": {""income_group"": ""lic_lmic""}, ""transfer_class"": ""in_context""}",false,limited,low,false,low,
forest_restoration__asset_threat__wind_cyclone,forest_restoration,wind_cyclone,all,,"[prose pending] forest_restoration is slightly damaged by wind_cyclone in BGD, CPV, HND, NER, SEN, TKM, TUN, UGA (limited evidence, high agreement → medium confidence; transfer: in_context).",medium,,false,,"{""statement"": ""forest_restoration is slightly damaged by wind_cyclone in BGD, CPV, HND, NER, SEN, TKM, TUN, UGA (limited evidence, high agreement → medium confidence; transfer: in_context)."", ""strength_basis"": ""quantified"", ""proxy_capped"": false, ""strength_from"": ""pool"", ""evidence_summary"": [""wocat_2325_2017 · practitioner_rating · positive/moderate · (NER; low) · [ev_asset_wind_cyclone_wocat_2325_2017_local_windstorm]"", ""wocat_1577_2013 · practitioner_rating · positive/slight · (UGA; low) · [ev_asset_wind_cyclone_wocat_1577_2013_local_windstorm]"", ""wocat_1626_2014 · practitioner_rating · positive/slight · (NER; low) · [ev_asset_wind_cyclone_wocat_1626_2014_local_windstorm]"", ""wocat_1442_2011 · practitioner_rating · positive/slight · (SEN; lower_middle) · [ev_asset_wind_cyclone_wocat_1442_2011_local_windstorm]"", ""wocat_4300_2019 · practitioner_rating · positive/moderate · (BGD; lower_middle) · [ev_asset_wind_cyclone_wocat_4300_2019_tropical_storm]"", ""wocat_1568_2013 · practitioner_rating · positive/slight · (TUN; lower_middle) · [ev_asset_wind_cyclone_wocat_1568_2013_local_windstorm]"", ""wocat_1529_2012 · practitioner_rating · positive/slight · (TKM; upper_middle) · [ev_asset_wind_cyclone_wocat_1529_2012_local_windstorm]"", ""wocat_1523_2011 · practitioner_rating · positive/strong · (CPV; upper_middle) · [ev_asset_wind_cyclone_wocat_1523_2011_local_windstorm]"", ""wocat_750_2016 · practitioner_rating · positive/slight · (HND; lower_middle) · [ev_asset_wind_cyclone_wocat_750_2016_extratropical_cyclone]"", ""wocat_750_2016 · practitioner_rating · positive/moderate · (HND; lower_middle) · [ev_asset_wind_cyclone_wocat_750_2016_tropical_storm]""], ""agreement_note"": ""weighted sign agreement 1.0: positive 10 ['ev_asset_wind_cyclone_wocat_1529_2012_local_windstorm', 'ev_asset_wind_cyclone_wocat_2325_2017_local_windstorm', 'ev_asset_wind_cyclone_wocat_750_2016_extratropical_cyclone', 'ev_asset_wind_cyclone_wocat_750_2016_tropical_storm', 'ev_asset_wind_cyclone_wocat_1577_2013_local_windstorm', 'ev_asset_wind_cyclone_wocat_1523_2011_local_windstorm', 'ev_asset_wind_cyclone_wocat_1626_2014_local_windstorm', 'ev_asset_wind_cyclone_wocat_1442_2011_local_windstorm', 'ev_asset_wind_cyclone_wocat_4300_2019_tropical_storm', 'ev_asset_wind_cyclone_wocat_1568_2013_local_windstorm']; negative 0 []; null 0 []."", ""proxies"": [], ""key_evidence_ids"": [""ev_asset_wind_cyclone_wocat_2325_2017_local_windstorm"", ""ev_asset_wind_cyclone_wocat_1577_2013_local_windstorm"", ""ev_asset_wind_cyclone_wocat_1626_2014_local_windstorm"", ""ev_asset_wind_cyclone_wocat_1442_2011_local_windstorm"", ""ev_asset_wind_cyclone_wocat_4300_2019_tropical_storm""], ""source_mix"": {""peer_reviewed"": 0, ""grey"": 10, ""expert"": 0}, ""prose_pending"": true}",asset_threat,"[""ev_asset_wind_cyclone_wocat_1529_2012_local_windstorm"", ""ev_asset_wind_cyclone_wocat_2325_2017_local_windstorm"", ""ev_asset_wind_cyclone_wocat_750_2016_extratropical_cyclone"", ""ev_asset_wind_cyclone_wocat_750_2016_tropical_storm"", ""ev_asset_wind_cyclone_wocat_1577_2013_local_windstorm"", ""ev_asset_wind_cyclone_wocat_1523_2011_local_windstorm"", ""ev_asset_wind_cyclone_wocat_1626_2014_local_windstorm"", ""ev_asset_wind_cyclone_wocat_1442_2011_local_windstorm"", ""ev_asset_wind_cyclone_wocat_4300_2019_tropical_storm"", ""ev_asset_wind_cyclone_wocat_1568_2013_local_windstorm""]",,,,"{""income_groups"": {""low"": 3, ""lower_middle"": 4, ""upper_middle"": 2}, ""aezs"": {""unknown"": 9}, ""farming_systems"": {""unknown"": 9}, ""countries"": [""BGD"", ""CPV"", ""HND"", ""NER"", ""SEN"", ""TKM"", ""TUN"", ""UGA""], ""n_sources_in_scope"": 9, ""weight_share_in_context"": 0.778, ""target"": {""income_group"": ""lic_lmic""}, ""transfer_class"": ""in_context""}",false,limited,high,false,low,
forest_restoration__active_planting__asset_threat__wind_cyclone,forest_restoration,wind_cyclone,all,,"[prose pending] forest_restoration is slightly damaged by wind_cyclone in CPV, HND, TKM, UGA (limited evidence, high agreement → medium confidence; transfer: adjacent).",medium,,false,,"{""statement"": ""forest_restoration is slightly damaged by wind_cyclone in CPV, HND, TKM, UGA (limited evidence, high agreement → medium confidence; transfer: adjacent)."", ""strength_basis"": ""quantified"", ""proxy_capped"": false, ""strength_from"": ""pool"", ""evidence_summary"": [""wocat_1577_2013 · practitioner_rating · positive/slight · (UGA; low) · [ev_asset_wind_cyclone_wocat_1577_2013_local_windstorm]"", ""wocat_1529_2012 · practitioner_rating · positive/slight · (TKM; upper_middle) · [ev_asset_wind_cyclone_wocat_1529_2012_local_windstorm]"", ""wocat_1523_2011 · practitioner_rating · positive/strong · (CPV; upper_middle) · [ev_asset_wind_cyclone_wocat_1523_2011_local_windstorm]"", ""wocat_750_2016 · practitioner_rating · positive/slight · (HND; lower_middle) · [ev_asset_wind_cyclone_wocat_750_2016_extratropical_cyclone]"", ""wocat_750_2016 · practitioner_rating · positive/moderate · (HND; lower_middle) · [ev_asset_wind_cyclone_wocat_750_2016_tropical_storm]""], ""agreement_note"": ""weighted sign agreement 1.0: positive 5 ['ev_asset_wind_cyclone_wocat_1529_2012_local_windstorm', 'ev_asset_wind_cyclone_wocat_750_2016_extratropical_cyclone', 'ev_asset_wind_cyclone_wocat_750_2016_tropical_storm', 'ev_asset_wind_cyclone_wocat_1577_2013_local_windstorm', 'ev_asset_wind_cyclone_wocat_1523_2011_local_windstorm']; negative 0 []; null 0 []."", ""proxies"": [], ""key_evidence_ids"": [""ev_asset_wind_cyclone_wocat_1577_2013_local_windstorm"", ""ev_asset_wind_cyclone_wocat_1529_2012_local_windstorm"", ""ev_asset_wind_cyclone_wocat_1523_2011_local_windstorm"", ""ev_asset_wind_cyclone_wocat_750_2016_extratropical_cyclone"", ""ev_asset_wind_cyclone_wocat_750_2016_tropical_storm""], ""source_mix"": {""peer_reviewed"": 0, ""grey"": 5, ""expert"": 0}, ""prose_pending"": true}",asset_threat,"[""ev_asset_wind_cyclone_wocat_1529_2012_local_windstorm"", ""ev_asset_wind_cyclone_wocat_750_2016_extratropical_cyclone"", ""ev_asset_wind_cyclone_wocat_750_2016_tropical_storm"", ""ev_asset_wind_cyclone_wocat_1577_2013_local_windstorm"", ""ev_asset_wind_cyclone_wocat_1523_2011_local_windstorm""]",forest_restoration__active_planting,,,"{""income_groups"": {""low"": 1, ""lower_middle"": 1, ""upper_middle"": 2}, ""aezs"": {""unknown"": 4}, ""farming_systems"": {""unknown"": 4}, ""countries"": [""CPV"", ""HND"", ""TKM"", ""UGA""], ""n_sources_in_scope"": 4, ""weight_share_in_context"": 0.5, ""target"": {""income_group"": ""lic_lmic""}, ""transfer_class"": ""adjacent""}",false,limited,high,false,low,
forest_restoration__assisted_regeneration__asset_threat__wind_cyclone,forest_restoration,wind_cyclone,all,,"[prose pending] forest_restoration is slightly damaged by wind_cyclone in NER (limited evidence, high agreement → medium confidence; transfer: in_context).",medium,,false,,"{""statement"": ""forest_restoration is slightly damaged by wind_cyclone in NER (limited evidence, high agreement → medium confidence; transfer: in_context)."", ""strength_basis"": ""quantified"", ""proxy_capped"": false, ""strength_from"": ""pool"", ""evidence_summary"": [""wocat_2325_2017 · practitioner_rating · positive/moderate · (NER; low) · [ev_asset_wind_cyclone_wocat_2325_2017_local_windstorm]"", ""wocat_1626_2014 · practitioner_rating · positive/slight · (NER; low) · [ev_asset_wind_cyclone_wocat_1626_2014_local_windstorm]""], ""agreement_note"": ""weighted sign agreement 1.0: positive 2 ['ev_asset_wind_cyclone_wocat_2325_2017_local_windstorm', 'ev_asset_wind_cyclone_wocat_1626_2014_local_windstorm']; negative 0 []; null 0 []."", ""proxies"": [], ""key_evidence_ids"": [""ev_asset_wind_cyclone_wocat_2325_2017_local_windstorm"", ""ev_asset_wind_cyclone_wocat_1626_2014_local_windstorm""], ""source_mix"": {""peer_reviewed"": 0, ""grey"": 2, ""expert"": 0}, ""prose_pending"": true}",asset_threat,"[""ev_asset_wind_cyclone_wocat_2325_2017_local_windstorm"", ""ev_asset_wind_cyclone_wocat_1626_2014_local_windstorm""]",forest_restoration__assisted_regeneration,,,"{""income_groups"": {""low"": 2}, ""aezs"": {""unknown"": 2}, ""farming_systems"": {""unknown"": 2}, ""countries"": [""NER""], ""n_sources_in_scope"": 2, ""weight_share_in_context"": 1.0, ""target"": {""income_group"": ""lic_lmic""}, ""transfer_class"": ""in_context""}",false,limited,high,false,low,
forest_restoration__mangrove_coastal__asset_threat__wind_cyclone,forest_restoration,wind_cyclone,all,,"[prose pending] forest_restoration is slightly damaged by wind_cyclone in BGD, SEN (limited evidence, high agreement → medium confidence; transfer: in_context).",medium,,false,,"{""statement"": ""forest_restoration is slightly damaged by wind_cyclone in BGD, SEN (limited evidence, high agreement → medium confidence; transfer: in_context)."", ""strength_basis"": ""quantified"", ""proxy_capped"": false, ""strength_from"": ""pool"", ""evidence_summary"": [""wocat_1442_2011 · practitioner_rating · positive/slight · (SEN; lower_middle) · [ev_asset_wind_cyclone_wocat_1442_2011_local_windstorm]"", ""wocat_4300_2019 · practitioner_rating · positive/moderate · (BGD; lower_middle) · [ev_asset_wind_cyclone_wocat_4300_2019_tropical_storm]""], ""agreement_note"": ""weighted sign agreement 1.0: positive 2 ['ev_asset_wind_cyclone_wocat_1442_2011_local_windstorm', 'ev_asset_wind_cyclone_wocat_4300_2019_tropical_storm']; negative 0 []; null 0 []."", ""proxies"": [], ""key_evidence_ids"": [""ev_asset_wind_cyclone_wocat_1442_2011_local_windstorm"", ""ev_asset_wind_cyclone_wocat_4300_2019_tropical_storm""], ""source_mix"": {""peer_reviewed"": 0, ""grey"": 2, ""expert"": 0}, ""prose_pending"": true}",asset_threat,"[""ev_asset_wind_cyclone_wocat_1442_2011_local_windstorm"", ""ev_asset_wind_cyclone_wocat_4300_2019_tropical_storm""]",forest_restoration__mangrove_coastal,,,"{""income_groups"": {""lower_middle"": 2}, ""aezs"": {""unknown"": 2}, ""farming_systems"": {""unknown"": 2}, ""countries"": [""BGD"", ""SEN""], ""n_sources_in_scope"": 2, ""weight_share_in_context"": 1.0, ""target"": {""income_group"": ""lic_lmic""}, ""transfer_class"": ""in_context""}",false,limited,high,false,low,
forest_restoration__passive_regeneration__asset_threat__wind_cyclone,forest_restoration,wind_cyclone,all,,"[prose pending] forest_restoration is slightly damaged by wind_cyclone in TUN (limited evidence, low agreement → very_low confidence; transfer: in_context).",very_low,,false,,"{""statement"": ""forest_restoration is slightly damaged by wind_cyclone in TUN (limited evidence, low agreement → very_low confidence; transfer: in_context)."", ""strength_basis"": ""quantified"", ""proxy_capped"": false, ""strength_from"": ""pool"", ""evidence_summary"": [""wocat_1568_2013 · practitioner_rating · positive/slight · (TUN; lower_middle) · [ev_asset_wind_cyclone_wocat_1568_2013_local_windstorm]""], ""agreement_note"": ""sign agreement undefined (single independent source): positive 1 ['ev_asset_wind_cyclone_wocat_1568_2013_local_windstorm']; negative 0 []; null 0 []."", ""proxies"": [], ""key_evidence_ids"": [""ev_asset_wind_cyclone_wocat_1568_2013_local_windstorm""], ""source_mix"": {""peer_reviewed"": 0, ""grey"": 1, ""expert"": 0}, ""prose_pending"": true}",asset_threat,"[""ev_asset_wind_cyclone_wocat_1568_2013_local_windstorm""]",forest_restoration__passive_regeneration,,,"{""income_groups"": {""lower_middle"": 1}, ""aezs"": {""unknown"": 1}, ""farming_systems"": {""unknown"": 1}, ""countries"": [""TUN""], ""n_sources_in_scope"": 1, ""weight_share_in_context"": 1.0, ""target"": {""income_group"": ""lic_lmic""}, ""transfer_class"": ""in_context""}",false,limited,low,false,low,
forest_restoration__asset_threat__extreme_rainfall,forest_restoration,extreme_rainfall,all,,"[prose pending] forest_restoration is slightly damaged by extreme_rainfall in BGD, ETH, HND, IND, NER, SEN, TKM, UGA (limited evidence, high agreement → medium confidence; transfer: in_context).",medium,,false,,"{""statement"": ""forest_restoration is slightly damaged by extreme_rainfall in BGD, ETH, HND, IND, NER, SEN, TKM, UGA (limited evidence, high agreement → medium confidence; transfer: in_context)."", ""strength_basis"": ""quantified"", ""proxy_capped"": false, ""strength_from"": ""pool"", ""evidence_summary"": [""wocat_750_2016 · practitioner_rating · positive/slight · (HND; lower_middle) · [ev_asset_extreme_rainfall_wocat_750_2016_landslide]"", ""wocat_1577_2013 · practitioner_rating · positive/slight · (UGA; low) · [ev_asset_extreme_rainfall_wocat_1577_2013_local_rainstorm]"", ""wocat_1626_2014 · practitioner_rating · positive/slight · (NER; low) · [ev_asset_extreme_rainfall_wocat_1626_2014_local_rainstorm]"", ""wocat_1442_2011 · practitioner_rating · positive/slight · (SEN; lower_middle) · [ev_asset_extreme_rainfall_wocat_1442_2011_local_rainstorm]"", ""wocat_4300_2019 · practitioner_rating · positive/slight · (BGD; lower_middle) · [ev_asset_extreme_rainfall_wocat_4300_2019_local_thunderstorm]"", ""wocat_4372_2019 · practitioner_rating · positive/strong · (BGD; lower_middle) · [ev_asset_extreme_rainfall_wocat_4372_2019_landslide]"", ""wocat_1598_2014 · practitioner_rating · positive/slight · (ETH; low) · [ev_asset_extreme_rainfall_wocat_1598_2014_local_rainstorm]"", ""wocat_1529_2012 · practitioner_rating · positive/slight · (TKM; upper_middle) · [ev_asset_extreme_rainfall_wocat_1529_2012_local_rainstorm]"", ""wocat_5243_2019 · practitioner_rating · positive/moderate · (IND; lower_middle) · [ev_asset_extreme_rainfall_wocat_5243_2019_local_hailstorm]"", ""wocat_5243_2019 · practitioner_rating · positive/slight · (IND; lower_middle) · [ev_asset_extreme_rainfall_wocat_5243_2019_local_rainstorm]"", ""wocat_5243_2019 · practitioner_rating · positive/slight · (IND; lower_middle) · [ev_asset_extreme_rainfall_wocat_5243_2019_local_thunderstorm]"", ""wocat_5243_2019 · practitioner_rating · positive/moderate · (IND; lower_middle) · [ev_asset_extreme_rainfall_wocat_5243_2019_landslide]""], ""agreement_note"": ""weighted sign agreement 1.0: positive 12 ['ev_asset_extreme_rainfall_wocat_1529_2012_local_rainstorm', 'ev_asset_extreme_rainfall_wocat_750_2016_landslide', 'ev_asset_extreme_rainfall_wocat_1577_2013_local_rainstorm', 'ev_asset_extreme_rainfall_wocat_5243_2019_local_hailstorm', 'ev_asset_extreme_rainfall_wocat_5243_2019_local_rainstorm', 'ev_asset_extreme_rainfall_wocat_5243_2019_local_thunderstorm', 'ev_asset_extreme_rainfall_wocat_5243_2019_landslide', 'ev_asset_extreme_rainfall_wocat_1626_2014_local_rainstorm', 'ev_asset_extreme_rainfall_wocat_1442_2011_local_rainstorm', 'ev_asset_extreme_rainfall_wocat_4300_2019_local_thunderstorm', 'ev_asset_extreme_rainfall_wocat_4372_2019_landslide', 'ev_asset_extreme_rainfall_wocat_1598_2014_local_rainstorm']; negative 0 []; null 0 []."", ""proxies"": [], ""key_evidence_ids"": [""ev_asset_extreme_rainfall_wocat_750_2016_landslide"", ""ev_asset_extreme_rainfall_wocat_1577_2013_local_rainstorm"", ""ev_asset_extreme_rainfall_wocat_1626_2014_local_rainstorm"", ""ev_asset_extreme_rainfall_wocat_1442_2011_local_rainstorm"", ""ev_asset_extreme_rainfall_wocat_4300_2019_local_thunderstorm""], ""source_mix"": {""peer_reviewed"": 0, ""grey"": 12, ""expert"": 0}, ""prose_pending"": true}",asset_threat,"[""ev_asset_extreme_rainfall_wocat_1529_2012_local_rainstorm"", ""ev_asset_extreme_rainfall_wocat_750_2016_landslide"", ""ev_asset_extreme_rainfall_wocat_1577_2013_local_rainstorm"", ""ev_asset_extreme_rainfall_wocat_5243_2019_local_hailstorm"", ""ev_asset_extreme_rainfall_wocat_5243_2019_local_rainstorm"", ""ev_asset_extreme_rainfall_wocat_5243_2019_local_thunderstorm"", ""ev_asset_extreme_rainfall_wocat_5243_2019_landslide"", ""ev_asset_extreme_rainfall_wocat_1626_2014_local_rainstorm"", ""ev_asset_extreme_rainfall_wocat_1442_2011_local_rainstorm"", ""ev_asset_extreme_rainfall_wocat_4300_2019_local_thunderstorm"", ""ev_asset_extreme_rainfall_wocat_4372_2019_landslide"", ""ev_asset_extreme_rainfall_wocat_1598_2014_local_rainstorm""]",,,,"{""income_groups"": {""low"": 3, ""lower_middle"": 5, ""upper_middle"": 1}, ""aezs"": {""unknown"": 9}, ""farming_systems"": {""unknown"": 9}, ""countries"": [""BGD"", ""ETH"", ""HND"", ""IND"", ""NER"", ""SEN"", ""TKM"", ""UGA""], ""n_sources_in_scope"": 9, ""weight_share_in_context"": 0.889, ""target"": {""income_group"": ""lic_lmic""}, ""transfer_class"": ""in_context""}",false,limited,high,false,low,
forest_restoration__active_planting__asset_threat__extreme_rainfall,forest_restoration,extreme_rainfall,all,,"[prose pending] forest_restoration is slightly damaged by extreme_rainfall in HND, TKM, UGA (limited evidence, high agreement → medium confidence; transfer: in_context).",medium,,false,,"{""statement"": ""forest_restoration is slightly damaged by extreme_rainfall in HND, TKM, UGA (limited evidence, high agreement → medium confidence; transfer: in_context)."", ""strength_basis"": ""quantified"", ""proxy_capped"": false, ""strength_from"": ""pool"", ""evidence_summary"": [""wocat_750_2016 · practitioner_rating · positive/slight · (HND; lower_middle) · [ev_asset_extreme_rainfall_wocat_750_2016_landslide]"", ""wocat_1577_2013 · practitioner_rating · positive/slight · (UGA; low) · [ev_asset_extreme_rainfall_wocat_1577_2013_local_rainstorm]"", ""wocat_1529_2012 · practitioner_rating · positive/slight · (TKM; upper_middle) · [ev_asset_extreme_rainfall_wocat_1529_2012_local_rainstorm]""], ""agreement_note"": ""weighted sign agreement 1.0: positive 3 ['ev_asset_extreme_rainfall_wocat_1529_2012_local_rainstorm', 'ev_asset_extreme_rainfall_wocat_750_2016_landslide', 'ev_asset_extreme_rainfall_wocat_1577_2013_local_rainstorm']; negative 0 []; null 0 []."", ""proxies"": [], ""key_evidence_ids"": [""ev_asset_extreme_rainfall_wocat_750_2016_landslide"", ""ev_asset_extreme_rainfall_wocat_1577_2013_local_rainstorm"", ""ev_asset_extreme_rainfall_wocat_1529_2012_local_rainstorm""], ""source_mix"": {""peer_reviewed"": 0, ""grey"": 3, ""expert"": 0}, ""prose_pending"": true}",asset_threat,"[""ev_asset_extreme_rainfall_wocat_1529_2012_local_rainstorm"", ""ev_asset_extreme_rainfall_wocat_750_2016_landslide"", ""ev_asset_extreme_rainfall_wocat_1577_2013_local_rainstorm""]",forest_restoration__active_planting,,,"{""income_groups"": {""low"": 1, ""lower_middle"": 1, ""upper_middle"": 1}, ""aezs"": {""unknown"": 3}, ""farming_systems"": {""unknown"": 3}, ""countries"": [""HND"", ""TKM"", ""UGA""], ""n_sources_in_scope"": 3, ""weight_share_in_context"": 0.667, ""target"": {""income_group"": ""lic_lmic""}, ""transfer_class"": ""in_context""}",false,limited,high,false,low,
forest_restoration__assisted_regeneration__asset_threat__extreme_rainfall,forest_restoration,extreme_rainfall,all,,"[prose pending] forest_restoration is slightly damaged by extreme_rainfall in BGD, NER (limited evidence, high agreement → medium confidence; transfer: in_context).",medium,,false,,"{""statement"": ""forest_restoration is slightly damaged by extreme_rainfall in BGD, NER (limited evidence, high agreement → medium confidence; transfer: in_context)."", ""strength_basis"": ""quantified"", ""proxy_capped"": false, ""strength_from"": ""pool"", ""evidence_summary"": [""wocat_1626_2014 · practitioner_rating · positive/slight · (NER; low) · [ev_asset_extreme_rainfall_wocat_1626_2014_local_rainstorm]"", ""wocat_4372_2019 · practitioner_rating · positive/strong · (BGD; lower_middle) · [ev_asset_extreme_rainfall_wocat_4372_2019_landslide]""], ""agreement_note"": ""weighted sign agreement 1.0: positive 2 ['ev_asset_extreme_rainfall_wocat_1626_2014_local_rainstorm', 'ev_asset_extreme_rainfall_wocat_4372_2019_landslide']; negative 0 []; null 0 []."", ""proxies"": [], ""key_evidence_ids"": [""ev_asset_extreme_rainfall_wocat_1626_2014_local_rainstorm"", ""ev_asset_extreme_rainfall_wocat_4372_2019_landslide""], ""source_mix"": {""peer_reviewed"": 0, ""grey"": 2, ""expert"": 0}, ""prose_pending"": true}",asset_threat,"[""ev_asset_extreme_rainfall_wocat_1626_2014_local_rainstorm"", ""ev_asset_extreme_rainfall_wocat_4372_2019_landslide""]",forest_restoration__assisted_regeneration,,,"{""income_groups"": {""low"": 1, ""lower_middle"": 1}, ""aezs"": {""unknown"": 2}, ""farming_systems"": {""unknown"": 2}, ""countries"": [""BGD"", ""NER""], ""n_sources_in_scope"": 2, ""weight_share_in_context"": 1.0, ""target"": {""income_group"": ""lic_lmic""}, ""transfer_class"": ""in_context""}",false,limited,high,false,low,
forest_restoration__mangrove_coastal__asset_threat__extreme_rainfall,forest_restoration,extreme_rainfall,all,,"[prose pending] forest_restoration is slightly damaged by extreme_rainfall in BGD, SEN (limited evidence, high agreement → medium confidence; transfer: in_context).",medium,,false,,"{""statement"": ""forest_restoration is slightly damaged by extreme_rainfall in BGD, SEN (limited evidence, high agreement → medium confidence; transfer: in_context)."", ""strength_basis"": ""quantified"", ""proxy_capped"": false, ""strength_from"": ""pool"", ""evidence_summary"": [""wocat_1442_2011 · practitioner_rating · positive/slight · (SEN; lower_middle) · [ev_asset_extreme_rainfall_wocat_1442_2011_local_rainstorm]"", ""wocat_4300_2019 · practitioner_rating · positive/slight · (BGD; lower_middle) · [ev_asset_extreme_rainfall_wocat_4300_2019_local_thunderstorm]""], ""agreement_note"": ""weighted sign agreement 1.0: positive 2 ['ev_asset_extreme_rainfall_wocat_1442_2011_local_rainstorm', 'ev_asset_extreme_rainfall_wocat_4300_2019_local_thunderstorm']; negative 0 []; null 0 []."", ""proxies"": [], ""key_evidence_ids"": [""ev_asset_extreme_rainfall_wocat_1442_2011_local_rainstorm"", ""ev_asset_extreme_rainfall_wocat_4300_2019_local_thunderstorm""], ""source_mix"": {""peer_reviewed"": 0, ""grey"": 2, ""expert"": 0}, ""prose_pending"": true}",asset_threat,"[""ev_asset_extreme_rainfall_wocat_1442_2011_local_rainstorm"", ""ev_asset_extreme_rainfall_wocat_4300_2019_local_thunderstorm""]",forest_restoration__mangrove_coastal,,,"{""income_groups"": {""lower_middle"": 2}, ""aezs"": {""unknown"": 2}, ""farming_systems"": {""unknown"": 2}, ""countries"": [""BGD"", ""SEN""], ""n_sources_in_scope"": 2, ""weight_share_in_context"": 1.0, ""target"": {""income_group"": ""lic_lmic""}, ""transfer_class"": ""in_context""}",false,limited,high,false,low,
forest_restoration__passive_regeneration__asset_threat__extreme_rainfall,forest_restoration,extreme_rainfall,all,,"[prose pending] forest_restoration is slightly damaged by extreme_rainfall in ETH (limited evidence, low agreement → very_low confidence; transfer: in_context).",very_low,,false,,"{""statement"": ""forest_restoration is slightly damaged by extreme_rainfall in ETH (limited evidence, low agreement → very_low confidence; transfer: in_context)."", ""strength_basis"": ""quantified"", ""proxy_capped"": false, ""strength_from"": ""pool"", ""evidence_summary"": [""wocat_1598_2014 · practitioner_rating · positive/slight · (ETH; low) · [ev_asset_extreme_rainfall_wocat_1598_2014_local_rainstorm]""], ""agreement_note"": ""sign agreement undefined (single independent source): positive 1 ['ev_asset_extreme_rainfall_wocat_1598_2014_local_rainstorm']; negative 0 []; null 0 []."", ""proxies"": [], ""key_evidence_ids"": [""ev_asset_extreme_rainfall_wocat_1598_2014_local_rainstorm""], ""source_mix"": {""peer_reviewed"": 0, ""grey"": 1, ""expert"": 0}, ""prose_pending"": true}",asset_threat,"[""ev_asset_extreme_rainfall_wocat_1598_2014_local_rainstorm""]",forest_restoration__passive_regeneration,,,"{""income_groups"": {""low"": 1}, ""aezs"": {""unknown"": 1}, ""farming_systems"": {""unknown"": 1}, ""countries"": [""ETH""], ""n_sources_in_scope"": 1, ""weight_share_in_context"": 1.0, ""target"": {""income_group"": ""lic_lmic""}, ""transfer_class"": ""in_context""}",false,limited,low,false,low,
forest_restoration__protection_cbfm__asset_threat__extreme_rainfall,forest_restoration,extreme_rainfall,all,,"[prose pending] forest_restoration is slightly damaged by extreme_rainfall in IND (limited evidence, low agreement → very_low confidence; transfer: in_context).",very_low,,false,,"{""statement"": ""forest_restoration is slightly damaged by extreme_rainfall in IND (limited evidence, low agreement → very_low confidence; transfer: in_context)."", ""strength_basis"": ""quantified"", ""proxy_capped"": false, ""strength_from"": ""pool"", ""evidence_summary"": [""wocat_5243_2019 · practitioner_rating · positive/moderate · (IND; lower_middle) · [ev_asset_extreme_rainfall_wocat_5243_2019_local_hailstorm]"", ""wocat_5243_2019 · practitioner_rating · positive/slight · (IND; lower_middle) · [ev_asset_extreme_rainfall_wocat_5243_2019_local_rainstorm]"", ""wocat_5243_2019 · practitioner_rating · positive/slight · (IND; lower_middle) · [ev_asset_extreme_rainfall_wocat_5243_2019_local_thunderstorm]"", ""wocat_5243_2019 · practitioner_rating · positive/moderate · (IND; lower_middle) · [ev_asset_extreme_rainfall_wocat_5243_2019_landslide]""], ""agreement_note"": ""sign agreement undefined (single independent source): positive 4 ['ev_asset_extreme_rainfall_wocat_5243_2019_local_hailstorm', 'ev_asset_extreme_rainfall_wocat_5243_2019_local_rainstorm', 'ev_asset_extreme_rainfall_wocat_5243_2019_local_thunderstorm', 'ev_asset_extreme_rainfall_wocat_5243_2019_landslide']; negative 0 []; null 0 []."", ""proxies"": [], ""key_evidence_ids"": [""ev_asset_extreme_rainfall_wocat_5243_2019_local_hailstorm"", ""ev_asset_extreme_rainfall_wocat_5243_2019_local_rainstorm"", ""ev_asset_extreme_rainfall_wocat_5243_2019_local_thunderstorm"", ""ev_asset_extreme_rainfall_wocat_5243_2019_landslide""], ""source_mix"": {""peer_reviewed"": 0, ""grey"": 4, ""expert"": 0}, ""prose_pending"": true}",asset_threat,"[""ev_asset_extreme_rainfall_wocat_5243_2019_local_hailstorm"", ""ev_asset_extreme_rainfall_wocat_5243_2019_local_rainstorm"", ""ev_asset_extreme_rainfall_wocat_5243_2019_local_thunderstorm"", ""ev_asset_extreme_rainfall_wocat_5243_2019_landslide""]",forest_restoration__protection_cbfm,,,"{""income_groups"": {""lower_middle"": 1}, ""aezs"": {""unknown"": 1}, ""farming_systems"": {""unknown"": 1}, ""countries"": [""IND""], ""n_sources_in_scope"": 1, ""weight_share_in_context"": 1.0, ""target"": {""income_group"": ""lic_lmic""}, ""transfer_class"": ""in_context""}",false,limited,low,false,low,
