record_id,nbs_id,variable_id,variable_type,effect_direction,effect_confidence,effect_mechanism,conditionality,timescale_of_effect,economic_indicator_type,economic_value_range,justification,economic_archetype_id,evidence_ids,suitability_family_id,scope_type,scope_id,applicability,family_spread,magnitude_summary,evidence_level,agreement_level,context_dependent
water_harvesting_conservation__biodiversity_priority,water_harvesting_conservation,biodiversity_priority,opportunity_space_variable,slight_positive,high,"Zai planting pits on bare, crusted land trap seed, water and organic matter, so herbaceous and woody species re-establish around the pits within a couple of years; small reservoirs are perceived by users to bring greener surroundings and more biodiversity.","All evidence is narrative species counts or user perceptions from Burkina Faso and Ghana, with no comparison against untreated land and no biodiversity metric; two of the zai units restate the same earlier field observation, so the independent base is thinner than the unit count suggests.",,,,"{""statement"": ""water_harvesting_conservation increases biodiversity_priority (strength not quantified in the evidence) in semi_arid (medium evidence, high agreement → high confidence; transfer: in_context)."", ""strength_basis"": ""direction_only"", ""proxy_capped"": false, ""evidence_summary"": [""venot_2012 · observational · positive/unspecified · (GHA; lower_middle) · [ev_biodiversity_outcome_veno12_1]"", ""roose_1993_zai_fr · observational · positive/unspecified · (BFA; low) · [ev_biodiversity_outcome_roose93_1]"", ""zougmore_2014 · observational · positive/unspecified · (BFA; low; semi_arid) · [ev_biodiversity_outcome_zoug14_1]"", ""kabore_reij_2004_ifpri_eptd114_zai · observational · positive/unspecified · (BFA; low; semi_arid) · [ev_biodiversity_outcome_kabo04_1]""], ""agreement_note"": ""weighted sign agreement 1.0: positive 4 ['ev_biodiversity_outcome_zoug14_1', 'ev_biodiversity_outcome_veno12_1', 'ev_biodiversity_outcome_kabo04_1', 'ev_biodiversity_outcome_roose93_1']; negative 0 []; null 0 []."", ""proxies"": [], ""key_evidence_ids"": [""ev_biodiversity_outcome_veno12_1"", ""ev_biodiversity_outcome_roose93_1"", ""ev_biodiversity_outcome_zoug14_1"", ""ev_biodiversity_outcome_kabo04_1""], ""source_mix"": {""peer_reviewed"": 4, ""grey"": 0, ""expert"": 0}, ""prose_pending"": false, ""mechanism"": ""Zai planting pits on bare, crusted land trap seed, water and organic matter, so herbaceous and woody species re-establish around the pits within a couple of years; small reservoirs are perceived by users to bring greener surroundings and more biodiversity."", ""conditionality"": ""All evidence is narrative species counts or user perceptions from Burkina Faso and Ghana, with no comparison against untreated land and no biodiversity metric; two of the zai units restate the same earlier field observation, so the independent base is thinner than the unit count suggests."", ""prose_written"": ""2026-10-06""}",,"[""ev_biodiversity_outcome_zoug14_1"", ""ev_biodiversity_outcome_veno12_1"", ""ev_biodiversity_outcome_kabo04_1"", ""ev_biodiversity_outcome_roose93_1""]",,,,"{""income_groups"": {""low"": 3, ""lower_middle"": 1}, ""aezs"": {""semi_arid"": 2, ""unknown"": 2}, ""farming_systems"": {""unknown"": 4}, ""countries"": [""BFA"", ""GHA""], ""n_sources_in_scope"": 4, ""weight_share_in_context"": 1.0, ""target"": {""income_group"": ""lic_lmic""}, ""transfer_class"": ""in_context""}",false,,medium,high,false
water_harvesting_conservation__water_harvesting__in_situ__biodiversity_priority,water_harvesting_conservation,biodiversity_priority,opportunity_space_variable,slight_positive,high,"Zai pits concentrate runoff, seed and organic matter on crusted, degraded soils, raising germination and the spread of seed so that herbaceous and woody species recolonise formerly bare fields.","Evidence is limited to zai in Burkina Faso and is descriptive (species re-establishing after a few years, revegetation judged very positive), not a measured biodiversity outcome against a control; two units cite the same earlier observation.",,,,"{""statement"": ""water_harvesting_conservation increases biodiversity_priority (strength not quantified in the evidence) in semi_arid (medium evidence, high agreement → high confidence; transfer: in_context)."", ""strength_basis"": ""direction_only"", ""proxy_capped"": false, ""evidence_summary"": [""roose_1993_zai_fr · observational · positive/unspecified · (BFA; low) · [ev_biodiversity_outcome_roose93_1]"", ""zougmore_2014 · observational · positive/unspecified · (BFA; low; semi_arid) · [ev_biodiversity_outcome_zoug14_1]"", ""kabore_reij_2004_ifpri_eptd114_zai · observational · positive/unspecified · (BFA; low; semi_arid) · [ev_biodiversity_outcome_kabo04_1]""], ""agreement_note"": ""weighted sign agreement 1.0: positive 3 ['ev_biodiversity_outcome_zoug14_1', 'ev_biodiversity_outcome_kabo04_1', 'ev_biodiversity_outcome_roose93_1']; negative 0 []; null 0 []."", ""proxies"": [], ""key_evidence_ids"": [""ev_biodiversity_outcome_roose93_1"", ""ev_biodiversity_outcome_zoug14_1"", ""ev_biodiversity_outcome_kabo04_1""], ""source_mix"": {""peer_reviewed"": 3, ""grey"": 0, ""expert"": 0}, ""prose_pending"": false, ""mechanism"": ""Zai pits concentrate runoff, seed and organic matter on crusted, degraded soils, raising germination and the spread of seed so that herbaceous and woody species recolonise formerly bare fields."", ""conditionality"": ""Evidence is limited to zai in Burkina Faso and is descriptive (species re-establishing after a few years, revegetation judged very positive), not a measured biodiversity outcome against a control; two units cite the same earlier observation."", ""prose_written"": ""2026-10-06""}",,"[""ev_biodiversity_outcome_zoug14_1"", ""ev_biodiversity_outcome_kabo04_1"", ""ev_biodiversity_outcome_roose93_1""]",water_harvesting__in_situ,,,"{""income_groups"": {""low"": 3}, ""aezs"": {""semi_arid"": 2, ""unknown"": 1}, ""farming_systems"": {""unknown"": 3}, ""countries"": [""BFA""], ""n_sources_in_scope"": 3, ""weight_share_in_context"": 1.0, ""target"": {""income_group"": ""lic_lmic""}, ""transfer_class"": ""in_context""}",false,,medium,high,false
water_harvesting_conservation__water_harvesting__runoff_catchment__biodiversity_priority,water_harvesting_conservation,biodiversity_priority,opportunity_space_variable,slight_positive,very_low,"Small reservoirs retain water in the landscape, which users associate with greener surroundings and improved biodiversity around the sites.",A single user-perception statement from small reservoirs in Ghana; there is no ecological measurement behind it.,,,,"{""statement"": ""water_harvesting_conservation increases biodiversity_priority (strength not quantified in the evidence) in GHA (limited evidence, low agreement → very_low confidence; transfer: in_context)."", ""strength_basis"": ""direction_only"", ""proxy_capped"": false, ""evidence_summary"": [""venot_2012 · observational · positive/unspecified · (GHA; lower_middle) · [ev_biodiversity_outcome_veno12_1]""], ""agreement_note"": ""sign agreement undefined (single independent source): positive 1 ['ev_biodiversity_outcome_veno12_1']; negative 0 []; null 0 []."", ""proxies"": [], ""key_evidence_ids"": [""ev_biodiversity_outcome_veno12_1""], ""source_mix"": {""peer_reviewed"": 1, ""grey"": 0, ""expert"": 0}, ""prose_pending"": false, ""mechanism"": ""Small reservoirs retain water in the landscape, which users associate with greener surroundings and improved biodiversity around the sites."", ""conditionality"": ""A single user-perception statement from small reservoirs in Ghana; there is no ecological measurement behind it."", ""prose_written"": ""2026-10-06""}",,"[""ev_biodiversity_outcome_veno12_1""]",water_harvesting__runoff_catchment,,,"{""income_groups"": {""lower_middle"": 1}, ""aezs"": {""unknown"": 1}, ""farming_systems"": {""unknown"": 1}, ""countries"": [""GHA""], ""n_sources_in_scope"": 1, ""weight_share_in_context"": 1.0, ""target"": {""income_group"": ""lic_lmic""}, ""transfer_class"": ""in_context""}",false,,limited,low,false
water_harvesting_conservation__carbon_sequestration_potential,water_harvesting_conservation,carbon_sequestration_potential,opportunity_space_variable,slight_positive,low,"Water harvesting pits and infiltration trenches are linked to carbon through soil organic matter: zai fields treated for several years showed higher organic matter and nitrogen, and trenches combined with vegetation raised soil nutrients including soil organic carbon.","Carbon is inferred from a soil organic matter / soil organic carbon proxy, not measured sequestration. The pool is split: trenches in Mexico reduced soil nitrogen and carbon, and a zai trial in Burkina Faso found no significant change in organic matter after two years, so effects appear slow and site-dependent.",short_term_1_3yr,,,"{""statement"": ""water_harvesting_conservation increases carbon_sequestration_potential (strength not quantified in the evidence) in BFA, MEX, PER (medium evidence, low agreement → low confidence; transfer: in_context)."", ""strength_basis"": ""direction_only"", ""proxy_capped"": false, ""evidence_summary"": [""roose_1993_zai_fr · rct · none/unspecified · ns · (BFA; low) · [ev_soil_organic_carbon_roose93_1]"", ""kabore_reij_2004_ifpri_eptd114_zai · observational · positive/unspecified · (BFA; low; semi_arid) · [ev_soil_organic_carbon_kabo04_1]"", ""locatelli_2020_zanjas_es · observational · positive/unspecified · (PER; upper_middle) · [ev_soil_organic_carbon_locat20_1]"", ""locatelli_2020_zanjas_es · observational · negative/unspecified · (MEX; upper_middle) · [ev_soil_organic_carbon_locat20_2]""], ""agreement_note"": ""weighted sign agreement 0.585: positive 2 ['ev_soil_organic_carbon_kabo04_1', 'ev_soil_organic_carbon_locat20_1']; negative 1 ['ev_soil_organic_carbon_locat20_2']; null 1 ['ev_soil_organic_carbon_roose93_1']."", ""proxies"": [""soil_organic_carbon→carbon_sequestration_potential (component)""], ""key_evidence_ids"": [""ev_soil_organic_carbon_roose93_1"", ""ev_soil_organic_carbon_kabo04_1"", ""ev_soil_organic_carbon_locat20_1"", ""ev_soil_organic_carbon_locat20_2""], ""source_mix"": {""peer_reviewed"": 4, ""grey"": 0, ""expert"": 0}, ""prose_pending"": false, ""mechanism"": ""Water harvesting pits and infiltration trenches are linked to carbon through soil organic matter: zai fields treated for several years showed higher organic matter and nitrogen, and trenches combined with vegetation raised soil nutrients including soil organic carbon."", ""conditionality"": ""Carbon is inferred from a soil organic matter / soil organic carbon proxy, not measured sequestration. The pool is split: trenches in Mexico reduced soil nitrogen and carbon, and a zai trial in Burkina Faso found no significant change in organic matter after two years, so effects appear slow and site-dependent."", ""prose_written"": ""2026-10-06""}",,"[""ev_soil_organic_carbon_kabo04_1"", ""ev_soil_organic_carbon_locat20_1"", ""ev_soil_organic_carbon_locat20_2"", ""ev_soil_organic_carbon_roose93_1""]",,,,"{""income_groups"": {""low"": 2, ""upper_middle"": 1}, ""aezs"": {""semi_arid"": 1, ""unknown"": 2}, ""farming_systems"": {""unknown"": 3}, ""countries"": [""BFA"", ""MEX"", ""PER""], ""n_sources_in_scope"": 3, ""weight_share_in_context"": 0.623, ""target"": {""income_group"": ""lic_lmic""}, ""transfer_class"": ""in_context""}",false,,medium,low,false
water_harvesting_conservation__carbon_sequestration_potential__income_group-lic_lmic,water_harvesting_conservation,carbon_sequestration_potential,opportunity_space_variable,slight_positive,low,"In low-income settings the pathway is zai pits building soil organic matter over time, with organic matter and nitrogen higher on fields treated for several years.","Both units are zai in Burkina Faso and measure soil organic matter, a proxy for carbon; one is a secondary citation of an earlier study and the other, a controlled trial, found no significant change in organic matter after two years.",short_term_1_3yr,,,"{""statement"": ""water_harvesting_conservation increases carbon_sequestration_potential (strength not quantified in the evidence) in semi_arid (limited evidence, medium agreement → low confidence; transfer: in_context)."", ""strength_basis"": ""direction_only"", ""proxy_capped"": false, ""evidence_summary"": [""roose_1993_zai_fr · rct · none/unspecified · ns · (BFA; low) · [ev_soil_organic_carbon_roose93_1]"", ""kabore_reij_2004_ifpri_eptd114_zai · observational · positive/unspecified · (BFA; low; semi_arid) · [ev_soil_organic_carbon_kabo04_1]""], ""agreement_note"": ""weighted sign agreement 0.621: positive 1 ['ev_soil_organic_carbon_kabo04_1']; negative 0 []; null 1 ['ev_soil_organic_carbon_roose93_1']."", ""proxies"": [""soil_organic_carbon→carbon_sequestration_potential (component)""], ""key_evidence_ids"": [""ev_soil_organic_carbon_roose93_1"", ""ev_soil_organic_carbon_kabo04_1""], ""source_mix"": {""peer_reviewed"": 2, ""grey"": 0, ""expert"": 0}, ""prose_pending"": false, ""mechanism"": ""In low-income settings the pathway is zai pits building soil organic matter over time, with organic matter and nitrogen higher on fields treated for several years."", ""conditionality"": ""Both units are zai in Burkina Faso and measure soil organic matter, a proxy for carbon; one is a secondary citation of an earlier study and the other, a controlled trial, found no significant change in organic matter after two years."", ""prose_written"": ""2026-10-06""}",,"[""ev_soil_organic_carbon_kabo04_1"", ""ev_soil_organic_carbon_roose93_1""]",,income_group,lic_lmic,"{""income_groups"": {""low"": 2}, ""aezs"": {""semi_arid"": 1, ""unknown"": 1}, ""farming_systems"": {""unknown"": 2}, ""countries"": [""BFA""], ""n_sources_in_scope"": 2, ""weight_share_in_context"": 1.0, ""target"": {""income_group"": ""lic_lmic""}, ""transfer_class"": ""in_context""}",false,,limited,medium,false
water_harvesting_conservation__water_harvesting__in_situ__carbon_sequestration_potential,water_harvesting_conservation,carbon_sequestration_potential,opportunity_space_variable,slight_positive,low,"In-situ structures (zai pits, infiltration trenches) can raise soil organic matter and soil organic carbon by concentrating water and organic inputs, especially when trenches are combined with vegetation.","Soil organic carbon is a proxy for sequestration. Evidence is mixed: trenches in Mexico lowered soil nitrogen and carbon, and short zai trials showed no significant soil change; gains come from multi-year zai or vegetated trenches.",short_term_1_3yr,,,"{""statement"": ""water_harvesting_conservation increases carbon_sequestration_potential (strength not quantified in the evidence) in BFA, MEX, PER (medium evidence, low agreement → low confidence; transfer: in_context)."", ""strength_basis"": ""direction_only"", ""proxy_capped"": false, ""evidence_summary"": [""roose_1993_zai_fr · rct · none/unspecified · ns · (BFA; low) · [ev_soil_organic_carbon_roose93_1]"", ""kabore_reij_2004_ifpri_eptd114_zai · observational · positive/unspecified · (BFA; low; semi_arid) · [ev_soil_organic_carbon_kabo04_1]"", ""locatelli_2020_zanjas_es · observational · positive/unspecified · (PER; upper_middle) · [ev_soil_organic_carbon_locat20_1]"", ""locatelli_2020_zanjas_es · observational · negative/unspecified · (MEX; upper_middle) · [ev_soil_organic_carbon_locat20_2]""], ""agreement_note"": ""weighted sign agreement 0.585: positive 2 ['ev_soil_organic_carbon_kabo04_1', 'ev_soil_organic_carbon_locat20_1']; negative 1 ['ev_soil_organic_carbon_locat20_2']; null 1 ['ev_soil_organic_carbon_roose93_1']."", ""proxies"": [""soil_organic_carbon→carbon_sequestration_potential (component)""], ""key_evidence_ids"": [""ev_soil_organic_carbon_roose93_1"", ""ev_soil_organic_carbon_kabo04_1"", ""ev_soil_organic_carbon_locat20_1"", ""ev_soil_organic_carbon_locat20_2""], ""source_mix"": {""peer_reviewed"": 4, ""grey"": 0, ""expert"": 0}, ""prose_pending"": false, ""mechanism"": ""In-situ structures (zai pits, infiltration trenches) can raise soil organic matter and soil organic carbon by concentrating water and organic inputs, especially when trenches are combined with vegetation."", ""conditionality"": ""Soil organic carbon is a proxy for sequestration. Evidence is mixed: trenches in Mexico lowered soil nitrogen and carbon, and short zai trials showed no significant soil change; gains come from multi-year zai or vegetated trenches."", ""prose_written"": ""2026-10-06""}",,"[""ev_soil_organic_carbon_kabo04_1"", ""ev_soil_organic_carbon_locat20_1"", ""ev_soil_organic_carbon_locat20_2"", ""ev_soil_organic_carbon_roose93_1""]",water_harvesting__in_situ,,,"{""income_groups"": {""low"": 2, ""upper_middle"": 1}, ""aezs"": {""semi_arid"": 1, ""unknown"": 2}, ""farming_systems"": {""unknown"": 3}, ""countries"": [""BFA"", ""MEX"", ""PER""], ""n_sources_in_scope"": 3, ""weight_share_in_context"": 0.623, ""target"": {""income_group"": ""lic_lmic""}, ""transfer_class"": ""in_context""}",false,,medium,low,false
water_harvesting_conservation__cost_per_hectare_restored,water_harvesting_conservation,cost_per_hectare_restored,economic_indicator,,high,"Pooled costs are the up-front works cost per hectare: treatment of sub-watersheds with soil and water conservation works in two India watershed projects, average investment cost of spate-irrigation systems in Yemen (of which farmers paid a share), and rehabilitation of pre-Columbian terraces (andenes) in Peru.","The pool mixes different denominators and practices: watershed treatment cost per treated hectare in India (lender-evaluation figures), the per-hectare investment cost of spate irrigation systems in Yemen from a completion-report beneficiary survey, and a historical rehabilitation cost for Andean terraces in Peru, an upper-middle-income case. Currency years are not stated for most figures, and the India costs are described by the evaluator as high by national norms.",,cost_per_hectare_restored,"{""low"": 217.0, ""high"": 1200.0, ""unit"": ""usd_per_ha"", ""source_note"": ""ieg_2011_india_watershed_cluster_ppar (IND, year n/a); ieg_2011_india_watershed_cluster_ppar (IND, year n/a); wb_2012_yemen_gscp_icr (YEM, year n/a); n=3; band=lic_lmic""}","{""statement"": ""water_harvesting_conservation cost_per_hectare_restored: pooled cost evidence from IND, PER, YEM (medium evidence, high agreement → high confidence; transfer: in_context; value range only when the contract gates pass). Cost class: moderate (usd_per_ha, lic_lmic context)."", ""strength_basis"": ""quantified"", ""proxy_capped"": false, ""evidence_summary"": [""fao_2013_captacion_es · case_study · absolute=2200 usd_per_ha · (PER; upper_middle) · [ev_project_cost_fao13c_1]"", ""wb_2012_yemen_gscp_icr · observational · positive/unspecified · (YEM; low) · [ev_project_cost_yem12_8]"", ""ieg_2011_india_watershed_cluster_ppar · observational · absolute=261 usd_per_ha · (IND; lower_middle) · [ev_project_cost_iegind11_10]"", ""ieg_2011_india_watershed_cluster_ppar · observational · absolute=217 usd_per_ha · (IND; lower_middle) · [ev_project_cost_iegind11_11]""], ""agreement_note"": ""weighted sign agreement 1.0: positive 1 ['ev_project_cost_yem12_8']; negative 0 []; null 3 ['ev_project_cost_iegind11_10', 'ev_project_cost_iegind11_11', 'ev_project_cost_fao13c_1']."", ""proxies"": [], ""key_evidence_ids"": [""ev_project_cost_fao13c_1"", ""ev_project_cost_yem12_8"", ""ev_project_cost_iegind11_10"", ""ev_project_cost_iegind11_11""], ""source_mix"": {""peer_reviewed"": 4, ""grey"": 0, ""expert"": 0}, ""prose_pending"": false, ""mechanism"": ""Pooled costs are the up-front works cost per hectare: treatment of sub-watersheds with soil and water conservation works in two India watershed projects, average investment cost of spate-irrigation systems in Yemen (of which farmers paid a share), and rehabilitation of pre-Columbian terraces (andenes) in Peru."", ""conditionality"": ""The pool mixes different denominators and practices: watershed treatment cost per treated hectare in India (lender-evaluation figures), the per-hectare investment cost of spate irrigation systems in Yemen from a completion-report beneficiary survey, and a historical rehabilitation cost for Andean terraces in Peru, an upper-middle-income case. Currency years are not stated for most figures, and the India costs are described by the evaluator as high by national norms."", ""prose_written"": ""2026-10-06""}",,"[""ev_project_cost_iegind11_10"", ""ev_project_cost_iegind11_11"", ""ev_project_cost_yem12_8"", ""ev_project_cost_fao13c_1""]",,,,"{""income_groups"": {""low"": 1, ""lower_middle"": 1, ""upper_middle"": 1}, ""aezs"": {""unknown"": 3}, ""farming_systems"": {""unknown"": 3}, ""countries"": [""IND"", ""PER"", ""YEM""], ""n_sources_in_scope"": 3, ""weight_share_in_context"": 0.613, ""target"": {""income_group"": ""lic_lmic""}, ""transfer_class"": ""in_context""}",false,"{""metric"": ""absolute"", ""unit"": ""usd_per_ha"", ""median"": 217.0, ""low"": 217.0, ""high"": 261.0, ""n"": 1, ""income_groups"": {""lower_middle"": 1}, ""class"": ""moderate"", ""class_context"": ""lic_lmic"", ""n_excluded_opposite"": 0, ""n_excluded_band"": 1}",medium,high,false
water_harvesting_conservation__water_harvesting__cross_family__cost_per_hectare_restored,water_harvesting_conservation,cost_per_hectare_restored,economic_indicator,,very_low,"Costs are the per-hectare unit cost of watershed treatments (bunds, check dams and other soil and water conservation works) across treated area in two World Bank-supported India watershed projects.","Both figures come from one evaluation of bundled watershed programmes in India and are treatment costs per hectare treated, not per hectare of degraded land restored; the evaluator compares them with national budget norms rather than with outcomes.",,cost_per_hectare_restored,,"{""statement"": ""water_harvesting_conservation cost_per_hectare_restored: pooled cost evidence from IND (limited evidence, low agreement → very_low confidence; transfer: in_context; value range only when the contract gates pass). Cost class: moderate (usd_per_ha, lic_lmic context)."", ""strength_basis"": ""direction_only"", ""proxy_capped"": false, ""evidence_summary"": [""ieg_2011_india_watershed_cluster_ppar · observational · absolute=261 usd_per_ha · (IND; lower_middle) · [ev_project_cost_iegind11_10]"", ""ieg_2011_india_watershed_cluster_ppar · observational · absolute=217 usd_per_ha · (IND; lower_middle) · [ev_project_cost_iegind11_11]""], ""agreement_note"": ""sign agreement undefined (single independent source): positive 0 []; negative 0 []; null 2 ['ev_project_cost_iegind11_10', 'ev_project_cost_iegind11_11']."", ""proxies"": [], ""key_evidence_ids"": [""ev_project_cost_iegind11_10"", ""ev_project_cost_iegind11_11""], ""source_mix"": {""peer_reviewed"": 2, ""grey"": 0, ""expert"": 0}, ""prose_pending"": false, ""mechanism"": ""Costs are the per-hectare unit cost of watershed treatments (bunds, check dams and other soil and water conservation works) across treated area in two World Bank-supported India watershed projects."", ""conditionality"": ""Both figures come from one evaluation of bundled watershed programmes in India and are treatment costs per hectare treated, not per hectare of degraded land restored; the evaluator compares them with national budget norms rather than with outcomes."", ""prose_written"": ""2026-10-06""}",,"[""ev_project_cost_iegind11_10"", ""ev_project_cost_iegind11_11""]",water_harvesting__cross_family,,,"{""income_groups"": {""lower_middle"": 1}, ""aezs"": {""unknown"": 1}, ""farming_systems"": {""unknown"": 1}, ""countries"": [""IND""], ""n_sources_in_scope"": 1, ""weight_share_in_context"": 1.0, ""target"": {""income_group"": ""lic_lmic""}, ""transfer_class"": ""in_context""}",false,"{""metric"": ""absolute"", ""unit"": ""usd_per_ha"", ""median"": 217.0, ""low"": 217.0, ""high"": 261.0, ""n"": 1, ""income_groups"": {""lower_middle"": 1}, ""class"": ""moderate"", ""class_context"": ""lic_lmic"", ""n_excluded_opposite"": 0, ""n_excluded_band"": 0}",limited,low,false
water_harvesting_conservation__water_harvesting__terracing__cost_per_hectare_restored,water_harvesting_conservation,cost_per_hectare_restored,economic_indicator,,very_low,"The single figure is the cost of rehabilitating some pre-Columbian terraces (andenes) in Peru, a heavy earth- and stone-moving intervention.","One historical assessment from an upper-middle-income Andean context, cited secondhand; it is not representative of new terrace construction in LIC/LMIC settings and carries no currency-year adjustment.",,cost_per_hectare_restored,,"{""statement"": ""water_harvesting_conservation cost_per_hectare_restored: pooled cost evidence from PER (limited evidence, low agreement → very_low confidence; transfer: adjacent; value range only when the contract gates pass)."", ""strength_basis"": ""direction_only"", ""proxy_capped"": false, ""evidence_summary"": [""fao_2013_captacion_es · case_study · absolute=2200 usd_per_ha · (PER; upper_middle) · [ev_project_cost_fao13c_1]""], ""agreement_note"": ""sign agreement undefined (single independent source): positive 0 []; negative 0 []; null 1 ['ev_project_cost_fao13c_1']."", ""proxies"": [], ""key_evidence_ids"": [""ev_project_cost_fao13c_1""], ""source_mix"": {""peer_reviewed"": 1, ""grey"": 0, ""expert"": 0}, ""prose_pending"": false, ""mechanism"": ""The single figure is the cost of rehabilitating some pre-Columbian terraces (andenes) in Peru, a heavy earth- and stone-moving intervention."", ""conditionality"": ""One historical assessment from an upper-middle-income Andean context, cited secondhand; it is not representative of new terrace construction in LIC/LMIC settings and carries no currency-year adjustment."", ""prose_written"": ""2026-10-06""}",,"[""ev_project_cost_fao13c_1""]",water_harvesting__terracing,,,"{""income_groups"": {""upper_middle"": 1}, ""aezs"": {""unknown"": 1}, ""farming_systems"": {""unknown"": 1}, ""countries"": [""PER""], ""n_sources_in_scope"": 1, ""weight_share_in_context"": 0.0, ""target"": {""income_group"": ""lic_lmic""}, ""transfer_class"": ""adjacent""}",false,,limited,low,false
water_harvesting_conservation__cost_reduction,water_harvesting_conservation,cost_reduction,economic_indicator,,medium,"Pooled units describe how siting and implementer affect what structures cost: in Karnataka, land-resource-inventory planning avoided unnecessary structures and lowered the construction cost of soil and water conservation works per hectare versus a conventional programme; in Ghana, the share of small dams rehabilitated below given per-irrigated-hectare cost thresholds differed between government and donor/NGO implementers.","Both are from lower-middle-income countries but measure different things: the India figure is an absolute construction cost per hectare from a lender completion report (the saving is relative to another SWC programme, not to no intervention), and the Ghana figure is a distribution of dam rehabilitation costs by implementer, not a cost reduction.",,cost_reduction,,"{""statement"": ""water_harvesting_conservation cost_reduction: pooled cost evidence from GHA, IND (limited evidence, high agreement → medium confidence; transfer: in_context; value range only when the contract gates pass)."", ""strength_basis"": ""direction_only"", ""proxy_capped"": false, ""evidence_summary"": [""venot_2012 · observational · positive/unspecified · (GHA; lower_middle) · [ev_project_cost_veno12_1]"", ""wb_2020_karnataka2_watershed_icr · observational · negative/unspecified · absolute=14228 inr_per_ha · (IND; lower_middle) · [ev_project_cost_kar20_5]""], ""agreement_note"": ""weighted sign agreement 0.811: positive 1 ['ev_project_cost_kar20_5']; negative 1 ['ev_project_cost_veno12_1']; null 0 []."", ""proxies"": [], ""key_evidence_ids"": [""ev_project_cost_veno12_1"", ""ev_project_cost_kar20_5""], ""source_mix"": {""peer_reviewed"": 2, ""grey"": 0, ""expert"": 0}, ""prose_pending"": false, ""mechanism"": ""Pooled units describe how siting and implementer affect what structures cost: in Karnataka, land-resource-inventory planning avoided unnecessary structures and lowered the construction cost of soil and water conservation works per hectare versus a conventional programme; in Ghana, the share of small dams rehabilitated below given per-irrigated-hectare cost thresholds differed between government and donor/NGO implementers."", ""conditionality"": ""Both are from lower-middle-income countries but measure different things: the India figure is an absolute construction cost per hectare from a lender completion report (the saving is relative to another SWC programme, not to no intervention), and the Ghana figure is a distribution of dam rehabilitation costs by implementer, not a cost reduction."", ""prose_written"": ""2026-10-06""}",,"[""ev_project_cost_veno12_1"", ""ev_project_cost_kar20_5""]",,,,"{""income_groups"": {""lower_middle"": 2}, ""aezs"": {""unknown"": 2}, ""farming_systems"": {""unknown"": 2}, ""countries"": [""GHA"", ""IND""], ""n_sources_in_scope"": 2, ""weight_share_in_context"": 1.0, ""target"": {""income_group"": ""lic_lmic""}, ""transfer_class"": ""in_context""}",false,"{""metric"": ""absolute"", ""unit"": ""inr_per_ha"", ""median"": 14228.0, ""low"": 14228.0, ""high"": 14228.0, ""n"": 1, ""income_groups"": {""lower_middle"": 1}, ""class"": ""unspecified"", ""class_context"": ""lic_lmic"", ""n_excluded_opposite"": 0, ""n_excluded_band"": 0}",limited,high,false
water_harvesting_conservation__water_harvesting__cross_family__cost_reduction,water_harvesting_conservation,cost_reduction,economic_indicator,,very_low,"Better-sited planning based on a land resource inventory avoided unnecessary structures, so construction of soil and water conservation works cost less per hectare than under the conventional integrated watershed programme.","Single lender completion-report figure from Karnataka, India, in local currency at stated price terms; the comparison is against another watershed programme, so it shows a saving from planning rather than the cost of SWC versus no SWC.",,cost_reduction,,"{""statement"": ""water_harvesting_conservation cost_reduction: pooled cost evidence from IND (limited evidence, low agreement → very_low confidence; transfer: in_context; value range only when the contract gates pass)."", ""strength_basis"": ""direction_only"", ""proxy_capped"": false, ""evidence_summary"": [""wb_2020_karnataka2_watershed_icr · observational · negative/unspecified · absolute=14228 inr_per_ha · (IND; lower_middle) · [ev_project_cost_kar20_5]""], ""agreement_note"": ""sign agreement undefined (single independent source): positive 1 ['ev_project_cost_kar20_5']; negative 0 []; null 0 []."", ""proxies"": [], ""key_evidence_ids"": [""ev_project_cost_kar20_5""], ""source_mix"": {""peer_reviewed"": 1, ""grey"": 0, ""expert"": 0}, ""prose_pending"": false, ""mechanism"": ""Better-sited planning based on a land resource inventory avoided unnecessary structures, so construction of soil and water conservation works cost less per hectare than under the conventional integrated watershed programme."", ""conditionality"": ""Single lender completion-report figure from Karnataka, India, in local currency at stated price terms; the comparison is against another watershed programme, so it shows a saving from planning rather than the cost of SWC versus no SWC."", ""prose_written"": ""2026-10-06""}",,"[""ev_project_cost_kar20_5""]",water_harvesting__cross_family,,,"{""income_groups"": {""lower_middle"": 1}, ""aezs"": {""unknown"": 1}, ""farming_systems"": {""unknown"": 1}, ""countries"": [""IND""], ""n_sources_in_scope"": 1, ""weight_share_in_context"": 1.0, ""target"": {""income_group"": ""lic_lmic""}, ""transfer_class"": ""in_context""}",false,"{""metric"": ""absolute"", ""unit"": ""inr_per_ha"", ""median"": 14228.0, ""low"": 14228.0, ""high"": 14228.0, ""n"": 1, ""income_groups"": {""lower_middle"": 1}, ""class"": ""unspecified"", ""class_context"": ""lic_lmic"", ""n_excluded_opposite"": 0, ""n_excluded_band"": 0}",limited,low,false
water_harvesting_conservation__water_harvesting__runoff_catchment__cost_reduction,water_harvesting_conservation,cost_reduction,economic_indicator,,very_low,"The unit reports how often rehabilitated small dams in Ghana came in under per-irrigated-hectare cost thresholds, comparing the government irrigation authority with donor and NGO implementers.","This is a cost distribution by implementer for reservoir rehabilitation, not a measured cost reduction from water harvesting; treat it as context on rehabilitation cost variability.",,cost_reduction,,"{""statement"": ""water_harvesting_conservation cost_reduction: pooled cost evidence from GHA (limited evidence, low agreement → very_low confidence; transfer: in_context; value range only when the contract gates pass)."", ""strength_basis"": ""direction_only"", ""proxy_capped"": false, ""evidence_summary"": [""venot_2012 · observational · positive/unspecified · (GHA; lower_middle) · [ev_project_cost_veno12_1]""], ""agreement_note"": ""sign agreement undefined (single independent source): positive 0 []; negative 1 ['ev_project_cost_veno12_1']; null 0 []."", ""proxies"": [], ""key_evidence_ids"": [""ev_project_cost_veno12_1""], ""source_mix"": {""peer_reviewed"": 1, ""grey"": 0, ""expert"": 0}, ""prose_pending"": false, ""mechanism"": ""The unit reports how often rehabilitated small dams in Ghana came in under per-irrigated-hectare cost thresholds, comparing the government irrigation authority with donor and NGO implementers."", ""conditionality"": ""This is a cost distribution by implementer for reservoir rehabilitation, not a measured cost reduction from water harvesting; treat it as context on rehabilitation cost variability."", ""prose_written"": ""2026-10-06""}",,"[""ev_project_cost_veno12_1""]",water_harvesting__runoff_catchment,,,"{""income_groups"": {""lower_middle"": 1}, ""aezs"": {""unknown"": 1}, ""farming_systems"": {""unknown"": 1}, ""countries"": [""GHA""], ""n_sources_in_scope"": 1, ""weight_share_in_context"": 1.0, ""target"": {""income_group"": ""lic_lmic""}, ""transfer_class"": ""in_context""}",false,,limited,low,false
water_harvesting_conservation__drought_hazard,water_harvesting_conservation,drought_hazard,climate_hazard_mitigation,slight_positive,very_high,"Stored or infiltrated water buffers dry periods: zai pits hold soil water so crops survive short dry spells, cisterns and runoff ponds supply supplemental irrigation and livestock water during droughts, and watershed works raise water availability so households and watersheds cope better with drought.","Most units are narrative or expert assertions (Embrapa and cistern-programme authors in Brazil, a lender review in China) with no drought metric; the strongest is an independent DIME evaluation in Rwanda reported through a completion report, and an Ethiopian public-works study notes vegetation still tracks local drought severity. The zai effect is conditional on enough soil water storage capacity.",immediate,,,"{""statement"": ""water_harvesting_conservation reduces the impact of drought_hazard (strength not quantified in the evidence) in BFA, BRA, CHN, ETH, RWA (robust evidence, high agreement → very_high confidence; transfer: in_context)."", ""strength_basis"": ""direction_only"", ""proxy_capped"": false, ""evidence_summary"": [""roose_1993_zai_fr · expert · negative/unspecified · (BFA; low) · [ev_drought_hazard_roose93_1]"", ""ieg_2007_china_loess2_ppar · observational · negative/unspecified · (CHN; lower_middle) · [ev_drought_hazard_iegchn07_4]"", ""saruchera_2019 · observational · negative/unspecified · [ev_drought_hazard_saru19_1]"", ""arega_2024_ifpri_ilssi_psnp_public_works · model · negative/unspecified · (ETH; low) · [ev_drought_hazard_arega24_4]"", ""castro_2022_ipea_cisternas_pt · expert · negative/unspecified · (BRA; upper_middle; semi_arid) · [ev_drought_hazard_castro22_2]"", ""brito_2007_embrapa_aguachuva_pt · expert · negative/unspecified · (BRA; upper_middle; semi_arid) · [ev_drought_hazard_brito07_10]"", ""wb_2018_rwanda_lwh_icr · quasi_experimental · negative/unspecified · (RWA; low) · [ev_drought_hazard_rwa18_6]""], ""agreement_note"": ""weighted sign agreement 1.0: positive 7 ['ev_drought_hazard_saru19_1', 'ev_drought_hazard_iegchn07_4', 'ev_drought_hazard_arega24_4', 'ev_drought_hazard_rwa18_6', 'ev_drought_hazard_roose93_1', 'ev_drought_hazard_castro22_2', 'ev_drought_hazard_brito07_10']; negative 0 []; null 0 []."", ""proxies"": [], ""key_evidence_ids"": [""ev_drought_hazard_roose93_1"", ""ev_drought_hazard_iegchn07_4"", ""ev_drought_hazard_saru19_1"", ""ev_drought_hazard_arega24_4"", ""ev_drought_hazard_castro22_2""], ""source_mix"": {""peer_reviewed"": 7, ""grey"": 0, ""expert"": 0}, ""prose_pending"": false, ""mechanism"": ""Stored or infiltrated water buffers dry periods: zai pits hold soil water so crops survive short dry spells, cisterns and runoff ponds supply supplemental irrigation and livestock water during droughts, and watershed works raise water availability so households and watersheds cope better with drought."", ""conditionality"": ""Most units are narrative or expert assertions (Embrapa and cistern-programme authors in Brazil, a lender review in China) with no drought metric; the strongest is an independent DIME evaluation in Rwanda reported through a completion report, and an Ethiopian public-works study notes vegetation still tracks local drought severity. The zai effect is conditional on enough soil water storage capacity."", ""prose_written"": ""2026-10-06""}",,"[""ev_drought_hazard_saru19_1"", ""ev_drought_hazard_iegchn07_4"", ""ev_drought_hazard_arega24_4"", ""ev_drought_hazard_rwa18_6"", ""ev_drought_hazard_roose93_1"", ""ev_drought_hazard_castro22_2"", ""ev_drought_hazard_brito07_10""]",,,,"{""income_groups"": {""low"": 3, ""lower_middle"": 1, ""unknown"": 1, ""upper_middle"": 2}, ""aezs"": {""semi_arid"": 2, ""unknown"": 5}, ""farming_systems"": {""unknown"": 7}, ""countries"": [""BFA"", ""BRA"", ""CHN"", ""ETH"", ""RWA""], ""n_sources_in_scope"": 7, ""weight_share_in_context"": 0.59, ""target"": {""income_group"": ""lic_lmic""}, ""transfer_class"": ""in_context""}",false,,robust,high,false
water_harvesting_conservation__water_harvesting__cross_family__drought_hazard,water_harvesting_conservation,drought_hazard,climate_hazard_mitigation,slight_positive,medium,"Watershed works and production cisterns increase stored water, which improves watershed drought resilience and can reduce livestock deaths in severe droughts.","One Ethiopian public-works study (bundled area closures, small-scale irrigation and SWC) and one Brazilian cistern-programme expert statement framed as a potential effect; neither quantifies drought impacts.",,,,"{""statement"": ""water_harvesting_conservation reduces the impact of drought_hazard (strength not quantified in the evidence) in semi_arid (limited evidence, high agreement → medium confidence; transfer: adjacent)."", ""strength_basis"": ""direction_only"", ""proxy_capped"": false, ""evidence_summary"": [""arega_2024_ifpri_ilssi_psnp_public_works · model · negative/unspecified · (ETH; low) · [ev_drought_hazard_arega24_4]"", ""castro_2022_ipea_cisternas_pt · expert · negative/unspecified · (BRA; upper_middle; semi_arid) · [ev_drought_hazard_castro22_2]""], ""agreement_note"": ""weighted sign agreement 1.0: positive 2 ['ev_drought_hazard_arega24_4', 'ev_drought_hazard_castro22_2']; negative 0 []; null 0 []."", ""proxies"": [], ""key_evidence_ids"": [""ev_drought_hazard_arega24_4"", ""ev_drought_hazard_castro22_2""], ""source_mix"": {""peer_reviewed"": 2, ""grey"": 0, ""expert"": 0}, ""prose_pending"": false, ""mechanism"": ""Watershed works and production cisterns increase stored water, which improves watershed drought resilience and can reduce livestock deaths in severe droughts."", ""conditionality"": ""One Ethiopian public-works study (bundled area closures, small-scale irrigation and SWC) and one Brazilian cistern-programme expert statement framed as a potential effect; neither quantifies drought impacts."", ""prose_written"": ""2026-10-06""}",,"[""ev_drought_hazard_arega24_4"", ""ev_drought_hazard_castro22_2""]",water_harvesting__cross_family,,,"{""income_groups"": {""low"": 1, ""upper_middle"": 1}, ""aezs"": {""semi_arid"": 1, ""unknown"": 1}, ""farming_systems"": {""unknown"": 2}, ""countries"": [""BRA"", ""ETH""], ""n_sources_in_scope"": 2, ""weight_share_in_context"": 0.444, ""target"": {""income_group"": ""lic_lmic""}, ""transfer_class"": ""adjacent""}",false,,limited,high,false
water_harvesting_conservation__water_harvesting__in_situ__drought_hazard,water_harvesting_conservation,drought_hazard,climate_hazard_mitigation,slight_positive,very_low,"Zai pits concentrate runoff into the root zone, so crops can ride out a dry spell of two to three weeks.","Single expert statement from Burkina Faso, explicitly conditional on the soil having sufficient water storage capacity.",immediate,,,"{""statement"": ""water_harvesting_conservation reduces the impact of drought_hazard (strength not quantified in the evidence) in BFA (limited evidence, low agreement → very_low confidence; transfer: in_context)."", ""strength_basis"": ""direction_only"", ""proxy_capped"": false, ""evidence_summary"": [""roose_1993_zai_fr · expert · negative/unspecified · (BFA; low) · [ev_drought_hazard_roose93_1]""], ""agreement_note"": ""sign agreement undefined (single independent source): positive 1 ['ev_drought_hazard_roose93_1']; negative 0 []; null 0 []."", ""proxies"": [], ""key_evidence_ids"": [""ev_drought_hazard_roose93_1""], ""source_mix"": {""peer_reviewed"": 1, ""grey"": 0, ""expert"": 0}, ""prose_pending"": false, ""mechanism"": ""Zai pits concentrate runoff into the root zone, so crops can ride out a dry spell of two to three weeks."", ""conditionality"": ""Single expert statement from Burkina Faso, explicitly conditional on the soil having sufficient water storage capacity."", ""prose_written"": ""2026-10-06""}",,"[""ev_drought_hazard_roose93_1""]",water_harvesting__in_situ,,,"{""income_groups"": {""low"": 1}, ""aezs"": {""unknown"": 1}, ""farming_systems"": {""unknown"": 1}, ""countries"": [""BFA""], ""n_sources_in_scope"": 1, ""weight_share_in_context"": 1.0, ""target"": {""income_group"": ""lic_lmic""}, ""transfer_class"": ""in_context""}",false,,limited,low,false
water_harvesting_conservation__water_harvesting__runoff_catchment__drought_hazard,water_harvesting_conservation,drought_hazard,climate_hazard_mitigation,slight_positive,high,"Cisterns and runoff ponds store water that is used as supplemental (rescue) irrigation during in-season dry spells or for households, reducing crop losses in irregular-rainfall years.","Evidence is narrative: an Embrapa expert account from semi-arid Brazil, a lender review asserting cisterns in China mitigate drought without measurement, and a review vote count; no drought-loss metric is reported.",,,,"{""statement"": ""water_harvesting_conservation reduces the impact of drought_hazard (strength not quantified in the evidence) in BRA, CHN (medium evidence, high agreement → high confidence; transfer: adjacent)."", ""strength_basis"": ""direction_only"", ""proxy_capped"": false, ""evidence_summary"": [""ieg_2007_china_loess2_ppar · observational · negative/unspecified · (CHN; lower_middle) · [ev_drought_hazard_iegchn07_4]"", ""saruchera_2019 · observational · negative/unspecified · [ev_drought_hazard_saru19_1]"", ""brito_2007_embrapa_aguachuva_pt · expert · negative/unspecified · (BRA; upper_middle; semi_arid) · [ev_drought_hazard_brito07_10]""], ""agreement_note"": ""weighted sign agreement 1.0: positive 3 ['ev_drought_hazard_saru19_1', 'ev_drought_hazard_iegchn07_4', 'ev_drought_hazard_brito07_10']; negative 0 []; null 0 []."", ""proxies"": [], ""key_evidence_ids"": [""ev_drought_hazard_iegchn07_4"", ""ev_drought_hazard_saru19_1"", ""ev_drought_hazard_brito07_10""], ""source_mix"": {""peer_reviewed"": 3, ""grey"": 0, ""expert"": 0}, ""prose_pending"": false, ""mechanism"": ""Cisterns and runoff ponds store water that is used as supplemental (rescue) irrigation during in-season dry spells or for households, reducing crop losses in irregular-rainfall years."", ""conditionality"": ""Evidence is narrative: an Embrapa expert account from semi-arid Brazil, a lender review asserting cisterns in China mitigate drought without measurement, and a review vote count; no drought-loss metric is reported."", ""prose_written"": ""2026-10-06""}",,"[""ev_drought_hazard_saru19_1"", ""ev_drought_hazard_iegchn07_4"", ""ev_drought_hazard_brito07_10""]",water_harvesting__runoff_catchment,,,"{""income_groups"": {""lower_middle"": 1, ""unknown"": 1, ""upper_middle"": 1}, ""aezs"": {""semi_arid"": 1, ""unknown"": 2}, ""farming_systems"": {""unknown"": 3}, ""countries"": [""BRA"", ""CHN""], ""n_sources_in_scope"": 3, ""weight_share_in_context"": 0.423, ""target"": {""income_group"": ""lic_lmic""}, ""transfer_class"": ""adjacent""}",false,,medium,high,false
water_harvesting_conservation__water_harvesting__terracing__drought_hazard,water_harvesting_conservation,drought_hazard,climate_hazard_mitigation,slight_positive,very_low,Households in a terracing-centred land husbandry project were more resilient to drought and recovered faster than comparison households.,"One independent DIME impact evaluation in Rwanda, reported through the World Bank completion report without a magnitude or outcome metric; the project bundled terracing with other land husbandry and irrigation investments.",,,,"{""statement"": ""water_harvesting_conservation reduces the impact of drought_hazard (strength not quantified in the evidence) in RWA (limited evidence, low agreement → very_low confidence; transfer: in_context)."", ""strength_basis"": ""direction_only"", ""proxy_capped"": false, ""evidence_summary"": [""wb_2018_rwanda_lwh_icr · quasi_experimental · negative/unspecified · (RWA; low) · [ev_drought_hazard_rwa18_6]""], ""agreement_note"": ""sign agreement undefined (single independent source): positive 1 ['ev_drought_hazard_rwa18_6']; negative 0 []; null 0 []."", ""proxies"": [], ""key_evidence_ids"": [""ev_drought_hazard_rwa18_6""], ""source_mix"": {""peer_reviewed"": 1, ""grey"": 0, ""expert"": 0}, ""prose_pending"": false, ""mechanism"": ""Households in a terracing-centred land husbandry project were more resilient to drought and recovered faster than comparison households."", ""conditionality"": ""One independent DIME impact evaluation in Rwanda, reported through the World Bank completion report without a magnitude or outcome metric; the project bundled terracing with other land husbandry and irrigation investments."", ""prose_written"": ""2026-10-06""}",,"[""ev_drought_hazard_rwa18_6""]",water_harvesting__terracing,,,"{""income_groups"": {""low"": 1}, ""aezs"": {""unknown"": 1}, ""farming_systems"": {""unknown"": 1}, ""countries"": [""RWA""], ""n_sources_in_scope"": 1, ""weight_share_in_context"": 1.0, ""target"": {""income_group"": ""lic_lmic""}, ""transfer_class"": ""in_context""}",false,,limited,low,false
water_harvesting_conservation__establishment_cost,water_harvesting_conservation,establishment_cost,economic_indicator,,very_low,"Establishment costs pooled here are the up-front costs of building or rehabilitating structures: soil and water conservation treatments per hectare in two India watershed projects, average investment cost per hectare of spate-irrigation systems in Yemen (with the farmer's share), and rehabilitation of Andean terraces in Peru.","The pool mixes different denominators and practices: watershed treatment cost per treated hectare in India (lender-evaluation figures), the per-hectare investment cost of spate irrigation systems in Yemen from a completion-report beneficiary survey, and a historical rehabilitation cost for Andean terraces in Peru, an upper-middle-income case. Currency years are not stated for most figures, and the India costs are described by the evaluator as high by national norms.",,establishment_cost,,"{""statement"": ""water_harvesting_conservation establishment_cost: pooled cost evidence from IND (limited evidence, low agreement → very_low confidence; transfer: in_context; value range only when the contract gates pass). Cost class: moderate (usd_per_m3, lic_lmic context)."", ""strength_basis"": ""direction_only"", ""proxy_capped"": false, ""evidence_summary"": [""wb_2017_hp_midhimalayan_icr · observational · positive/unspecified · absolute=1570 usd_per_structure · (IND; lower_middle) · [ev_project_cost_hp17_3]"", ""wb_2017_hp_midhimalayan_icr · observational · positive/unspecified · absolute=257 usd_per_structure · (IND; lower_middle) · [ev_project_cost_hp17_4]"", ""wb_2017_hp_midhimalayan_icr · observational · positive/unspecified · absolute=19 usd_per_m3 · (IND; lower_middle) · [ev_project_cost_hp17_5]""], ""agreement_note"": ""sign agreement undefined (single independent source): positive 3 ['ev_project_cost_hp17_3', 'ev_project_cost_hp17_4', 'ev_project_cost_hp17_5']; negative 0 []; null 0 []."", ""proxies"": [], ""key_evidence_ids"": [""ev_project_cost_hp17_3"", ""ev_project_cost_hp17_4"", ""ev_project_cost_hp17_5""], ""source_mix"": {""peer_reviewed"": 3, ""grey"": 0, ""expert"": 0}, ""prose_pending"": false, ""mechanism"": ""Establishment costs pooled here are the up-front costs of building or rehabilitating structures: soil and water conservation treatments per hectare in two India watershed projects, average investment cost per hectare of spate-irrigation systems in Yemen (with the farmer's share), and rehabilitation of Andean terraces in Peru."", ""conditionality"": ""The pool mixes different denominators and practices: watershed treatment cost per treated hectare in India (lender-evaluation figures), the per-hectare investment cost of spate irrigation systems in Yemen from a completion-report beneficiary survey, and a historical rehabilitation cost for Andean terraces in Peru, an upper-middle-income case. Currency years are not stated for most figures, and the India costs are described by the evaluator as high by national norms."", ""prose_written"": ""2026-10-06""}",,"[""ev_project_cost_hp17_3"", ""ev_project_cost_hp17_4"", ""ev_project_cost_hp17_5""]",,,,"{""income_groups"": {""lower_middle"": 1}, ""aezs"": {""unknown"": 1}, ""farming_systems"": {""unknown"": 1}, ""countries"": [""IND""], ""n_sources_in_scope"": 1, ""weight_share_in_context"": 1.0, ""target"": {""income_group"": ""lic_lmic""}, ""transfer_class"": ""in_context""}",false,"{""metric"": ""absolute"", ""unit"": ""usd_per_m3"", ""median"": 19.0, ""low"": 19.0, ""high"": 19.0, ""n"": 1, ""income_groups"": {""lower_middle"": 1}, ""class"": ""moderate"", ""class_context"": ""lic_lmic"", ""n_excluded_opposite"": 0, ""n_excluded_band"": 0}",limited,low,false
water_harvesting_conservation__water_harvesting__rooftop__establishment_cost,water_harvesting_conservation,establishment_cost,economic_indicator,,very_low,"The pooled cost is the average construction cost of a roof rainwater-harvesting tank under the Himachal Pradesh mid-Himalayan watershed project in India, reported per structure from the project's output table.","A single lender completion report, self-reported from physical and financial monitoring; the figure is a nominal rupee average over the project years converted at one exchange rate, so it indicates the order of cost of a household tank rather than a transferable unit rate.",,establishment_cost,,"{""statement"": ""water_harvesting_conservation establishment_cost: pooled cost evidence from IND (limited evidence, low agreement → very_low confidence; transfer: in_context; value range only when the contract gates pass). Cost class: small (usd_per_structure, lic_lmic context)."", ""strength_basis"": ""direction_only"", ""proxy_capped"": false, ""evidence_summary"": [""wb_2017_hp_midhimalayan_icr · observational · positive/unspecified · absolute=257 usd_per_structure · (IND; lower_middle) · [ev_project_cost_hp17_4]""], ""agreement_note"": ""sign agreement undefined (single independent source): positive 1 ['ev_project_cost_hp17_4']; negative 0 []; null 0 []."", ""proxies"": [], ""key_evidence_ids"": [""ev_project_cost_hp17_4""], ""source_mix"": {""peer_reviewed"": 1, ""grey"": 0, ""expert"": 0}, ""prose_pending"": false, ""mechanism"": ""The pooled cost is the average construction cost of a roof rainwater-harvesting tank under the Himachal Pradesh mid-Himalayan watershed project in India, reported per structure from the project's output table."", ""conditionality"": ""A single lender completion report, self-reported from physical and financial monitoring; the figure is a nominal rupee average over the project years converted at one exchange rate, so it indicates the order of cost of a household tank rather than a transferable unit rate."", ""prose_written"": ""2026-10-06""}",,"[""ev_project_cost_hp17_4""]",water_harvesting__rooftop,,,"{""income_groups"": {""lower_middle"": 1}, ""aezs"": {""unknown"": 1}, ""farming_systems"": {""unknown"": 1}, ""countries"": [""IND""], ""n_sources_in_scope"": 1, ""weight_share_in_context"": 1.0, ""target"": {""income_group"": ""lic_lmic""}, ""transfer_class"": ""in_context""}",false,"{""metric"": ""absolute"", ""unit"": ""usd_per_structure"", ""median"": 257.0, ""low"": 257.0, ""high"": 257.0, ""n"": 1, ""income_groups"": {""lower_middle"": 1}, ""class"": ""slight"", ""class_context"": ""lic_lmic"", ""n_excluded_opposite"": 0, ""n_excluded_band"": 0}",limited,low,false
water_harvesting_conservation__water_harvesting__runoff_catchment__establishment_cost,water_harvesting_conservation,establishment_cost,economic_indicator,,very_low,"The pooled costs are average construction costs of village ponds or tanks per structure and of dry-stone drainage-line check dams per cubic metre of structure, from the output table of the Himachal Pradesh mid-Himalayan watershed project in India.","One lender completion report, self-reported from project monitoring, in nominal rupees converted at a single exchange rate; the per-cubic-metre figure is per cubic metre of masonry built, not per cubic metre of water stored, so it is not comparable with storage-cost figures and the cost class should be read with that denominator in mind.",,establishment_cost,,"{""statement"": ""water_harvesting_conservation establishment_cost: pooled cost evidence from IND (limited evidence, low agreement → very_low confidence; transfer: in_context; value range only when the contract gates pass). Cost class: moderate (usd_per_m3, lic_lmic context)."", ""strength_basis"": ""direction_only"", ""proxy_capped"": false, ""evidence_summary"": [""wb_2017_hp_midhimalayan_icr · observational · positive/unspecified · absolute=1570 usd_per_structure · (IND; lower_middle) · [ev_project_cost_hp17_3]"", ""wb_2017_hp_midhimalayan_icr · observational · positive/unspecified · absolute=19 usd_per_m3 · (IND; lower_middle) · [ev_project_cost_hp17_5]""], ""agreement_note"": ""sign agreement undefined (single independent source): positive 2 ['ev_project_cost_hp17_3', 'ev_project_cost_hp17_5']; negative 0 []; null 0 []."", ""proxies"": [], ""key_evidence_ids"": [""ev_project_cost_hp17_3"", ""ev_project_cost_hp17_5""], ""source_mix"": {""peer_reviewed"": 2, ""grey"": 0, ""expert"": 0}, ""prose_pending"": false, ""mechanism"": ""The pooled costs are average construction costs of village ponds or tanks per structure and of dry-stone drainage-line check dams per cubic metre of structure, from the output table of the Himachal Pradesh mid-Himalayan watershed project in India."", ""conditionality"": ""One lender completion report, self-reported from project monitoring, in nominal rupees converted at a single exchange rate; the per-cubic-metre figure is per cubic metre of masonry built, not per cubic metre of water stored, so it is not comparable with storage-cost figures and the cost class should be read with that denominator in mind."", ""prose_written"": ""2026-10-06""}",,"[""ev_project_cost_hp17_3"", ""ev_project_cost_hp17_5""]",water_harvesting__runoff_catchment,,,"{""income_groups"": {""lower_middle"": 1}, ""aezs"": {""unknown"": 1}, ""farming_systems"": {""unknown"": 1}, ""countries"": [""IND""], ""n_sources_in_scope"": 1, ""weight_share_in_context"": 1.0, ""target"": {""income_group"": ""lic_lmic""}, ""transfer_class"": ""in_context""}",false,"{""metric"": ""absolute"", ""unit"": ""usd_per_m3"", ""median"": 19.0, ""low"": 19.0, ""high"": 19.0, ""n"": 1, ""income_groups"": {""lower_middle"": 1}, ""class"": ""moderate"", ""class_context"": ""lic_lmic"", ""n_excluded_opposite"": 0, ""n_excluded_band"": 0}",limited,low,false
water_harvesting_conservation__flood_hazard,water_harvesting_conservation,flood_hazard,climate_hazard_mitigation,strong_positive,high,"[prose pending] water_harvesting_conservation strongly reduces the impact of flood_hazard in BFA, GHA, IND, NER, PER, TUN, YEM (robust evidence, medium agreement → high confidence; transfer: in_context).",,,,,"{""statement"": ""water_harvesting_conservation strongly reduces the impact of flood_hazard in BFA, GHA, IND, NER, PER, TUN, YEM (robust evidence, medium agreement → high confidence; transfer: in_context)."", ""strength_basis"": ""quantified"", ""proxy_capped"": false, ""evidence_summary"": [""venot_2012 · observational · negative/unspecified · (GHA; lower_middle) · [ev_flood_hazard_veno12_1]"", ""heusch_1995_banquette_fr · case_study · positive/unspecified · (NER; low) · [ev_flood_hazard_heusch95_1]"", ""roose_1994_gces_fr · quasi_experimental · negative/unspecified · (BFA; low) · [ev_flood_hazard_roose94_1]"", ""roose_2006_terrasses_afrique_fr · quasi_experimental · negative/strong · pct_change=50 percent · (TUN; lower_middle) · [ev_flood_hazard_roose06_2_s]"", ""roose_1994_gces_fr · expert · positive/unspecified · [ev_flood_hazard_roose94_3]"", ""ritchie_2021 · model · positive/unspecified · [ev_flood_hazard_ritc21_1]"", ""willems_2021_andenes_es · model · negative/unspecified · (PER; upper_middle) · [ev_flood_hazard_willem21_1]"", ""roose_2006_terrasses_afrique_fr · meta_analysis · negative/unspecified · [ev_flood_hazard_roose06_1]"", ""wb_2022_uttarakhand2_watershed_icr · case_study · negative/unspecified · (IND; lower_middle) · [ev_flood_hazard_utk22_7]"", ""wb_2012_yemen_gscp_icr · model · negative/unspecified · (YEM; low) · [ev_flood_hazard_yem12_4]""], ""agreement_note"": ""weighted sign agreement 0.614: positive 7 ['ev_flood_hazard_veno12_1', 'ev_flood_hazard_utk22_7', 'ev_flood_hazard_yem12_4', 'ev_flood_hazard_willem21_1', 'ev_flood_hazard_roose06_1', 'ev_flood_hazard_roose94_1', 'ev_flood_hazard_roose06_2_s']; negative 3 ['ev_flood_hazard_ritc21_1', 'ev_flood_hazard_heusch95_1', 'ev_flood_hazard_roose94_3']; null 0 []."", ""proxies"": [], ""key_evidence_ids"": [""ev_flood_hazard_veno12_1"", ""ev_flood_hazard_heusch95_1"", ""ev_flood_hazard_roose94_1"", ""ev_flood_hazard_roose06_2_s"", ""ev_flood_hazard_roose94_3""], ""source_mix"": {""peer_reviewed"": 10, ""grey"": 0, ""expert"": 0}, ""prose_pending"": true}",,"[""ev_flood_hazard_ritc21_1"", ""ev_flood_hazard_veno12_1"", ""ev_flood_hazard_utk22_7"", ""ev_flood_hazard_yem12_4"", ""ev_flood_hazard_willem21_1"", ""ev_flood_hazard_roose06_1"", ""ev_flood_hazard_heusch95_1"", ""ev_flood_hazard_roose94_1"", ""ev_flood_hazard_roose94_3"", ""ev_flood_hazard_roose06_2_s""]",,,,"{""income_groups"": {""low"": 3, ""lower_middle"": 3, ""unknown"": 3, ""upper_middle"": 1}, ""aezs"": {""unknown"": 8}, ""farming_systems"": {""unknown"": 8}, ""countries"": [""BFA"", ""GHA"", ""IND"", ""NER"", ""PER"", ""TUN"", ""YEM""], ""n_sources_in_scope"": 8, ""weight_share_in_context"": 0.641, ""target"": {""income_group"": ""lic_lmic""}, ""transfer_class"": ""in_context""}",true,,robust,medium,false
water_harvesting_conservation__water_harvesting__runoff_catchment__flood_hazard,water_harvesting_conservation,flood_hazard,climate_hazard_mitigation,slight_positive,low,"Small reservoirs store rainy-season runoff, which users perceive as limiting floods; large sand dams, however, can increase flooding, erosion and seepage risk.",Two narrative units pointing in opposite directions: a user perception from Ghana and a review statement on large sand dams; size and siting of the structure decide the outcome.,,,,"{""statement"": ""water_harvesting_conservation reduces the impact of flood_hazard (strength not quantified in the evidence) in GHA (limited evidence, medium agreement → low confidence; transfer: in_context)."", ""strength_basis"": ""direction_only"", ""proxy_capped"": false, ""evidence_summary"": [""venot_2012 · observational · negative/unspecified · (GHA; lower_middle) · [ev_flood_hazard_veno12_1]"", ""ritchie_2021 · model · positive/unspecified · [ev_flood_hazard_ritc21_1]""], ""agreement_note"": ""weighted sign agreement 0.781: positive 1 ['ev_flood_hazard_veno12_1']; negative 1 ['ev_flood_hazard_ritc21_1']; null 0 []."", ""proxies"": [], ""key_evidence_ids"": [""ev_flood_hazard_veno12_1"", ""ev_flood_hazard_ritc21_1""], ""source_mix"": {""peer_reviewed"": 2, ""grey"": 0, ""expert"": 0}, ""prose_pending"": false, ""mechanism"": ""Small reservoirs store rainy-season runoff, which users perceive as limiting floods; large sand dams, however, can increase flooding, erosion and seepage risk."", ""conditionality"": ""Two narrative units pointing in opposite directions: a user perception from Ghana and a review statement on large sand dams; size and siting of the structure decide the outcome."", ""prose_written"": ""2026-10-06""}",,"[""ev_flood_hazard_ritc21_1"", ""ev_flood_hazard_veno12_1""]",water_harvesting__runoff_catchment,,,"{""income_groups"": {""lower_middle"": 1, ""unknown"": 1}, ""aezs"": {""unknown"": 2}, ""farming_systems"": {""unknown"": 2}, ""countries"": [""GHA""], ""n_sources_in_scope"": 2, ""weight_share_in_context"": 0.714, ""target"": {""income_group"": ""lic_lmic""}, ""transfer_class"": ""in_context""}",false,,limited,medium,false
water_harvesting_conservation__water_harvesting__terracing__flood_hazard,water_harvesting_conservation,flood_hazard,climate_hazard_mitigation,strong_positive,low,"[prose pending] water_harvesting_conservation strongly reduces the impact of flood_hazard in BFA, IND, NER, PER, TUN (medium evidence, low agreement → low confidence; transfer: in_context).",,,,,"{""statement"": ""water_harvesting_conservation strongly reduces the impact of flood_hazard in BFA, IND, NER, PER, TUN (medium evidence, low agreement → low confidence; transfer: in_context)."", ""strength_basis"": ""quantified"", ""proxy_capped"": false, ""evidence_summary"": [""heusch_1995_banquette_fr · case_study · positive/unspecified · (NER; low) · [ev_flood_hazard_heusch95_1]"", ""roose_1994_gces_fr · quasi_experimental · negative/unspecified · (BFA; low) · [ev_flood_hazard_roose94_1]"", ""roose_2006_terrasses_afrique_fr · quasi_experimental · negative/strong · pct_change=50 percent · (TUN; lower_middle) · [ev_flood_hazard_roose06_2_s]"", ""roose_1994_gces_fr · expert · positive/unspecified · [ev_flood_hazard_roose94_3]"", ""willems_2021_andenes_es · model · negative/unspecified · (PER; upper_middle) · [ev_flood_hazard_willem21_1]"", ""roose_2006_terrasses_afrique_fr · meta_analysis · negative/unspecified · [ev_flood_hazard_roose06_1]"", ""wb_2022_uttarakhand2_watershed_icr · case_study · negative/unspecified · (IND; lower_middle) · [ev_flood_hazard_utk22_7]""], ""agreement_note"": ""weighted sign agreement 0.522: positive 5 ['ev_flood_hazard_utk22_7', 'ev_flood_hazard_willem21_1', 'ev_flood_hazard_roose06_1', 'ev_flood_hazard_roose94_1', 'ev_flood_hazard_roose06_2_s']; negative 2 ['ev_flood_hazard_heusch95_1', 'ev_flood_hazard_roose94_3']; null 0 []."", ""proxies"": [], ""key_evidence_ids"": [""ev_flood_hazard_heusch95_1"", ""ev_flood_hazard_roose94_1"", ""ev_flood_hazard_roose06_2_s"", ""ev_flood_hazard_roose94_3"", ""ev_flood_hazard_willem21_1""], ""source_mix"": {""peer_reviewed"": 7, ""grey"": 0, ""expert"": 0}, ""prose_pending"": true}",,"[""ev_flood_hazard_utk22_7"", ""ev_flood_hazard_willem21_1"", ""ev_flood_hazard_roose06_1"", ""ev_flood_hazard_heusch95_1"", ""ev_flood_hazard_roose94_1"", ""ev_flood_hazard_roose94_3"", ""ev_flood_hazard_roose06_2_s""]",water_harvesting__terracing,,,"{""income_groups"": {""low"": 2, ""lower_middle"": 2, ""unknown"": 2, ""upper_middle"": 1}, ""aezs"": {""unknown"": 5}, ""farming_systems"": {""unknown"": 5}, ""countries"": [""BFA"", ""IND"", ""NER"", ""PER"", ""TUN""], ""n_sources_in_scope"": 5, ""weight_share_in_context"": 0.596, ""target"": {""income_group"": ""lic_lmic""}, ""transfer_class"": ""in_context""}",false,,medium,low,false
water_harvesting_conservation__production_gap,water_harvesting_conservation,production_gap,opportunity_space_variable,strong_positive,very_high,"[prose pending] water_harvesting_conservation strongly reduces production_gap in BFA, BRA, CHN, CMR, ETH, GHA, IND, KEN, MRT, NER, PER, RWA, TUN, TZA (robust evidence, high agreement → very_high confidence; transfer: in_context).",,long_term_7yr_plus,,,"{""statement"": ""water_harvesting_conservation strongly reduces production_gap in BFA, BRA, CHN, CMR, ETH, GHA, IND, KEN, MRT, NER, PER, RWA, TUN, TZA (robust evidence, high agreement → very_high confidence; transfer: in_context)."", ""strength_basis"": ""quantified"", ""proxy_capped"": false, ""evidence_summary"": [""cirilo_2003_barragens_subterraneas_pt · observational · positive/unspecified · (BRA; upper_middle; semi_arid) · [ev_crop_yield_cirilo03_4]"", ""malan_2024 · quasi_experimental · positive/unspecified · (ETH; low) · [ev_crop_yield_mala24_4]"", ""venot_2012 · expert · positive/unspecified · (BFA,GHA; lic_lmic) · [ev_livestock_productivity_veno12_1]"", ""heusch_1995_banquette_fr · observational · negative/strong · pct_change=34 percent · ns · (NER; low) · [ev_crop_yield_heusch95_1]"", ""malan_2024 · quasi_experimental · positive/unspecified · [ev_crop_yield_mala24_3]"", ""casagrande_2022_segunda_agua_pt · quasi_experimental · positive/slight · ln_response_ratio=0.0976 · (BRA; upper_middle; semi_arid) · [ev_agricultural_production_value_casag22_7]"", ""zougmore_2014 · observational · positive/unspecified · (BFA; low; semi_arid) · [ev_crop_yield_zoug14_2]"", ""zougmore_2014 · observational · positive/strong · pct_change=142 percent · (BFA; low; semi_arid) · [ev_crop_yield_zoug14_4]"", ""ritchie_2021 · observational · positive/moderate · pct_change=20 percent · (KEN; lower_middle) · [ev_crop_yield_ritc21_1]"", ""saruchera_2019 · observational · positive/unspecified · (TUN; lower_middle) · [ev_crop_yield_saru19_1]"", ""ieg_2007_china_loess2_ppar · observational · positive/strong · pct_change=50 50 to 100 · (CHN; lower_middle) · [ev_crop_yield_iegchn07_1]"", ""roose_1993_zai_fr · rct · positive/unspecified · (BFA; low) · [ev_crop_yield_roose93_6]"", ""roose_2006_terrasses_afrique_fr · observational · positive/strong · pct_change=55 percent · (KEN; lower_middle) · [ev_crop_yield_roose06_1]"", ""roose_2006_terrasses_afrique_fr · observational · positive/strong · pct_change=55 32 to 60 percent · (ETH; low) · [ev_crop_yield_roose06_2]"", ""roose_2006_terrasses_afrique_fr · quasi_experimental · none/unspecified · (RWA; low) · [ev_crop_yield_roose06_3]"", ""heusch_1995_banquette_fr · observational · positive/unspecified · absolute=100 kg_per_ha · (NER; low) · [ev_crop_yield_heusch95_2]"", ""heusch_1995_banquette_fr · quasi_experimental · positive/strong · absolute=2.3 response_ratio · (NER; low) · [ev_crop_yield_heusch95_3]"", ""roose_1994_gces_fr · quasi_experimental · positive/unspecified · (BFA; low) · [ev_crop_yield_roose94_1]"", ""roose_1994_gces_fr · observational · positive/unspecified · absolute=800 kg_per_ha · (BFA; low) · [ev_crop_yield_roose94_6]"", ""zougmore_2014 · observational · positive/strong · (BFA; low; semi_arid) · [ev_crop_yield_zoug14_1_s]"", ""malan_2024 · quasi_experimental · positive/unspecified · (ETH,GHA,KEN,TZA; lic_lmic) · [ev_crop_yield_mala24_1]"", ""fao_2013_captacion_es · expert · positive/unspecified · [ev_crop_yield_fao13c_1]"", ""fao_2013_captacion_es · case_study · positive/unspecified · (BRA; upper_middle) · [ev_crop_yield_fao13c_2]"", ""schmidt_tadesse_2012_essp_wp42_slwm · observational · positive/unspecified · (ETH; low) · [ev_crop_yield_schmidt12_8]"", ""schmidt_tadesse_2012_essp_wp42_slwm · quasi_experimental · negative/unspecified · (ETH; low) · [ev_crop_yield_schmidt12_10]"", ""malan_2024 · quasi_experimental · positive/unspecified · [ev_crop_yield_mala24_5]"", ""malan_2024 · quasi_experimental · none/unspecified · ns · [ev_crop_yield_mala24_2]"", ""wb_2018_rwanda_lwh_icr · observational · positive/unspecified · absolute=2.8 t_per_ha · (RWA; low; cropping_rainfed) · [ev_crop_yield_rwa18_7]"", ""roose_1993_zai_fr · rct · positive/unspecified · (BFA; low) · [ev_crop_yield_roose93_2]"", ""roose_1993_zai_fr · rct · positive/unspecified · (BFA; low) · [ev_crop_yield_roose93_3]"", ""roose_1993_zai_fr · observational · negative/unspecified · (CMR; lower_middle) · [ev_crop_yield_roose93_4]"", ""roose_1993_zai_fr · observational · positive/unspecified · (BFA; low) · [ev_crop_yield_roose93_5]"", ""ieg_2011_india_watershed_cluster_ppar · quasi_experimental · positive/moderate · pct_change=24 24 to 26 · (IND; lower_middle; cropping_rainfed) · [ev_crop_yield_iegind11_1]"", ""roose_1994_gces_fr · expert · positive/unspecified · [ev_crop_yield_roose94_4]"", ""roose_1994_gces_fr · observational · none/unspecified · [ev_crop_yield_roose94_5]"", ""abate_2021_ifpri_dp2069_cbinremp · quasi_experimental · none/unspecified · ns · (ETH; low) · [ev_crop_yield_abate21_1]"", ""kabore_reij_2004_ifpri_eptd114_zai · observational · positive/unspecified · absolute=38 kg_per_ha · (BFA; low; semi_arid) · [ev_crop_yield_kabo04_2]"", ""kabore_reij_2004_ifpri_eptd114_zai · observational · positive/unspecified · absolute=310 kg_per_ha · (BFA; low; semi_arid) · [ev_crop_yield_kabo04_3]"", ""kabore_reij_2004_ifpri_eptd114_zai · observational · positive/unspecified · absolute=388 kg_per_ha · (NER; low; semi_arid) · [ev_crop_yield_kabo04_5]"", ""ieg_2011_india_watershed_cluster_ppar · observational · positive/unspecified · (IND; lower_middle) · [ev_crop_yield_iegind11_8]"", ""arega_2024_ifpri_ilssi_psnp_public_works · observational · positive/unspecified · (ETH; low) · [ev_agricultural_production_value_arega24_2]"", ""locatelli_2020_zanjas_es · observational · positive/unspecified · (PER; upper_middle) · [ev_crop_yield_locat20_1]"", ""locatelli_2020_zanjas_es · observational · negative/unspecified · (PER; upper_middle) · [ev_crop_yield_locat20_2]"", ""brito_2007_embrapa_aguachuva_pt · observational · positive/unspecified · (BRA; upper_middle; semi_arid) · [ev_crop_yield_brito07_5]"", ""brito_2007_embrapa_aguachuva_pt · case_study · positive/unspecified · (BRA; upper_middle; semi_arid) · [ev_crop_yield_brito07_6]"", ""brito_2007_embrapa_aguachuva_pt · rct · positive/unspecified · absolute=606 kg_per_ha · (BRA; upper_middle; semi_arid) · [ev_crop_yield_brito07_8]"", ""arsky_2020_cisternas_pt · expert · positive/unspecified · (BRA; upper_middle; semi_arid) · [ev_agricultural_production_value_arsky20_7]"", ""wb_2017_hp_midhimalayan_icr · case_study · positive/unspecified · (IND; lower_middle; cropping_rainfed) · [ev_crop_yield_hp17_2]"", ""kabore_reij_2004_ifpri_eptd114_zai · observational · positive/unspecified · (BFA; low; semi_arid) · [ev_soil_nitrogen_kabo04_1]"", ""roose_1993_zai_fr · rct · positive/unspecified · ns · (BFA; low) · [ev_crop_yield_roose93_1]"", ""kabore_reij_2004_ifpri_eptd114_zai · observational · positive/strong · (BFA; low; semi_arid) · [ev_crop_yield_kabo04_1_s]"", ""kabore_reij_2004_ifpri_eptd114_zai · observational · positive/strong · (NER; low; semi_arid) · [ev_crop_yield_kabo04_6_s]"", ""schmidt_tadesse_2012_essp_wp42_slwm · quasi_experimental · positive/moderate · pct_change=15.2 · (ETH; low) · [ev_agricultural_production_value_schmidt12_1]"", ""schmidt_tadesse_2012_essp_wp42_slwm · quasi_experimental · positive/moderate · pct_change=20.6 · (ETH; low) · [ev_agricultural_production_value_schmidt12_4]"", ""schmidt_tadesse_2012_essp_wp42_slwm · quasi_experimental · positive/unspecified · (ETH; low) · [ev_agricultural_production_value_schmidt12_5]"", ""wb_2016_ethiopia_psnp3_icr · quasi_experimental · positive/slight · pct_change=9.1 percent · (ETH; low) · [ev_crop_yield_eth16_1]"", ""verma_shah_2019_wb_drought_proofing_recharge · observational · positive/unspecified · (IND; lower_middle) · [ev_crop_yield_verm19_1]"", ""wb_2014_mauritania_cbwm_icr · observational · positive/unspecified · (MRT; lower_middle) · [ev_crop_yield_mrt14_2]"", ""schmidt_tadesse_2012_essp_wp42_slwm · quasi_experimental · none/unspecified · ns · (ETH; low) · [ev_agricultural_production_value_schmidt12_2]"", ""schmidt_tadesse_2012_essp_wp42_slwm · quasi_experimental · none/unspecified · ns · (ETH; low) · [ev_agricultural_production_value_schmidt12_3]"", ""wb_2014_mauritania_cbwm_icr · observational · positive/strong · pct_change=31 percent · (MRT; lower_middle) · [ev_forage_productivity_mrt14_3]"", ""wb_2022_uttarakhand2_watershed_icr · quasi_experimental · positive/moderate · pct_change=20.8 percent · (IND; lower_middle; cropping_rainfed) · [ev_crop_yield_utk22_1]"", ""wb_2022_uttarakhand2_watershed_icr · quasi_experimental · positive/strong · pct_change=41.7 percent · (IND; lower_middle; cropping_irrigated) · [ev_crop_yield_utk22_2]"", ""wb_2018_rwanda_lwh_icr · quasi_experimental · positive/strong · pct_change=36 percent · (RWA; low; cropping_rainfed) · [ev_agricultural_production_value_rwa18_3]"", ""wb_2022_uttarakhand2_watershed_icr · model · positive/unspecified · (IND; lower_middle; cropping_rainfed) · [ev_crop_yield_utk22_8]""], ""agreement_note"": ""weighted sign agreement 0.893: positive 55 ['ev_crop_yield_zoug14_2', 'ev_crop_yield_zoug14_4', 'ev_crop_yield_ritc21_1', 'ev_crop_yield_saru19_1', 'ev_livestock_productivity_veno12_1', 'ev_crop_yield_verm19_1', 'ev_crop_yield_kabo04_2', 'ev_crop_yield_kabo04_3', 'ev_crop_yield_kabo04_5', 'ev_soil_nitrogen_kabo04_1', 'ev_crop_yield_mala24_1', 'ev_crop_yield_mala24_5', 'ev_crop_yield_mala24_3', 'ev_crop_yield_mala24_4', 'ev_crop_yield_iegind11_1', 'ev_crop_yield_iegind11_8', 'ev_crop_yield_iegchn07_1', 'ev_agricultural_production_value_schmidt12_1', 'ev_agricultural_production_value_schmidt12_4', 'ev_agricultural_production_value_schmidt12_5', 'ev_crop_yield_schmidt12_8', 'ev_agricultural_production_value_arega24_2', 'ev_crop_yield_utk22_8', 'ev_crop_yield_utk22_1', 'ev_crop_yield_utk22_2', 'ev_agricultural_production_value_rwa18_3', 'ev_crop_yield_rwa18_7', 'ev_crop_yield_hp17_2', 'ev_crop_yield_eth16_1', 'ev_crop_yield_mrt14_2', 'ev_forage_productivity_mrt14_3', 'ev_crop_yield_locat20_1', 'ev_crop_yield_roose93_1', 'ev_crop_yield_roose93_2', 'ev_crop_yield_roose93_3', 'ev_crop_yield_roose93_5', 'ev_crop_yield_roose93_6', 'ev_crop_yield_roose06_1', 'ev_crop_yield_roose06_2', 'ev_crop_yield_heusch95_2', 'ev_crop_yield_heusch95_3', 'ev_crop_yield_fao13c_1', 'ev_crop_yield_fao13c_2', 'ev_crop_yield_roose94_1', 'ev_crop_yield_roose94_4', 'ev_crop_yield_roose94_6', 'ev_agricultural_production_value_arsky20_7', 'ev_agricultural_production_value_casag22_7', 'ev_crop_yield_cirilo03_4', 'ev_crop_yield_brito07_5', 'ev_crop_yield_brito07_6', 'ev_crop_yield_brito07_8', 'ev_crop_yield_kabo04_1_s', 'ev_crop_yield_kabo04_6_s', 'ev_crop_yield_zoug14_1_s']; negative 4 ['ev_crop_yield_schmidt12_10', 'ev_crop_yield_locat20_2', 'ev_crop_yield_roose93_4', 'ev_crop_yield_heusch95_1']; null 6 ['ev_crop_yield_mala24_2', 'ev_crop_yield_abate21_1', 'ev_agricultural_production_value_schmidt12_2', 'ev_agricultural_production_value_schmidt12_3', 'ev_crop_yield_roose06_3', 'ev_crop_yield_roose94_5']."", ""proxies"": [""agricultural_production_value→production_gap (proxy)"", ""forage_productivity→production_gap (component)"", ""soil_nitrogen→production_gap (component)""], ""key_evidence_ids"": [""ev_crop_yield_cirilo03_4"", ""ev_crop_yield_mala24_4"", ""ev_livestock_productivity_veno12_1"", ""ev_crop_yield_heusch95_1"", ""ev_crop_yield_mala24_3""], ""source_mix"": {""peer_reviewed"": 65, ""grey"": 0, ""expert"": 0}, ""prose_pending"": true}",,"[""ev_crop_yield_zoug14_2"", ""ev_crop_yield_zoug14_4"", ""ev_crop_yield_ritc21_1"", ""ev_crop_yield_saru19_1"", ""ev_livestock_productivity_veno12_1"", ""ev_crop_yield_verm19_1"", ""ev_crop_yield_kabo04_2"", ""ev_crop_yield_kabo04_3"", ""ev_crop_yield_kabo04_5"", ""ev_soil_nitrogen_kabo04_1"", ""ev_crop_yield_mala24_1"", ""ev_crop_yield_mala24_5"", ""ev_crop_yield_mala24_2"", ""ev_crop_yield_mala24_3"", ""ev_crop_yield_mala24_4"", ""ev_crop_yield_iegind11_1"", ""ev_crop_yield_iegind11_8"", ""ev_crop_yield_iegchn07_1"", ""ev_crop_yield_abate21_1"", ""ev_agricultural_production_value_schmidt12_1"", ""ev_agricultural_production_value_schmidt12_2"", ""ev_agricultural_production_value_schmidt12_3"", ""ev_agricultural_production_value_schmidt12_4"", ""ev_agricultural_production_value_schmidt12_5"", ""ev_crop_yield_schmidt12_8"", ""ev_crop_yield_schmidt12_10"", ""ev_agricultural_production_value_arega24_2"", ""ev_crop_yield_utk22_8"", ""ev_crop_yield_utk22_1"", ""ev_crop_yield_utk22_2"", ""ev_agricultural_production_value_rwa18_3"", ""ev_crop_yield_rwa18_7"", ""ev_crop_yield_hp17_2"", ""ev_crop_yield_eth16_1"", ""ev_crop_yield_mrt14_2"", ""ev_forage_productivity_mrt14_3"", ""ev_crop_yield_locat20_1"", ""ev_crop_yield_locat20_2"", ""ev_crop_yield_roose93_1"", ""ev_crop_yield_roose93_2"", ""ev_crop_yield_roose93_3"", ""ev_crop_yield_roose93_4"", ""ev_crop_yield_roose93_5"", ""ev_crop_yield_roose93_6"", ""ev_crop_yield_roose06_1"", ""ev_crop_yield_roose06_2"", ""ev_crop_yield_roose06_3"", ""ev_crop_yield_heusch95_1"", ""ev_crop_yield_heusch95_2"", ""ev_crop_yield_heusch95_3"", ""ev_crop_yield_fao13c_1"", ""ev_crop_yield_fao13c_2"", ""ev_crop_yield_roose94_1"", ""ev_crop_yield_roose94_4"", ""ev_crop_yield_roose94_5"", ""ev_crop_yield_roose94_6"", ""ev_agricultural_production_value_arsky20_7"", ""ev_agricultural_production_value_casag22_7"", ""ev_crop_yield_cirilo03_4"", ""ev_crop_yield_brito07_5"", ""ev_crop_yield_brito07_6"", ""ev_crop_yield_brito07_8"", ""ev_crop_yield_kabo04_1_s"", ""ev_crop_yield_kabo04_6_s"", ""ev_crop_yield_zoug14_1_s""]",,,,"{""income_groups"": {""lic_lmic"": 2, ""low"": 12, ""lower_middle"": 10, ""unknown"": 3, ""upper_middle"": 6}, ""aezs"": {""semi_arid"": 6, ""unknown"": 21}, ""farming_systems"": {""cropping_irrigated"": 1, ""cropping_rainfed"": 4, ""unknown"": 24}, ""countries"": [""BFA"", ""BRA"", ""CHN"", ""CMR"", ""ETH"", ""GHA"", ""IND"", ""KEN"", ""MRT"", ""NER"", ""PER"", ""RWA"", ""TUN"", ""TZA""], ""n_sources_in_scope"": 27, ""weight_share_in_context"": 0.682, ""target"": {""income_group"": ""lic_lmic""}, ""transfer_class"": ""in_context""}",false,"{""metric"": ""pct_change"", ""unit"": ""percent"", ""median"": 50.0, ""low"": 9.1, ""high"": 142.0, ""n"": 10, ""income_groups"": {""low"": 5, ""lower_middle"": 6}, ""class"": ""strong"", ""class_context"": ""lic_lmic"", ""n_excluded_opposite"": 1, ""n_excluded_band"": 0}",robust,high,false
water_harvesting_conservation__production_gap__income_group-upper_middle,water_harvesting_conservation,production_gap,opportunity_space_variable,slight_positive,very_high,"In the Brazilian semi-arid, subsurface dams, tied furrows, micro-catchments with rescue irrigation and production cisterns store or concentrate water, raising crop productivity, enabling extra harvests and expanding the value of family production; in the Andes, infiltration trenches raised yields on some plots.","Upper-middle-income evidence only, largely Embrapa and programme self-assessments plus one quasi-experimental study of value of production (a proxy); a trench review from Peru reports both positive and negative yield effects, and one cistern-programme author states there are no quantitative impact evaluations.",,,,"{""statement"": ""water_harvesting_conservation slightly reduces production_gap in semi_arid (robust evidence, high agreement → very_high confidence; transfer: in_context)."", ""strength_basis"": ""quantified"", ""proxy_capped"": false, ""evidence_summary"": [""cirilo_2003_barragens_subterraneas_pt · observational · positive/unspecified · (BRA; upper_middle; semi_arid) · [ev_crop_yield_cirilo03_4]"", ""casagrande_2022_segunda_agua_pt · quasi_experimental · positive/slight · ln_response_ratio=0.0976 · (BRA; upper_middle; semi_arid) · [ev_agricultural_production_value_casag22_7]"", ""fao_2013_captacion_es · case_study · positive/unspecified · (BRA; upper_middle) · [ev_crop_yield_fao13c_2]"", ""locatelli_2020_zanjas_es · observational · positive/unspecified · (PER; upper_middle) · [ev_crop_yield_locat20_1]"", ""locatelli_2020_zanjas_es · observational · negative/unspecified · (PER; upper_middle) · [ev_crop_yield_locat20_2]"", ""brito_2007_embrapa_aguachuva_pt · observational · positive/unspecified · (BRA; upper_middle; semi_arid) · [ev_crop_yield_brito07_5]"", ""brito_2007_embrapa_aguachuva_pt · case_study · positive/unspecified · (BRA; upper_middle; semi_arid) · [ev_crop_yield_brito07_6]"", ""brito_2007_embrapa_aguachuva_pt · rct · positive/unspecified · absolute=606 kg_per_ha · (BRA; upper_middle; semi_arid) · [ev_crop_yield_brito07_8]"", ""arsky_2020_cisternas_pt · expert · positive/unspecified · (BRA; upper_middle; semi_arid) · [ev_agricultural_production_value_arsky20_7]""], ""agreement_note"": ""weighted sign agreement 0.937: positive 8 ['ev_crop_yield_locat20_1', 'ev_crop_yield_fao13c_2', 'ev_agricultural_production_value_arsky20_7', 'ev_agricultural_production_value_casag22_7', 'ev_crop_yield_cirilo03_4', 'ev_crop_yield_brito07_5', 'ev_crop_yield_brito07_6', 'ev_crop_yield_brito07_8']; negative 1 ['ev_crop_yield_locat20_2']; null 0 []."", ""proxies"": [""agricultural_production_value→production_gap (proxy)"", ""forage_productivity→production_gap (component)"", ""soil_nitrogen→production_gap (component)""], ""key_evidence_ids"": [""ev_crop_yield_cirilo03_4"", ""ev_agricultural_production_value_casag22_7"", ""ev_crop_yield_fao13c_2"", ""ev_crop_yield_locat20_1"", ""ev_crop_yield_locat20_2""], ""source_mix"": {""peer_reviewed"": 9, ""grey"": 0, ""expert"": 0}, ""prose_pending"": false, ""mechanism"": ""In the Brazilian semi-arid, subsurface dams, tied furrows, micro-catchments with rescue irrigation and production cisterns store or concentrate water, raising crop productivity, enabling extra harvests and expanding the value of family production; in the Andes, infiltration trenches raised yields on some plots."", ""conditionality"": ""Upper-middle-income evidence only, largely Embrapa and programme self-assessments plus one quasi-experimental study of value of production (a proxy); a trench review from Peru reports both positive and negative yield effects, and one cistern-programme author states there are no quantitative impact evaluations."", ""prose_written"": ""2026-10-06""}",,"[""ev_crop_yield_locat20_1"", ""ev_crop_yield_locat20_2"", ""ev_crop_yield_fao13c_2"", ""ev_agricultural_production_value_arsky20_7"", ""ev_agricultural_production_value_casag22_7"", ""ev_crop_yield_cirilo03_4"", ""ev_crop_yield_brito07_5"", ""ev_crop_yield_brito07_6"", ""ev_crop_yield_brito07_8""]",,income_group,upper_middle,"{""income_groups"": {""upper_middle"": 6}, ""aezs"": {""semi_arid"": 4, ""unknown"": 2}, ""farming_systems"": {""unknown"": 6}, ""countries"": [""BRA"", ""PER""], ""n_sources_in_scope"": 6, ""weight_share_in_context"": 1.0, ""target"": {""income_group"": ""upper_middle""}, ""transfer_class"": ""in_context""}",false,,robust,high,false
water_harvesting_conservation__production_gap__farming_system-cropping_rainfed,water_harvesting_conservation,production_gap,opportunity_space_variable,moderate_positive,high,"[prose pending] water_harvesting_conservation moderately reduces production_gap in IND, RWA (medium evidence, high agreement → high confidence; transfer: in_context).",,,,,"{""statement"": ""water_harvesting_conservation moderately reduces production_gap in IND, RWA (medium evidence, high agreement → high confidence; transfer: in_context)."", ""strength_basis"": ""quantified"", ""proxy_capped"": false, ""evidence_summary"": [""wb_2018_rwanda_lwh_icr · observational · positive/unspecified · absolute=2.8 t_per_ha · (RWA; low; cropping_rainfed) · [ev_crop_yield_rwa18_7]"", ""ieg_2011_india_watershed_cluster_ppar · quasi_experimental · positive/moderate · pct_change=24 24 to 26 · (IND; lower_middle; cropping_rainfed) · [ev_crop_yield_iegind11_1]"", ""wb_2017_hp_midhimalayan_icr · case_study · positive/unspecified · (IND; lower_middle; cropping_rainfed) · [ev_crop_yield_hp17_2]"", ""wb_2022_uttarakhand2_watershed_icr · quasi_experimental · positive/moderate · pct_change=20.8 percent · (IND; lower_middle; cropping_rainfed) · [ev_crop_yield_utk22_1]"", ""wb_2018_rwanda_lwh_icr · quasi_experimental · positive/strong · pct_change=36 percent · (RWA; low; cropping_rainfed) · [ev_agricultural_production_value_rwa18_3]"", ""wb_2022_uttarakhand2_watershed_icr · model · positive/unspecified · (IND; lower_middle; cropping_rainfed) · [ev_crop_yield_utk22_8]""], ""agreement_note"": ""weighted sign agreement 1.0: positive 6 ['ev_crop_yield_iegind11_1', 'ev_crop_yield_utk22_8', 'ev_crop_yield_utk22_1', 'ev_agricultural_production_value_rwa18_3', 'ev_crop_yield_rwa18_7', 'ev_crop_yield_hp17_2']; negative 0 []; null 0 []."", ""proxies"": [""agricultural_production_value→production_gap (proxy)"", ""forage_productivity→production_gap (component)"", ""soil_nitrogen→production_gap (component)""], ""key_evidence_ids"": [""ev_crop_yield_rwa18_7"", ""ev_crop_yield_iegind11_1"", ""ev_crop_yield_hp17_2"", ""ev_crop_yield_utk22_1"", ""ev_agricultural_production_value_rwa18_3""], ""source_mix"": {""peer_reviewed"": 6, ""grey"": 0, ""expert"": 0}, ""prose_pending"": true}",,"[""ev_crop_yield_iegind11_1"", ""ev_crop_yield_utk22_8"", ""ev_crop_yield_utk22_1"", ""ev_agricultural_production_value_rwa18_3"", ""ev_crop_yield_rwa18_7"", ""ev_crop_yield_hp17_2""]",,farming_system,cropping_rainfed,"{""income_groups"": {""low"": 1, ""lower_middle"": 3}, ""aezs"": {""unknown"": 4}, ""farming_systems"": {""cropping_rainfed"": 4}, ""countries"": [""IND"", ""RWA""], ""n_sources_in_scope"": 4, ""weight_share_in_context"": 1.0, ""target"": {""income_group"": ""lic_lmic"", ""farming_system"": ""cropping_rainfed""}, ""transfer_class"": ""in_context""}",false,"{""metric"": ""pct_change"", ""unit"": ""percent"", ""median"": 24.0, ""low"": 20.8, ""high"": 36.0, ""n"": 3, ""income_groups"": {""low"": 1, ""lower_middle"": 2}, ""class"": ""moderate"", ""class_context"": ""lic_lmic"", ""n_excluded_opposite"": 0, ""n_excluded_band"": 0}",medium,high,false
water_harvesting_conservation__water_harvesting__cross_family__production_gap,water_harvesting_conservation,production_gap,opportunity_space_variable,moderate_positive,very_high,"Soil and water conservation structures (terraces, bunds, check dams) retain moisture and soil, raising crop yields and value of production; the gains are larger in low-rainfall or climatically variable areas and in dry periods. Water harvesting with irrigation also lets households diversify crops.","Most magnitudes are from bundled programmes or lender completion reports (Ethiopia public works, India watershed projects, Mauritania), with value-of-production and forage biomass used as proxies. Independent Ethiopian studies show effects only for early adopters and only after several years of maintained structures; SWC promoted off-farm, imposed structures, and bunds in high-rainfall areas showed no gain or losses.",long_term_7yr_plus,,,"{""statement"": ""water_harvesting_conservation moderately reduces production_gap in BRA, ETH, GHA, IND, KEN, MRT, TZA (robust evidence, high agreement → very_high confidence; transfer: in_context)."", ""strength_basis"": ""quantified"", ""proxy_capped"": false, ""evidence_summary"": [""malan_2024 · quasi_experimental · positive/unspecified · (ETH; low) · [ev_crop_yield_mala24_4]"", ""malan_2024 · quasi_experimental · positive/unspecified · [ev_crop_yield_mala24_3]"", ""casagrande_2022_segunda_agua_pt · quasi_experimental · positive/slight · ln_response_ratio=0.0976 · (BRA; upper_middle; semi_arid) · [ev_agricultural_production_value_casag22_7]"", ""roose_1994_gces_fr · observational · none/unspecified · [ev_crop_yield_roose94_5]"", ""malan_2024 · quasi_experimental · positive/unspecified · (ETH,GHA,KEN,TZA; lic_lmic) · [ev_crop_yield_mala24_1]"", ""schmidt_tadesse_2012_essp_wp42_slwm · observational · positive/unspecified · (ETH; low) · [ev_crop_yield_schmidt12_8]"", ""schmidt_tadesse_2012_essp_wp42_slwm · quasi_experimental · negative/unspecified · (ETH; low) · [ev_crop_yield_schmidt12_10]"", ""malan_2024 · quasi_experimental · positive/unspecified · [ev_crop_yield_mala24_5]"", ""malan_2024 · quasi_experimental · none/unspecified · ns · [ev_crop_yield_mala24_2]"", ""ieg_2011_india_watershed_cluster_ppar · quasi_experimental · positive/moderate · pct_change=24 24 to 26 · (IND; lower_middle; cropping_rainfed) · [ev_crop_yield_iegind11_1]"", ""abate_2021_ifpri_dp2069_cbinremp · quasi_experimental · none/unspecified · ns · (ETH; low) · [ev_crop_yield_abate21_1]"", ""arega_2024_ifpri_ilssi_psnp_public_works · observational · positive/unspecified · (ETH; low) · [ev_agricultural_production_value_arega24_2]"", ""arsky_2020_cisternas_pt · expert · positive/unspecified · (BRA; upper_middle; semi_arid) · [ev_agricultural_production_value_arsky20_7]"", ""schmidt_tadesse_2012_essp_wp42_slwm · quasi_experimental · positive/moderate · pct_change=15.2 · (ETH; low) · [ev_agricultural_production_value_schmidt12_1]"", ""schmidt_tadesse_2012_essp_wp42_slwm · quasi_experimental · positive/moderate · pct_change=20.6 · (ETH; low) · [ev_agricultural_production_value_schmidt12_4]"", ""schmidt_tadesse_2012_essp_wp42_slwm · quasi_experimental · positive/unspecified · (ETH; low) · [ev_agricultural_production_value_schmidt12_5]"", ""wb_2016_ethiopia_psnp3_icr · quasi_experimental · positive/slight · pct_change=9.1 percent · (ETH; low) · [ev_crop_yield_eth16_1]"", ""wb_2022_uttarakhand2_watershed_icr · quasi_experimental · positive/moderate · pct_change=20.8 percent · (IND; lower_middle; cropping_rainfed) · [ev_crop_yield_utk22_1]"", ""wb_2022_uttarakhand2_watershed_icr · quasi_experimental · positive/strong · pct_change=41.7 percent · (IND; lower_middle; cropping_irrigated) · [ev_crop_yield_utk22_2]"", ""wb_2014_mauritania_cbwm_icr · observational · positive/unspecified · (MRT; lower_middle) · [ev_crop_yield_mrt14_2]"", ""schmidt_tadesse_2012_essp_wp42_slwm · quasi_experimental · none/unspecified · ns · (ETH; low) · [ev_agricultural_production_value_schmidt12_2]"", ""schmidt_tadesse_2012_essp_wp42_slwm · quasi_experimental · none/unspecified · ns · (ETH; low) · [ev_agricultural_production_value_schmidt12_3]"", ""wb_2014_mauritania_cbwm_icr · observational · positive/strong · pct_change=31 percent · (MRT; lower_middle) · [ev_forage_productivity_mrt14_3]""], ""agreement_note"": ""weighted sign agreement 0.849: positive 17 ['ev_crop_yield_mala24_1', 'ev_crop_yield_mala24_5', 'ev_crop_yield_mala24_3', 'ev_crop_yield_mala24_4', 'ev_crop_yield_iegind11_1', 'ev_agricultural_production_value_schmidt12_1', 'ev_agricultural_production_value_schmidt12_4', 'ev_agricultural_production_value_schmidt12_5', 'ev_crop_yield_schmidt12_8', 'ev_agricultural_production_value_arega24_2', 'ev_crop_yield_utk22_1', 'ev_crop_yield_utk22_2', 'ev_crop_yield_eth16_1', 'ev_crop_yield_mrt14_2', 'ev_forage_productivity_mrt14_3', 'ev_agricultural_production_value_arsky20_7', 'ev_agricultural_production_value_casag22_7']; negative 1 ['ev_crop_yield_schmidt12_10']; null 5 ['ev_crop_yield_mala24_2', 'ev_crop_yield_abate21_1', 'ev_agricultural_production_value_schmidt12_2', 'ev_agricultural_production_value_schmidt12_3', 'ev_crop_yield_roose94_5']."", ""proxies"": [""agricultural_production_value→production_gap (proxy)"", ""forage_productivity→production_gap (component)""], ""key_evidence_ids"": [""ev_crop_yield_mala24_4"", ""ev_crop_yield_mala24_3"", ""ev_agricultural_production_value_casag22_7"", ""ev_crop_yield_roose94_5"", ""ev_crop_yield_mala24_1""], ""source_mix"": {""peer_reviewed"": 23, ""grey"": 0, ""expert"": 0}, ""prose_pending"": false, ""mechanism"": ""Soil and water conservation structures (terraces, bunds, check dams) retain moisture and soil, raising crop yields and value of production; the gains are larger in low-rainfall or climatically variable areas and in dry periods. Water harvesting with irrigation also lets households diversify crops."", ""conditionality"": ""Most magnitudes are from bundled programmes or lender completion reports (Ethiopia public works, India watershed projects, Mauritania), with value-of-production and forage biomass used as proxies. Independent Ethiopian studies show effects only for early adopters and only after several years of maintained structures; SWC promoted off-farm, imposed structures, and bunds in high-rainfall areas showed no gain or losses."", ""prose_written"": ""2026-10-06""}",,"[""ev_crop_yield_mala24_1"", ""ev_crop_yield_mala24_5"", ""ev_crop_yield_mala24_2"", ""ev_crop_yield_mala24_3"", ""ev_crop_yield_mala24_4"", ""ev_crop_yield_iegind11_1"", ""ev_crop_yield_abate21_1"", ""ev_agricultural_production_value_schmidt12_1"", ""ev_agricultural_production_value_schmidt12_2"", ""ev_agricultural_production_value_schmidt12_3"", ""ev_agricultural_production_value_schmidt12_4"", ""ev_agricultural_production_value_schmidt12_5"", ""ev_crop_yield_schmidt12_8"", ""ev_crop_yield_schmidt12_10"", ""ev_agricultural_production_value_arega24_2"", ""ev_crop_yield_utk22_1"", ""ev_crop_yield_utk22_2"", ""ev_crop_yield_eth16_1"", ""ev_crop_yield_mrt14_2"", ""ev_forage_productivity_mrt14_3"", ""ev_crop_yield_roose94_5"", ""ev_agricultural_production_value_arsky20_7"", ""ev_agricultural_production_value_casag22_7""]",water_harvesting__cross_family,,,"{""income_groups"": {""lic_lmic"": 1, ""low"": 5, ""lower_middle"": 3, ""unknown"": 2, ""upper_middle"": 2}, ""aezs"": {""semi_arid"": 2, ""unknown"": 9}, ""farming_systems"": {""cropping_irrigated"": 1, ""cropping_rainfed"": 2, ""unknown"": 9}, ""countries"": [""BRA"", ""ETH"", ""GHA"", ""IND"", ""KEN"", ""MRT"", ""TZA""], ""n_sources_in_scope"": 11, ""weight_share_in_context"": 0.506, ""target"": {""income_group"": ""lic_lmic""}, ""transfer_class"": ""in_context""}",false,"{""metric"": ""pct_change"", ""unit"": ""percent"", ""median"": 20.8, ""low"": 9.1, ""high"": 41.7, ""n"": 5, ""income_groups"": {""low"": 2, ""lower_middle"": 3}, ""class"": ""moderate"", ""class_context"": ""lic_lmic"", ""n_excluded_opposite"": 0, ""n_excluded_band"": 0}",robust,high,false
water_harvesting_conservation__water_harvesting__in_situ__production_gap,water_harvesting_conservation,production_gap,opportunity_space_variable,strong_positive,very_high,"[prose pending] water_harvesting_conservation strongly reduces production_gap in BFA, BRA, CMR, IND, NER, PER (robust evidence, high agreement → very_high confidence; transfer: in_context).",,,,,"{""statement"": ""water_harvesting_conservation strongly reduces production_gap in BFA, BRA, CMR, IND, NER, PER (robust evidence, high agreement → very_high confidence; transfer: in_context)."", ""strength_basis"": ""quantified"", ""proxy_capped"": false, ""evidence_summary"": [""brito_2007_embrapa_aguachuva_pt · rct · positive/unspecified · absolute=606 kg_per_ha · (BRA; upper_middle; semi_arid) · [ev_crop_yield_brito07_8]"", ""roose_1993_zai_fr · rct · positive/unspecified · (BFA; low) · [ev_crop_yield_roose93_6]"", ""roose_1993_zai_fr · rct · positive/unspecified · (BFA; low) · [ev_crop_yield_roose93_2]"", ""roose_1993_zai_fr · rct · positive/unspecified · (BFA; low) · [ev_crop_yield_roose93_3]"", ""roose_1993_zai_fr · observational · negative/unspecified · (CMR; lower_middle) · [ev_crop_yield_roose93_4]"", ""roose_1993_zai_fr · observational · positive/unspecified · (BFA; low) · [ev_crop_yield_roose93_5]"", ""kabore_reij_2004_ifpri_eptd114_zai · observational · positive/unspecified · absolute=38 kg_per_ha · (BFA; low; semi_arid) · [ev_crop_yield_kabo04_2]"", ""kabore_reij_2004_ifpri_eptd114_zai · observational · positive/unspecified · absolute=310 kg_per_ha · (BFA; low; semi_arid) · [ev_crop_yield_kabo04_3]"", ""kabore_reij_2004_ifpri_eptd114_zai · observational · positive/unspecified · absolute=388 kg_per_ha · (NER; low; semi_arid) · [ev_crop_yield_kabo04_5]"", ""locatelli_2020_zanjas_es · observational · positive/unspecified · (PER; upper_middle) · [ev_crop_yield_locat20_1]"", ""locatelli_2020_zanjas_es · observational · negative/unspecified · (PER; upper_middle) · [ev_crop_yield_locat20_2]"", ""wb_2017_hp_midhimalayan_icr · case_study · positive/unspecified · (IND; lower_middle; cropping_rainfed) · [ev_crop_yield_hp17_2]"", ""kabore_reij_2004_ifpri_eptd114_zai · observational · positive/unspecified · (BFA; low; semi_arid) · [ev_soil_nitrogen_kabo04_1]"", ""roose_1993_zai_fr · rct · positive/unspecified · ns · (BFA; low) · [ev_crop_yield_roose93_1]"", ""kabore_reij_2004_ifpri_eptd114_zai · observational · positive/strong · (BFA; low; semi_arid) · [ev_crop_yield_kabo04_1_s]"", ""kabore_reij_2004_ifpri_eptd114_zai · observational · positive/strong · (NER; low; semi_arid) · [ev_crop_yield_kabo04_6_s]""], ""agreement_note"": ""weighted sign agreement 0.883: positive 14 ['ev_crop_yield_kabo04_2', 'ev_crop_yield_kabo04_3', 'ev_crop_yield_kabo04_5', 'ev_soil_nitrogen_kabo04_1', 'ev_crop_yield_hp17_2', 'ev_crop_yield_locat20_1', 'ev_crop_yield_roose93_1', 'ev_crop_yield_roose93_2', 'ev_crop_yield_roose93_3', 'ev_crop_yield_roose93_5', 'ev_crop_yield_roose93_6', 'ev_crop_yield_brito07_8', 'ev_crop_yield_kabo04_1_s', 'ev_crop_yield_kabo04_6_s']; negative 2 ['ev_crop_yield_locat20_2', 'ev_crop_yield_roose93_4']; null 0 []."", ""proxies"": [""soil_nitrogen→production_gap (component)""], ""key_evidence_ids"": [""ev_crop_yield_brito07_8"", ""ev_crop_yield_roose93_6"", ""ev_crop_yield_roose93_2"", ""ev_crop_yield_roose93_3"", ""ev_crop_yield_roose93_4""], ""source_mix"": {""peer_reviewed"": 16, ""grey"": 0, ""expert"": 0}, ""prose_pending"": true}",,"[""ev_crop_yield_kabo04_2"", ""ev_crop_yield_kabo04_3"", ""ev_crop_yield_kabo04_5"", ""ev_soil_nitrogen_kabo04_1"", ""ev_crop_yield_hp17_2"", ""ev_crop_yield_locat20_1"", ""ev_crop_yield_locat20_2"", ""ev_crop_yield_roose93_1"", ""ev_crop_yield_roose93_2"", ""ev_crop_yield_roose93_3"", ""ev_crop_yield_roose93_4"", ""ev_crop_yield_roose93_5"", ""ev_crop_yield_roose93_6"", ""ev_crop_yield_brito07_8"", ""ev_crop_yield_kabo04_1_s"", ""ev_crop_yield_kabo04_6_s""]",water_harvesting__in_situ,,,"{""income_groups"": {""low"": 2, ""lower_middle"": 2, ""upper_middle"": 2}, ""aezs"": {""semi_arid"": 2, ""unknown"": 3}, ""farming_systems"": {""cropping_rainfed"": 1, ""unknown"": 4}, ""countries"": [""BFA"", ""BRA"", ""CMR"", ""IND"", ""NER"", ""PER""], ""n_sources_in_scope"": 5, ""weight_share_in_context"": 0.692, ""target"": {""income_group"": ""lic_lmic""}, ""transfer_class"": ""in_context""}",false,"{""metric"": ""absolute"", ""unit"": ""kg_per_ha"", ""median"": 388.0, ""low"": 38.0, ""high"": 606.0, ""n"": 2, ""income_groups"": {""low"": 1, ""upper_middle"": 1}, ""class"": ""unspecified"", ""class_context"": ""lic_lmic"", ""n_excluded_opposite"": 0, ""n_excluded_band"": 0}",robust,high,false
water_harvesting_conservation__water_harvesting__runoff_catchment__production_gap,water_harvesting_conservation,production_gap,opportunity_space_variable,moderate_positive,very_high,"Sand dams, small reservoirs, subsurface dams and recharge structures store runoff that farmers use to irrigate more land, harvest more often and support fodder and livestock, raising crop and livestock production.","Evidence is mostly secondary or narrative (reviews citing earlier studies, an expert's personal communication on livestock, Embrapa accounts from Brazil); gains depend on an existing irrigation tradition and are uneven between sites.",,,,"{""statement"": ""water_harvesting_conservation moderately reduces production_gap in BFA, BRA, GHA, IND, KEN, TUN (robust evidence, high agreement → very_high confidence; transfer: adjacent)."", ""strength_basis"": ""quantified"", ""proxy_capped"": false, ""evidence_summary"": [""cirilo_2003_barragens_subterraneas_pt · observational · positive/unspecified · (BRA; upper_middle; semi_arid) · [ev_crop_yield_cirilo03_4]"", ""venot_2012 · expert · positive/unspecified · (BFA,GHA; lic_lmic) · [ev_livestock_productivity_veno12_1]"", ""ritchie_2021 · observational · positive/moderate · pct_change=20 percent · (KEN; lower_middle) · [ev_crop_yield_ritc21_1]"", ""saruchera_2019 · observational · positive/unspecified · (TUN; lower_middle) · [ev_crop_yield_saru19_1]"", ""brito_2007_embrapa_aguachuva_pt · observational · positive/unspecified · (BRA; upper_middle; semi_arid) · [ev_crop_yield_brito07_5]"", ""brito_2007_embrapa_aguachuva_pt · case_study · positive/unspecified · (BRA; upper_middle; semi_arid) · [ev_crop_yield_brito07_6]"", ""verma_shah_2019_wb_drought_proofing_recharge · observational · positive/unspecified · (IND; lower_middle) · [ev_crop_yield_verm19_1]""], ""agreement_note"": ""weighted sign agreement 1.0: positive 7 ['ev_crop_yield_ritc21_1', 'ev_crop_yield_saru19_1', 'ev_livestock_productivity_veno12_1', 'ev_crop_yield_verm19_1', 'ev_crop_yield_cirilo03_4', 'ev_crop_yield_brito07_5', 'ev_crop_yield_brito07_6']; negative 0 []; null 0 []."", ""proxies"": [], ""key_evidence_ids"": [""ev_crop_yield_cirilo03_4"", ""ev_livestock_productivity_veno12_1"", ""ev_crop_yield_ritc21_1"", ""ev_crop_yield_saru19_1"", ""ev_crop_yield_brito07_5""], ""source_mix"": {""peer_reviewed"": 7, ""grey"": 0, ""expert"": 0}, ""prose_pending"": false, ""mechanism"": ""Sand dams, small reservoirs, subsurface dams and recharge structures store runoff that farmers use to irrigate more land, harvest more often and support fodder and livestock, raising crop and livestock production."", ""conditionality"": ""Evidence is mostly secondary or narrative (reviews citing earlier studies, an expert's personal communication on livestock, Embrapa accounts from Brazil); gains depend on an existing irrigation tradition and are uneven between sites."", ""prose_written"": ""2026-10-06""}",,"[""ev_crop_yield_ritc21_1"", ""ev_crop_yield_saru19_1"", ""ev_livestock_productivity_veno12_1"", ""ev_crop_yield_verm19_1"", ""ev_crop_yield_cirilo03_4"", ""ev_crop_yield_brito07_5"", ""ev_crop_yield_brito07_6""]",water_harvesting__runoff_catchment,,,"{""income_groups"": {""lic_lmic"": 1, ""lower_middle"": 3, ""upper_middle"": 2}, ""aezs"": {""semi_arid"": 2, ""unknown"": 4}, ""farming_systems"": {""unknown"": 6}, ""countries"": [""BFA"", ""BRA"", ""GHA"", ""IND"", ""KEN"", ""TUN""], ""n_sources_in_scope"": 6, ""weight_share_in_context"": 0.466, ""target"": {""income_group"": ""lic_lmic""}, ""transfer_class"": ""adjacent""}",false,,robust,high,false
water_harvesting_conservation__water_harvesting__terracing__production_gap,water_harvesting_conservation,production_gap,opportunity_space_variable,strong_positive,very_high,"[prose pending] water_harvesting_conservation strongly reduces production_gap in BFA, CHN, ETH, IND, KEN, NER, RWA (robust evidence, high agreement → very_high confidence; transfer: in_context).",,,,,"{""statement"": ""water_harvesting_conservation strongly reduces production_gap in BFA, CHN, ETH, IND, KEN, NER, RWA (robust evidence, high agreement → very_high confidence; transfer: in_context)."", ""strength_basis"": ""quantified"", ""proxy_capped"": false, ""evidence_summary"": [""heusch_1995_banquette_fr · observational · negative/strong · pct_change=34 percent · ns · (NER; low) · [ev_crop_yield_heusch95_1]"", ""zougmore_2014 · observational · positive/unspecified · (BFA; low; semi_arid) · [ev_crop_yield_zoug14_2]"", ""zougmore_2014 · observational · positive/strong · pct_change=142 percent · (BFA; low; semi_arid) · [ev_crop_yield_zoug14_4]"", ""ieg_2007_china_loess2_ppar · observational · positive/strong · pct_change=50 50 to 100 · (CHN; lower_middle) · [ev_crop_yield_iegchn07_1]"", ""roose_2006_terrasses_afrique_fr · observational · positive/strong · pct_change=55 percent · (KEN; lower_middle) · [ev_crop_yield_roose06_1]"", ""roose_2006_terrasses_afrique_fr · observational · positive/strong · pct_change=55 32 to 60 percent · (ETH; low) · [ev_crop_yield_roose06_2]"", ""roose_2006_terrasses_afrique_fr · quasi_experimental · none/unspecified · (RWA; low) · [ev_crop_yield_roose06_3]"", ""heusch_1995_banquette_fr · observational · positive/unspecified · absolute=100 kg_per_ha · (NER; low) · [ev_crop_yield_heusch95_2]"", ""heusch_1995_banquette_fr · quasi_experimental · positive/strong · absolute=2.3 response_ratio · (NER; low) · [ev_crop_yield_heusch95_3]"", ""roose_1994_gces_fr · quasi_experimental · positive/unspecified · (BFA; low) · [ev_crop_yield_roose94_1]"", ""roose_1994_gces_fr · observational · positive/unspecified · absolute=800 kg_per_ha · (BFA; low) · [ev_crop_yield_roose94_6]"", ""zougmore_2014 · observational · positive/strong · (BFA; low; semi_arid) · [ev_crop_yield_zoug14_1_s]"", ""roose_1994_gces_fr · expert · positive/unspecified · [ev_crop_yield_roose94_4]"", ""wb_2018_rwanda_lwh_icr · observational · positive/unspecified · absolute=2.8 t_per_ha · (RWA; low; cropping_rainfed) · [ev_crop_yield_rwa18_7]"", ""ieg_2011_india_watershed_cluster_ppar · observational · positive/unspecified · (IND; lower_middle) · [ev_crop_yield_iegind11_8]"", ""wb_2022_uttarakhand2_watershed_icr · model · positive/unspecified · (IND; lower_middle; cropping_rainfed) · [ev_crop_yield_utk22_8]"", ""wb_2018_rwanda_lwh_icr · quasi_experimental · positive/strong · pct_change=36 percent · (RWA; low; cropping_rainfed) · [ev_agricultural_production_value_rwa18_3]""], ""agreement_note"": ""weighted sign agreement 0.878: positive 15 ['ev_crop_yield_zoug14_2', 'ev_crop_yield_zoug14_4', 'ev_crop_yield_iegind11_8', 'ev_crop_yield_iegchn07_1', 'ev_crop_yield_utk22_8', 'ev_agricultural_production_value_rwa18_3', 'ev_crop_yield_rwa18_7', 'ev_crop_yield_roose06_1', 'ev_crop_yield_roose06_2', 'ev_crop_yield_heusch95_2', 'ev_crop_yield_heusch95_3', 'ev_crop_yield_roose94_1', 'ev_crop_yield_roose94_4', 'ev_crop_yield_roose94_6', 'ev_crop_yield_zoug14_1_s']; negative 1 ['ev_crop_yield_heusch95_1']; null 1 ['ev_crop_yield_roose06_3']."", ""proxies"": [""agricultural_production_value→production_gap (proxy)""], ""key_evidence_ids"": [""ev_crop_yield_heusch95_1"", ""ev_crop_yield_zoug14_2"", ""ev_crop_yield_zoug14_4"", ""ev_crop_yield_iegchn07_1"", ""ev_crop_yield_roose06_1""], ""source_mix"": {""peer_reviewed"": 17, ""grey"": 0, ""expert"": 0}, ""prose_pending"": true}",,"[""ev_crop_yield_zoug14_2"", ""ev_crop_yield_zoug14_4"", ""ev_crop_yield_iegind11_8"", ""ev_crop_yield_iegchn07_1"", ""ev_crop_yield_utk22_8"", ""ev_agricultural_production_value_rwa18_3"", ""ev_crop_yield_rwa18_7"", ""ev_crop_yield_roose06_1"", ""ev_crop_yield_roose06_2"", ""ev_crop_yield_roose06_3"", ""ev_crop_yield_heusch95_1"", ""ev_crop_yield_heusch95_2"", ""ev_crop_yield_heusch95_3"", ""ev_crop_yield_roose94_1"", ""ev_crop_yield_roose94_4"", ""ev_crop_yield_roose94_6"", ""ev_crop_yield_zoug14_1_s""]",water_harvesting__terracing,,,"{""income_groups"": {""low"": 5, ""lower_middle"": 4, ""unknown"": 1}, ""aezs"": {""semi_arid"": 1, ""unknown"": 7}, ""farming_systems"": {""cropping_rainfed"": 2, ""unknown"": 6}, ""countries"": [""BFA"", ""CHN"", ""ETH"", ""IND"", ""KEN"", ""NER"", ""RWA""], ""n_sources_in_scope"": 8, ""weight_share_in_context"": 0.915, ""target"": {""income_group"": ""lic_lmic""}, ""transfer_class"": ""in_context""}",false,"{""metric"": ""pct_change"", ""unit"": ""percent"", ""median"": 55.0, ""low"": 36.0, ""high"": 142.0, ""n"": 4, ""income_groups"": {""low"": 3, ""lower_middle"": 2}, ""class"": ""strong"", ""class_context"": ""lic_lmic"", ""n_excluded_opposite"": 1, ""n_excluded_band"": 0}",robust,high,false
water_harvesting_conservation__rural_poverty,water_harvesting_conservation,rural_poverty,opportunity_space_variable,moderate_positive,very_high,"[prose pending] water_harvesting_conservation moderately reduces rural_poverty in BFA, BRA, CHN, ETH, GHA, IND, KEN, MLI, MRT, NER, PER, RWA, TUN, YEM, ZMB (robust evidence, high agreement → very_high confidence; transfer: in_context).",,,,,"{""statement"": ""water_harvesting_conservation moderately reduces rural_poverty in BFA, BRA, CHN, ETH, GHA, IND, KEN, MLI, MRT, NER, PER, RWA, TUN, YEM, ZMB (robust evidence, high agreement → very_high confidence; transfer: in_context)."", ""strength_basis"": ""quantified"", ""proxy_capped"": true, ""evidence_summary"": [""venot_2012 · observational · positive/strong · absolute=350 usd_per_household_yr · (GHA; lower_middle) · [ev_household_income_veno12_1]"", ""malan_2024 · quasi_experimental · negative/moderate · pct_change=15 percent · (ETH; low) · [ev_household_income_mala24_1]"", ""malan_2024 · quasi_experimental · positive/moderate · pct_change=16 percent · (GHA; lower_middle) · [ev_economic_return_mala24_1]"", ""roose_1994_gces_fr · observational · positive/unspecified · (BFA; low) · [ev_food_security_roose94_1]"", ""schmidt_tadesse_2012_essp_wp42_slwm · model · none/unspecified · (ETH; low) · [ev_economic_return_schmidt12_6]"", ""brito_2007_embrapa_aguachuva_pt · case_study · positive/unspecified · (BRA; upper_middle; semi_arid) · [ev_household_income_brito07_7]"", ""silva_2009_embrapa_aguavida_pt · observational · none/unspecified · (BRA; upper_middle; semi_arid) · [ev_household_income_silva09_3]"", ""zougmore_2014 · observational · positive/unspecified · absolute=17000 xof_per_ha · (BFA; low; semi_arid) · [ev_economic_return_zoug14_1]"", ""ritchie_2021 · observational · negative/unspecified · (KEN; lower_middle) · [ev_economic_return_ritc21_1]"", ""ritchie_2021 · observational · positive/unspecified · (KEN; lower_middle) · [ev_household_income_ritc21_1]"", ""ritchie_2021 · observational · positive/unspecified · (KEN; lower_middle) · [ev_household_income_ritc21_2]"", ""saruchera_2019 · observational · positive/strong · pct_change=55 percent · (TUN; lower_middle) · [ev_household_income_saru19_1]"", ""saruchera_2019 · observational · positive/unspecified · (BFA; low) · [ev_household_income_saru19_2]"", ""venot_2012 · observational · positive/strong · pct_change=70 percent · (ZMB; lower_middle) · [ev_household_income_veno12_2]"", ""venot_2012 · observational · positive/unspecified · (ETH; low) · [ev_household_income_veno12_3]"", ""zougmore_2014 · observational · negative/unspecified · (BFA; low; semi_arid) · [ev_economic_return_zoug14_3]"", ""heusch_1995_banquette_fr · observational · positive/unspecified · absolute=1 percent_return · (NER; low) · [ev_economic_return_heusch95_1]"", ""willems_2021_andenes_es · expert · positive/unspecified · (PER; upper_middle) · [ev_economic_return_willem21_1]"", ""fao_2013_captacion_es · expert · positive/unspecified · [ev_economic_return_fao13c_1]"", ""ritchie_2021 · observational · positive/unspecified · (pastoral_rangeland) · [ev_household_income_ritc21_3]"", ""zougmore_2014 · observational · positive/unspecified · (BFA,MLI,NER; low; semi_arid) · [ev_food_security_zoug14_1]"", ""zougmore_2014 · observational · positive/unspecified · (BFA,MLI,NER; low; semi_arid) · [ev_household_income_zoug14_1]"", ""ieg_2007_china_loess2_ppar · quasi_experimental · positive/strong · pct_change=58 · (CHN; lower_middle) · [ev_household_income_iegchn07_6]"", ""arega_2024_ifpri_ilssi_psnp_public_works · observational · none/unspecified · (ETH; low) · [ev_food_security_arega24_1]"", ""ieg_2011_india_watershed_cluster_ppar · quasi_experimental · positive/strong · pct_change=54 53 to 87 · (IND; lower_middle) · [ev_household_income_iegind11_2]"", ""arsky_2020_cisternas_pt · expert · positive/unspecified · (BRA; upper_middle; semi_arid) · [ev_food_security_arsky20_6]"", ""cirilo_2003_barragens_subterraneas_pt · case_study · none/unspecified · (BRA; upper_middle; semi_arid) · [ev_household_income_cirilo03_5]"", ""cirilo_2003_barragens_subterraneas_pt · case_study · positive/unspecified · (BRA; upper_middle; semi_arid) · [ev_food_security_cirilo03_6]"", ""cirilo_2003_barragens_subterraneas_pt · observational · none/unspecified · (BRA; upper_middle; semi_arid) · [ev_household_income_cirilo03_7]"", ""malan_2024 · quasi_experimental · none/unspecified · ns · (KEN; lower_middle) · [ev_household_income_mala24_2]"", ""wb_2014_mauritania_cbwm_icr · model · positive/unspecified · absolute=25 percent_irr · (MRT; lower_middle) · [ev_economic_return_mrt14_5]"", ""kabore_reij_2004_ifpri_eptd114_zai · model · positive/unspecified · absolute=133 xof_per_labour_hour · (BFA; low; semi_arid) · [ev_economic_return_kabo04_1]"", ""kabore_reij_2004_ifpri_eptd114_zai · observational · negative/unspecified · (NER; low; semi_arid) · [ev_food_security_kabo04_1]"", ""cirilo_2003_barragens_subterraneas_pt · observational · positive/unspecified · absolute=6.48 5.35 to 8.61 benefit_cost_ratio · (BRA; upper_middle; semi_arid) · [ev_economic_return_cirilo03_10]"", ""saruchera_2019 · observational · positive/unspecified · [ev_household_income_saru19_3]"", ""saruchera_2019 · observational · positive/unspecified · [ev_food_security_saru19_1]"", ""castro_2022_ipea_cisternas_pt · expert · positive/unspecified · (BRA; upper_middle; semi_arid) · [ev_food_security_castro22_3]"", ""casagrande_2022_segunda_agua_pt · quasi_experimental · positive/slight · pct_change=4.6 percent · (BRA; upper_middle; semi_arid) · [ev_household_income_casag22_1]"", ""casagrande_2022_segunda_agua_pt · quasi_experimental · positive/moderate · pct_change=11 percent · (BRA; upper_middle; semi_arid) · [ev_household_income_casag22_2]"", ""wb_2016_ethiopia_psnp3_icr · model · positive/unspecified · (ETH; low) · [ev_economic_return_eth16_8]"", ""casagrande_2022_segunda_agua_pt · quasi_experimental · positive/slight · ln_response_ratio=0.0463 · (BRA; upper_middle; semi_arid) · [ev_household_income_casag22_3]"", ""casagrande_2022_segunda_agua_pt · quasi_experimental · positive/moderate · ln_response_ratio=0.1443 · (BRA; upper_middle; semi_arid) · [ev_household_income_casag22_5]"", ""casagrande_2022_segunda_agua_pt · quasi_experimental · negative/slight · ln_response_ratio=-0.0548 · (BRA; upper_middle; semi_arid) · [ev_household_income_casag22_6]"", ""casagrande_2022_segunda_agua_pt · quasi_experimental · negative/unspecified · absolute=0.0858 0.0216 to 0.1521 benefit_cost_ratio · (BRA; upper_middle; semi_arid) · [ev_economic_return_casag22_9]"", ""wb_2022_uttarakhand2_watershed_icr · model · positive/unspecified · (IND; lower_middle; cropping_rainfed) · [ev_household_income_utk22_9]"", ""wb_2012_yemen_gscp_icr · model · positive/moderate · pct_change=21.65 percent · (YEM; low) · [ev_household_income_yem12_6]"", ""wb_2012_yemen_gscp_icr · model · positive/unspecified · (YEM; low) · [ev_economic_return_yem12_7]"", ""joshi_2005_iwmi_ca_rr8_watershed_meta · meta_analysis · positive/unspecified · absolute=2.14 benefit_cost_ratio · (IND; lower_middle) · [ev_economic_return_josh05_1]"", ""joshi_2005_iwmi_ca_rr8_watershed_meta · meta_analysis · positive/unspecified · absolute=22 percent_irr · (IND; lower_middle) · [ev_economic_return_josh05_2]"", ""wb_2020_karnataka2_watershed_icr · case_study · positive/unspecified · (IND; lower_middle) · [ev_household_income_kar20_3]"", ""wb_2020_karnataka2_watershed_icr · quasi_experimental · positive/unspecified · (IND; lower_middle) · [ev_household_income_kar20_4]"", ""abate_2021_ifpri_dp2069_cbinremp · quasi_experimental · positive/moderate · pct_change=17.8 · ns · (ETH; low) · [ev_household_income_abate21_3]"", ""wb_2018_rwanda_lwh_icr · model · positive/unspecified · absolute=285 usd_npv_per_ha · (RWA; low; cropping_rainfed) · [ev_economic_return_rwa18_8]"", ""wb_2018_rwanda_lwh_icr · model · positive/unspecified · absolute=1.38 benefit_cost_ratio · (RWA; low; cropping_rainfed) · [ev_economic_return_rwa18_9]"", ""wb_2018_rwanda_lwh_icr · model · positive/unspecified · absolute=2.17 benefit_cost_ratio · (RWA; low; cropping_rainfed) · [ev_economic_return_rwa18_10]"", ""abate_2021_ifpri_dp2069_cbinremp · quasi_experimental · positive/slight · ln_response_ratio=0.044 · ns · (ETH; low) · [ev_household_income_abate21_2]"", ""abate_2021_ifpri_dp2069_cbinremp · quasi_experimental · none/unspecified · ns · (ETH; low) · [ev_food_security_abate21_4]"", ""wb_2018_rwanda_lwh_icr · quasi_experimental · positive/unspecified · (RWA; low) · [ev_food_security_rwa18_5]"", ""casagrande_2022_segunda_agua_pt · quasi_experimental · positive/slight · ln_response_ratio=0.0137 · ns · (BRA; upper_middle) · [ev_household_income_casag22_4]""], ""agreement_note"": ""weighted sign agreement 0.808: positive 46 ['ev_food_security_zoug14_1', 'ev_household_income_zoug14_1', 'ev_economic_return_zoug14_1', 'ev_household_income_ritc21_1', 'ev_household_income_ritc21_2', 'ev_household_income_ritc21_3', 'ev_household_income_saru19_1', 'ev_household_income_saru19_2', 'ev_household_income_saru19_3', 'ev_food_security_saru19_1', 'ev_household_income_veno12_1', 'ev_household_income_veno12_2', 'ev_household_income_veno12_3', 'ev_economic_return_kabo04_1', 'ev_economic_return_mala24_1', 'ev_economic_return_josh05_1', 'ev_economic_return_josh05_2', 'ev_household_income_iegind11_2', 'ev_household_income_iegchn07_6', 'ev_household_income_abate21_2', 'ev_household_income_abate21_3', 'ev_household_income_utk22_9', 'ev_food_security_rwa18_5', 'ev_economic_return_rwa18_8', 'ev_economic_return_rwa18_9', 'ev_economic_return_rwa18_10', 'ev_household_income_yem12_6', 'ev_economic_return_yem12_7', 'ev_economic_return_mrt14_5', 'ev_household_income_kar20_3', 'ev_household_income_kar20_4', 'ev_economic_return_eth16_8', 'ev_economic_return_willem21_1', 'ev_economic_return_heusch95_1', 'ev_economic_return_fao13c_1', 'ev_food_security_roose94_1', 'ev_food_security_arsky20_6', 'ev_household_income_casag22_1', 'ev_household_income_casag22_2', 'ev_household_income_casag22_3', 'ev_household_income_casag22_4', 'ev_household_income_casag22_5', 'ev_food_security_castro22_3', 'ev_food_security_cirilo03_6', 'ev_economic_return_cirilo03_10', 'ev_household_income_brito07_7']; negative 6 ['ev_economic_return_ritc21_1', 'ev_household_income_mala24_1', 'ev_economic_return_zoug14_3', 'ev_food_security_kabo04_1', 'ev_household_income_casag22_6', 'ev_economic_return_casag22_9']; null 7 ['ev_household_income_mala24_2', 'ev_food_security_abate21_4', 'ev_economic_return_schmidt12_6', 'ev_food_security_arega24_1', 'ev_household_income_cirilo03_5', 'ev_household_income_cirilo03_7', 'ev_household_income_silva09_3']."", ""proxies"": [""economic_return→rural_poverty (proxy)"", ""food_security→rural_poverty (proxy)"", ""household_income→rural_poverty (proxy)""], ""key_evidence_ids"": [""ev_household_income_veno12_1"", ""ev_household_income_mala24_1"", ""ev_economic_return_mala24_1"", ""ev_food_security_roose94_1"", ""ev_economic_return_schmidt12_6""], ""source_mix"": {""peer_reviewed"": 59, ""grey"": 0, ""expert"": 0}, ""prose_pending"": true}",,"[""ev_food_security_zoug14_1"", ""ev_household_income_zoug14_1"", ""ev_economic_return_zoug14_1"", ""ev_economic_return_ritc21_1"", ""ev_household_income_ritc21_1"", ""ev_household_income_ritc21_2"", ""ev_household_income_ritc21_3"", ""ev_household_income_saru19_1"", ""ev_household_income_saru19_2"", ""ev_household_income_saru19_3"", ""ev_food_security_saru19_1"", ""ev_household_income_veno12_1"", ""ev_household_income_veno12_2"", ""ev_household_income_veno12_3"", ""ev_household_income_mala24_1"", ""ev_economic_return_kabo04_1"", ""ev_economic_return_zoug14_3"", ""ev_economic_return_mala24_1"", ""ev_household_income_mala24_2"", ""ev_economic_return_josh05_1"", ""ev_economic_return_josh05_2"", ""ev_food_security_kabo04_1"", ""ev_household_income_iegind11_2"", ""ev_household_income_iegchn07_6"", ""ev_household_income_abate21_2"", ""ev_household_income_abate21_3"", ""ev_food_security_abate21_4"", ""ev_economic_return_schmidt12_6"", ""ev_food_security_arega24_1"", ""ev_household_income_utk22_9"", ""ev_food_security_rwa18_5"", ""ev_economic_return_rwa18_8"", ""ev_economic_return_rwa18_9"", ""ev_economic_return_rwa18_10"", ""ev_household_income_yem12_6"", ""ev_economic_return_yem12_7"", ""ev_economic_return_mrt14_5"", ""ev_household_income_kar20_3"", ""ev_household_income_kar20_4"", ""ev_economic_return_eth16_8"", ""ev_economic_return_willem21_1"", ""ev_economic_return_heusch95_1"", ""ev_economic_return_fao13c_1"", ""ev_food_security_roose94_1"", ""ev_food_security_arsky20_6"", ""ev_household_income_casag22_1"", ""ev_household_income_casag22_2"", ""ev_household_income_casag22_3"", ""ev_household_income_casag22_4"", ""ev_household_income_casag22_5"", ""ev_household_income_casag22_6"", ""ev_economic_return_casag22_9"", ""ev_food_security_castro22_3"", ""ev_household_income_cirilo03_5"", ""ev_food_security_cirilo03_6"", ""ev_household_income_cirilo03_7"", ""ev_economic_return_cirilo03_10"", ""ev_household_income_brito07_7"", ""ev_household_income_silva09_3""]",,,,"{""income_groups"": {""low"": 13, ""lower_middle"": 10, ""unknown"": 3, ""upper_middle"": 7}, ""aezs"": {""semi_arid"": 8, ""unknown"": 21}, ""farming_systems"": {""cropping_rainfed"": 2, ""pastoral_rangeland"": 1, ""unknown"": 27}, ""countries"": [""BFA"", ""BRA"", ""CHN"", ""ETH"", ""GHA"", ""IND"", ""KEN"", ""MLI"", ""MRT"", ""NER"", ""PER"", ""RWA"", ""TUN"", ""YEM"", ""ZMB""], ""n_sources_in_scope"": 28, ""weight_share_in_context"": 0.655, ""target"": {""income_group"": ""lic_lmic""}, ""transfer_class"": ""in_context""}",true,"{""metric"": ""absolute"", ""unit"": ""benefit_cost_ratio"", ""median"": 2.2, ""low"": 1.38, ""high"": 6.48, ""n"": 313, ""income_groups"": {""low"": 1, ""lower_middle"": 1, ""upper_middle"": 1}, ""class"": ""unspecified"", ""class_context"": ""lic_lmic"", ""n_excluded_opposite"": 2, ""n_excluded_band"": 0}",robust,high,false
water_harvesting_conservation__rural_poverty__aez-semi_arid,water_harvesting_conservation,rural_poverty,opportunity_space_variable,slight_positive,high,"In semi-arid areas, cisterns and subsurface dams let families irrigate gardens and fruit, diversifying diets and raising farm income, while zai and stone bunds raise cereal output and return to labour; food security rises with the area of farm under bunds.","Income gains from the Brazilian cistern programme are small and turned negative for larger farms, its benefit-cost ratio is well below one, and subsurface dams yielded little cash income in stagnant local economies; a Sahelian study found SWC families still in deficit in low-rainfall years, and single SWC measures did not repay annual costs.",,,,"{""statement"": ""water_harvesting_conservation slightly reduces rural_poverty in semi_arid (robust evidence, medium agreement → high confidence; transfer: adjacent)."", ""strength_basis"": ""quantified"", ""proxy_capped"": false, ""evidence_summary"": [""brito_2007_embrapa_aguachuva_pt · case_study · positive/unspecified · (BRA; upper_middle; semi_arid) · [ev_household_income_brito07_7]"", ""silva_2009_embrapa_aguavida_pt · observational · none/unspecified · (BRA; upper_middle; semi_arid) · [ev_household_income_silva09_3]"", ""zougmore_2014 · observational · positive/unspecified · absolute=17000 xof_per_ha · (BFA; low; semi_arid) · [ev_economic_return_zoug14_1]"", ""zougmore_2014 · observational · negative/unspecified · (BFA; low; semi_arid) · [ev_economic_return_zoug14_3]"", ""zougmore_2014 · observational · positive/unspecified · (BFA,MLI,NER; low; semi_arid) · [ev_food_security_zoug14_1]"", ""zougmore_2014 · observational · positive/unspecified · (BFA,MLI,NER; low; semi_arid) · [ev_household_income_zoug14_1]"", ""arsky_2020_cisternas_pt · expert · positive/unspecified · (BRA; upper_middle; semi_arid) · [ev_food_security_arsky20_6]"", ""cirilo_2003_barragens_subterraneas_pt · case_study · none/unspecified · (BRA; upper_middle; semi_arid) · [ev_household_income_cirilo03_5]"", ""cirilo_2003_barragens_subterraneas_pt · case_study · positive/unspecified · (BRA; upper_middle; semi_arid) · [ev_food_security_cirilo03_6]"", ""cirilo_2003_barragens_subterraneas_pt · observational · none/unspecified · (BRA; upper_middle; semi_arid) · [ev_household_income_cirilo03_7]"", ""kabore_reij_2004_ifpri_eptd114_zai · model · positive/unspecified · absolute=133 xof_per_labour_hour · (BFA; low; semi_arid) · [ev_economic_return_kabo04_1]"", ""kabore_reij_2004_ifpri_eptd114_zai · observational · negative/unspecified · (NER; low; semi_arid) · [ev_food_security_kabo04_1]"", ""cirilo_2003_barragens_subterraneas_pt · observational · positive/unspecified · absolute=6.48 5.35 to 8.61 benefit_cost_ratio · (BRA; upper_middle; semi_arid) · [ev_economic_return_cirilo03_10]"", ""castro_2022_ipea_cisternas_pt · expert · positive/unspecified · (BRA; upper_middle; semi_arid) · [ev_food_security_castro22_3]"", ""casagrande_2022_segunda_agua_pt · quasi_experimental · positive/slight · pct_change=4.6 percent · (BRA; upper_middle; semi_arid) · [ev_household_income_casag22_1]"", ""casagrande_2022_segunda_agua_pt · quasi_experimental · positive/moderate · pct_change=11 percent · (BRA; upper_middle; semi_arid) · [ev_household_income_casag22_2]"", ""casagrande_2022_segunda_agua_pt · quasi_experimental · positive/slight · ln_response_ratio=0.0463 · (BRA; upper_middle; semi_arid) · [ev_household_income_casag22_3]"", ""casagrande_2022_segunda_agua_pt · quasi_experimental · positive/moderate · ln_response_ratio=0.1443 · (BRA; upper_middle; semi_arid) · [ev_household_income_casag22_5]"", ""casagrande_2022_segunda_agua_pt · quasi_experimental · negative/slight · ln_response_ratio=-0.0548 · (BRA; upper_middle; semi_arid) · [ev_household_income_casag22_6]"", ""casagrande_2022_segunda_agua_pt · quasi_experimental · negative/unspecified · absolute=0.0858 0.0216 to 0.1521 benefit_cost_ratio · (BRA; upper_middle; semi_arid) · [ev_economic_return_casag22_9]""], ""agreement_note"": ""weighted sign agreement 0.72: positive 13 ['ev_food_security_zoug14_1', 'ev_household_income_zoug14_1', 'ev_economic_return_zoug14_1', 'ev_economic_return_kabo04_1', 'ev_food_security_arsky20_6', 'ev_household_income_casag22_1', 'ev_household_income_casag22_2', 'ev_household_income_casag22_3', 'ev_household_income_casag22_5', 'ev_food_security_castro22_3', 'ev_food_security_cirilo03_6', 'ev_economic_return_cirilo03_10', 'ev_household_income_brito07_7']; negative 4 ['ev_economic_return_zoug14_3', 'ev_food_security_kabo04_1', 'ev_household_income_casag22_6', 'ev_economic_return_casag22_9']; null 3 ['ev_household_income_cirilo03_5', 'ev_household_income_cirilo03_7', 'ev_household_income_silva09_3']."", ""proxies"": [""economic_return→rural_poverty (proxy)"", ""food_security→rural_poverty (proxy)"", ""household_income→rural_poverty (proxy)""], ""key_evidence_ids"": [""ev_household_income_brito07_7"", ""ev_household_income_silva09_3"", ""ev_economic_return_zoug14_1"", ""ev_economic_return_zoug14_3"", ""ev_food_security_zoug14_1""], ""source_mix"": {""peer_reviewed"": 20, ""grey"": 0, ""expert"": 0}, ""prose_pending"": false, ""mechanism"": ""In semi-arid areas, cisterns and subsurface dams let families irrigate gardens and fruit, diversifying diets and raising farm income, while zai and stone bunds raise cereal output and return to labour; food security rises with the area of farm under bunds."", ""conditionality"": ""Income gains from the Brazilian cistern programme are small and turned negative for larger farms, its benefit-cost ratio is well below one, and subsurface dams yielded little cash income in stagnant local economies; a Sahelian study found SWC families still in deficit in low-rainfall years, and single SWC measures did not repay annual costs."", ""prose_written"": ""2026-10-06""}",,"[""ev_food_security_zoug14_1"", ""ev_household_income_zoug14_1"", ""ev_economic_return_zoug14_1"", ""ev_economic_return_kabo04_1"", ""ev_economic_return_zoug14_3"", ""ev_food_security_kabo04_1"", ""ev_food_security_arsky20_6"", ""ev_household_income_casag22_1"", ""ev_household_income_casag22_2"", ""ev_household_income_casag22_3"", ""ev_household_income_casag22_5"", ""ev_household_income_casag22_6"", ""ev_economic_return_casag22_9"", ""ev_food_security_castro22_3"", ""ev_household_income_cirilo03_5"", ""ev_food_security_cirilo03_6"", ""ev_household_income_cirilo03_7"", ""ev_economic_return_cirilo03_10"", ""ev_household_income_brito07_7"", ""ev_household_income_silva09_3""]",,aez,semi_arid,"{""income_groups"": {""low"": 2, ""upper_middle"": 6}, ""aezs"": {""semi_arid"": 8}, ""farming_systems"": {""unknown"": 8}, ""countries"": [""BFA"", ""BRA"", ""MLI"", ""NER""], ""n_sources_in_scope"": 8, ""weight_share_in_context"": 0.323, ""target"": {""income_group"": ""lic_lmic"", ""aez"": ""semi_arid""}, ""transfer_class"": ""adjacent""}",false,,robust,medium,false
water_harvesting_conservation__rural_poverty__income_group-upper_middle,water_harvesting_conservation,rural_poverty,opportunity_space_variable,slight_positive,high,"In the Brazilian semi-arid, cisterns and subsurface dams supply water for gardens, fruit and livestock, improving diets and raising family farm income, with the largest income effects on small farms; Andean terrace rehabilitation is judged to pay back through long durability.","Evidence is from upper-middle-income Brazil and Peru, outside the LIC/LMIC target band. A quasi-experimental study found modest income gains, no effect outside the Northeast, a negative effect on larger farms and a benefit-cost ratio far below one; several units are Embrapa or programme self-assessments and household self-reports.",,,,"{""statement"": ""water_harvesting_conservation slightly reduces rural_poverty in semi_arid (robust evidence, medium agreement → high confidence; transfer: in_context)."", ""strength_basis"": ""quantified"", ""proxy_capped"": false, ""evidence_summary"": [""brito_2007_embrapa_aguachuva_pt · case_study · positive/unspecified · (BRA; upper_middle; semi_arid) · [ev_household_income_brito07_7]"", ""silva_2009_embrapa_aguavida_pt · observational · none/unspecified · (BRA; upper_middle; semi_arid) · [ev_household_income_silva09_3]"", ""willems_2021_andenes_es · expert · positive/unspecified · (PER; upper_middle) · [ev_economic_return_willem21_1]"", ""arsky_2020_cisternas_pt · expert · positive/unspecified · (BRA; upper_middle; semi_arid) · [ev_food_security_arsky20_6]"", ""cirilo_2003_barragens_subterraneas_pt · case_study · none/unspecified · (BRA; upper_middle; semi_arid) · [ev_household_income_cirilo03_5]"", ""cirilo_2003_barragens_subterraneas_pt · case_study · positive/unspecified · (BRA; upper_middle; semi_arid) · [ev_food_security_cirilo03_6]"", ""cirilo_2003_barragens_subterraneas_pt · observational · none/unspecified · (BRA; upper_middle; semi_arid) · [ev_household_income_cirilo03_7]"", ""cirilo_2003_barragens_subterraneas_pt · observational · positive/unspecified · absolute=6.48 5.35 to 8.61 benefit_cost_ratio · (BRA; upper_middle; semi_arid) · [ev_economic_return_cirilo03_10]"", ""castro_2022_ipea_cisternas_pt · expert · positive/unspecified · (BRA; upper_middle; semi_arid) · [ev_food_security_castro22_3]"", ""casagrande_2022_segunda_agua_pt · quasi_experimental · positive/slight · pct_change=4.6 percent · (BRA; upper_middle; semi_arid) · [ev_household_income_casag22_1]"", ""casagrande_2022_segunda_agua_pt · quasi_experimental · positive/moderate · pct_change=11 percent · (BRA; upper_middle; semi_arid) · [ev_household_income_casag22_2]"", ""casagrande_2022_segunda_agua_pt · quasi_experimental · positive/slight · ln_response_ratio=0.0463 · (BRA; upper_middle; semi_arid) · [ev_household_income_casag22_3]"", ""casagrande_2022_segunda_agua_pt · quasi_experimental · positive/moderate · ln_response_ratio=0.1443 · (BRA; upper_middle; semi_arid) · [ev_household_income_casag22_5]"", ""casagrande_2022_segunda_agua_pt · quasi_experimental · negative/slight · ln_response_ratio=-0.0548 · (BRA; upper_middle; semi_arid) · [ev_household_income_casag22_6]"", ""casagrande_2022_segunda_agua_pt · quasi_experimental · negative/unspecified · absolute=0.0858 0.0216 to 0.1521 benefit_cost_ratio · (BRA; upper_middle; semi_arid) · [ev_economic_return_casag22_9]"", ""casagrande_2022_segunda_agua_pt · quasi_experimental · positive/slight · ln_response_ratio=0.0137 · ns · (BRA; upper_middle) · [ev_household_income_casag22_4]""], ""agreement_note"": ""weighted sign agreement 0.798: positive 11 ['ev_economic_return_willem21_1', 'ev_food_security_arsky20_6', 'ev_household_income_casag22_1', 'ev_household_income_casag22_2', 'ev_household_income_casag22_3', 'ev_household_income_casag22_4', 'ev_household_income_casag22_5', 'ev_food_security_castro22_3', 'ev_food_security_cirilo03_6', 'ev_economic_return_cirilo03_10', 'ev_household_income_brito07_7']; negative 2 ['ev_household_income_casag22_6', 'ev_economic_return_casag22_9']; null 3 ['ev_household_income_cirilo03_5', 'ev_household_income_cirilo03_7', 'ev_household_income_silva09_3']."", ""proxies"": [""economic_return→rural_poverty (proxy)"", ""food_security→rural_poverty (proxy)"", ""household_income→rural_poverty (proxy)""], ""key_evidence_ids"": [""ev_household_income_brito07_7"", ""ev_household_income_silva09_3"", ""ev_economic_return_willem21_1"", ""ev_food_security_arsky20_6"", ""ev_household_income_cirilo03_5""], ""source_mix"": {""peer_reviewed"": 16, ""grey"": 0, ""expert"": 0}, ""prose_pending"": false, ""mechanism"": ""In the Brazilian semi-arid, cisterns and subsurface dams supply water for gardens, fruit and livestock, improving diets and raising family farm income, with the largest income effects on small farms; Andean terrace rehabilitation is judged to pay back through long durability."", ""conditionality"": ""Evidence is from upper-middle-income Brazil and Peru, outside the LIC/LMIC target band. A quasi-experimental study found modest income gains, no effect outside the Northeast, a negative effect on larger farms and a benefit-cost ratio far below one; several units are Embrapa or programme self-assessments and household self-reports."", ""prose_written"": ""2026-10-06""}",,"[""ev_economic_return_willem21_1"", ""ev_food_security_arsky20_6"", ""ev_household_income_casag22_1"", ""ev_household_income_casag22_2"", ""ev_household_income_casag22_3"", ""ev_household_income_casag22_4"", ""ev_household_income_casag22_5"", ""ev_household_income_casag22_6"", ""ev_economic_return_casag22_9"", ""ev_food_security_castro22_3"", ""ev_household_income_cirilo03_5"", ""ev_food_security_cirilo03_6"", ""ev_household_income_cirilo03_7"", ""ev_economic_return_cirilo03_10"", ""ev_household_income_brito07_7"", ""ev_household_income_silva09_3""]",,income_group,upper_middle,"{""income_groups"": {""upper_middle"": 7}, ""aezs"": {""semi_arid"": 6, ""unknown"": 2}, ""farming_systems"": {""unknown"": 7}, ""countries"": [""BRA"", ""PER""], ""n_sources_in_scope"": 7, ""weight_share_in_context"": 1.0, ""target"": {""income_group"": ""upper_middle""}, ""transfer_class"": ""in_context""}",false,,robust,medium,false
water_harvesting_conservation__water_harvesting__cross_family__rural_poverty,water_harvesting_conservation,rural_poverty,opportunity_space_variable,moderate_positive,high,"[prose pending] water_harvesting_conservation moderately reduces rural_poverty in BFA, BRA, CHN, ETH, GHA, IND, KEN, MRT, NER (robust evidence, medium agreement → high confidence; transfer: in_context).",,,,,"{""statement"": ""water_harvesting_conservation moderately reduces rural_poverty in BFA, BRA, CHN, ETH, GHA, IND, KEN, MRT, NER (robust evidence, medium agreement → high confidence; transfer: in_context)."", ""strength_basis"": ""quantified"", ""proxy_capped"": false, ""evidence_summary"": [""malan_2024 · quasi_experimental · positive/moderate · pct_change=16 percent · (GHA; lower_middle) · [ev_economic_return_mala24_1]"", ""schmidt_tadesse_2012_essp_wp42_slwm · model · none/unspecified · (ETH; low) · [ev_economic_return_schmidt12_6]"", ""zougmore_2014 · observational · negative/unspecified · (BFA; low; semi_arid) · [ev_economic_return_zoug14_3]"", ""ieg_2007_china_loess2_ppar · quasi_experimental · positive/strong · pct_change=58 · (CHN; lower_middle) · [ev_household_income_iegchn07_6]"", ""arega_2024_ifpri_ilssi_psnp_public_works · observational · none/unspecified · (ETH; low) · [ev_food_security_arega24_1]"", ""ieg_2011_india_watershed_cluster_ppar · quasi_experimental · positive/strong · pct_change=54 53 to 87 · (IND; lower_middle) · [ev_household_income_iegind11_2]"", ""malan_2024 · quasi_experimental · none/unspecified · ns · (KEN; lower_middle) · [ev_household_income_mala24_2]"", ""wb_2014_mauritania_cbwm_icr · model · positive/unspecified · absolute=24 percent_irr · (MRT; lower_middle) · [ev_economic_return_mrt14_4]"", ""kabore_reij_2004_ifpri_eptd114_zai · observational · negative/unspecified · (NER; low; semi_arid) · [ev_food_security_kabo04_1]"", ""castro_2022_ipea_cisternas_pt · expert · positive/unspecified · (BRA; upper_middle; semi_arid) · [ev_food_security_castro22_3]"", ""casagrande_2022_segunda_agua_pt · quasi_experimental · positive/slight · pct_change=4.6 percent · (BRA; upper_middle; semi_arid) · [ev_household_income_casag22_1]"", ""casagrande_2022_segunda_agua_pt · quasi_experimental · positive/moderate · pct_change=11 percent · (BRA; upper_middle; semi_arid) · [ev_household_income_casag22_2]"", ""wb_2016_ethiopia_psnp3_icr · model · positive/unspecified · (ETH; low) · [ev_economic_return_eth16_8]"", ""casagrande_2022_segunda_agua_pt · quasi_experimental · positive/slight · ln_response_ratio=0.0463 · (BRA; upper_middle; semi_arid) · [ev_household_income_casag22_3]"", ""casagrande_2022_segunda_agua_pt · quasi_experimental · positive/moderate · ln_response_ratio=0.1443 · (BRA; upper_middle; semi_arid) · [ev_household_income_casag22_5]"", ""casagrande_2022_segunda_agua_pt · quasi_experimental · negative/slight · ln_response_ratio=-0.0548 · (BRA; upper_middle; semi_arid) · [ev_household_income_casag22_6]"", ""casagrande_2022_segunda_agua_pt · quasi_experimental · negative/unspecified · absolute=0.0858 0.0216 to 0.1521 benefit_cost_ratio · (BRA; upper_middle; semi_arid) · [ev_economic_return_casag22_9]"", ""joshi_2005_iwmi_ca_rr8_watershed_meta · meta_analysis · positive/unspecified · absolute=2.14 benefit_cost_ratio · (IND; lower_middle) · [ev_economic_return_josh05_1]"", ""joshi_2005_iwmi_ca_rr8_watershed_meta · meta_analysis · positive/unspecified · absolute=22 percent_irr · (IND; lower_middle) · [ev_economic_return_josh05_2]"", ""wb_2020_karnataka2_watershed_icr · case_study · positive/unspecified · (IND; lower_middle) · [ev_household_income_kar20_3]"", ""wb_2020_karnataka2_watershed_icr · quasi_experimental · positive/unspecified · (IND; lower_middle) · [ev_household_income_kar20_4]"", ""abate_2021_ifpri_dp2069_cbinremp · quasi_experimental · positive/moderate · pct_change=17.8 · ns · (ETH; low) · [ev_household_income_abate21_3]"", ""abate_2021_ifpri_dp2069_cbinremp · quasi_experimental · positive/slight · ln_response_ratio=0.044 · ns · (ETH; low) · [ev_household_income_abate21_2]"", ""abate_2021_ifpri_dp2069_cbinremp · quasi_experimental · none/unspecified · ns · (ETH; low) · [ev_food_security_abate21_4]"", ""casagrande_2022_segunda_agua_pt · quasi_experimental · positive/slight · ln_response_ratio=0.0137 · ns · (BRA; upper_middle) · [ev_household_income_casag22_4]""], ""agreement_note"": ""weighted sign agreement 0.693: positive 17 ['ev_economic_return_mala24_1', 'ev_economic_return_josh05_1', 'ev_economic_return_josh05_2', 'ev_household_income_iegind11_2', 'ev_household_income_iegchn07_6', 'ev_household_income_abate21_2', 'ev_household_income_abate21_3', 'ev_household_income_kar20_3', 'ev_household_income_kar20_4', 'ev_economic_return_eth16_8', 'ev_economic_return_mrt14_4', 'ev_household_income_casag22_1', 'ev_household_income_casag22_2', 'ev_household_income_casag22_3', 'ev_household_income_casag22_4', 'ev_household_income_casag22_5', 'ev_food_security_castro22_3']; negative 4 ['ev_economic_return_zoug14_3', 'ev_food_security_kabo04_1', 'ev_household_income_casag22_6', 'ev_economic_return_casag22_9']; null 4 ['ev_household_income_mala24_2', 'ev_food_security_abate21_4', 'ev_economic_return_schmidt12_6', 'ev_food_security_arega24_1']."", ""proxies"": [""economic_return→rural_poverty (proxy)"", ""food_security→rural_poverty (proxy)"", ""household_income→rural_poverty (proxy)""], ""key_evidence_ids"": [""ev_economic_return_mala24_1"", ""ev_economic_return_schmidt12_6"", ""ev_economic_return_zoug14_3"", ""ev_household_income_iegchn07_6"", ""ev_food_security_arega24_1""], ""source_mix"": {""peer_reviewed"": 25, ""grey"": 0, ""expert"": 0}, ""prose_pending"": true}",,"[""ev_economic_return_zoug14_3"", ""ev_economic_return_mala24_1"", ""ev_household_income_mala24_2"", ""ev_economic_return_josh05_1"", ""ev_economic_return_josh05_2"", ""ev_food_security_kabo04_1"", ""ev_household_income_iegind11_2"", ""ev_household_income_iegchn07_6"", ""ev_household_income_abate21_2"", ""ev_household_income_abate21_3"", ""ev_food_security_abate21_4"", ""ev_economic_return_schmidt12_6"", ""ev_food_security_arega24_1"", ""ev_household_income_kar20_3"", ""ev_household_income_kar20_4"", ""ev_economic_return_eth16_8"", ""ev_economic_return_mrt14_4"", ""ev_household_income_casag22_1"", ""ev_household_income_casag22_2"", ""ev_household_income_casag22_3"", ""ev_household_income_casag22_4"", ""ev_household_income_casag22_5"", ""ev_household_income_casag22_6"", ""ev_economic_return_casag22_9"", ""ev_food_security_castro22_3""]",water_harvesting__cross_family,,,"{""income_groups"": {""low"": 6, ""lower_middle"": 6, ""upper_middle"": 2}, ""aezs"": {""semi_arid"": 4, ""unknown"": 11}, ""farming_systems"": {""unknown"": 14}, ""countries"": [""BFA"", ""BRA"", ""CHN"", ""ETH"", ""GHA"", ""IND"", ""KEN"", ""MRT"", ""NER""], ""n_sources_in_scope"": 14, ""weight_share_in_context"": 0.745, ""target"": {""income_group"": ""lic_lmic""}, ""transfer_class"": ""in_context""}",false,"{""metric"": ""absolute"", ""unit"": ""percent_irr"", ""median"": 24.0, ""low"": 22.0, ""high"": 24.0, ""n"": 312, ""income_groups"": {""lower_middle"": 2}, ""class"": ""unspecified"", ""class_context"": ""lic_lmic"", ""n_excluded_opposite"": 1, ""n_excluded_band"": 0}",robust,medium,false
water_harvesting_conservation__water_harvesting__in_situ__rural_poverty,water_harvesting_conservation,rural_poverty,opportunity_space_variable,slight_positive,high,Zai and stone or earth bunds raise yields enough that returns to labour exceed the local shadow wage and per-hectare net benefits are positive; bunds also show positive financial returns at subproject level.,The Burkina Faso figures are secondary model estimates and the Mauritania return is a lender self-reported subproject evaluation; manual zai gives far smaller net benefits than mechanised zai in the same source.,,,,"{""statement"": ""water_harvesting_conservation reduces rural_poverty (strength not quantified in the evidence) in semi_arid (medium evidence, high agreement → high confidence; transfer: in_context)."", ""strength_basis"": ""direction_only"", ""proxy_capped"": false, ""evidence_summary"": [""zougmore_2014 · observational · positive/unspecified · absolute=17000 xof_per_ha · (BFA; low; semi_arid) · [ev_economic_return_zoug14_1]"", ""wb_2014_mauritania_cbwm_icr · model · positive/unspecified · absolute=25 percent_irr · (MRT; lower_middle) · [ev_economic_return_mrt14_5]"", ""kabore_reij_2004_ifpri_eptd114_zai · model · positive/unspecified · absolute=133 xof_per_labour_hour · (BFA; low; semi_arid) · [ev_economic_return_kabo04_1]""], ""agreement_note"": ""weighted sign agreement 1.0: positive 3 ['ev_economic_return_zoug14_1', 'ev_economic_return_kabo04_1', 'ev_economic_return_mrt14_5']; negative 0 []; null 0 []."", ""proxies"": [""economic_return→rural_poverty (proxy)""], ""key_evidence_ids"": [""ev_economic_return_zoug14_1"", ""ev_economic_return_mrt14_5"", ""ev_economic_return_kabo04_1""], ""source_mix"": {""peer_reviewed"": 3, ""grey"": 0, ""expert"": 0}, ""prose_pending"": false, ""mechanism"": ""Zai and stone or earth bunds raise yields enough that returns to labour exceed the local shadow wage and per-hectare net benefits are positive; bunds also show positive financial returns at subproject level."", ""conditionality"": ""The Burkina Faso figures are secondary model estimates and the Mauritania return is a lender self-reported subproject evaluation; manual zai gives far smaller net benefits than mechanised zai in the same source."", ""prose_written"": ""2026-10-06""}",,"[""ev_economic_return_zoug14_1"", ""ev_economic_return_kabo04_1"", ""ev_economic_return_mrt14_5""]",water_harvesting__in_situ,,,"{""income_groups"": {""low"": 2, ""lower_middle"": 1}, ""aezs"": {""semi_arid"": 2, ""unknown"": 1}, ""farming_systems"": {""unknown"": 3}, ""countries"": [""BFA"", ""MRT""], ""n_sources_in_scope"": 3, ""weight_share_in_context"": 1.0, ""target"": {""income_group"": ""lic_lmic""}, ""transfer_class"": ""in_context""}",false,,medium,high,false
water_harvesting_conservation__water_harvesting__rooftop__rural_poverty,water_harvesting_conservation,rural_poverty,opportunity_space_variable,no_relationship,very_low,"Domestic rooftop cisterns supply drinking and household water rather than productive water, so most beneficiaries report improved quality of life but no change in income.","Single Embrapa household survey in semi-arid Brazil (upper-middle income, self-reported); the null concerns cash income, not other welfare outcomes.",,,,"{""statement"": ""water_harvesting_conservation shows no effect on rural_poverty (strength not quantified in the evidence) in semi_arid (limited evidence, low agreement → very_low confidence; transfer: adjacent)."", ""strength_basis"": ""direction_only"", ""proxy_capped"": false, ""evidence_summary"": [""silva_2009_embrapa_aguavida_pt · observational · none/unspecified · (BRA; upper_middle; semi_arid) · [ev_household_income_silva09_3]""], ""agreement_note"": ""sign agreement undefined (single independent source): positive 0 []; negative 0 []; null 1 ['ev_household_income_silva09_3']."", ""proxies"": [""household_income→rural_poverty (proxy)""], ""key_evidence_ids"": [""ev_household_income_silva09_3""], ""source_mix"": {""peer_reviewed"": 1, ""grey"": 0, ""expert"": 0}, ""prose_pending"": false, ""mechanism"": ""Domestic rooftop cisterns supply drinking and household water rather than productive water, so most beneficiaries report improved quality of life but no change in income."", ""conditionality"": ""Single Embrapa household survey in semi-arid Brazil (upper-middle income, self-reported); the null concerns cash income, not other welfare outcomes."", ""prose_written"": ""2026-10-06""}",,"[""ev_household_income_silva09_3""]",water_harvesting__rooftop,,,"{""income_groups"": {""upper_middle"": 1}, ""aezs"": {""semi_arid"": 1}, ""farming_systems"": {""unknown"": 1}, ""countries"": [""BRA""], ""n_sources_in_scope"": 1, ""weight_share_in_context"": 0.0, ""target"": {""income_group"": ""lic_lmic""}, ""transfer_class"": ""adjacent""}",false,,limited,low,false
water_harvesting_conservation__water_harvesting__runoff_catchment__rural_poverty,water_harvesting_conservation,rural_poverty,opportunity_space_variable,moderate_positive,very_high,"Small reservoirs, sand dams, runoff cisterns and subsurface dams provide water for dry-season irrigation of vegetables and fruit and for livestock, shifting cropping towards higher-value crops and raising household income and lean-season food security.","Most magnitudes are secondary citations in reviews or vote counts; sand dams are judged likely not cost-efficient for water supply, and subsurface dams in Brazil produced little cash income where markets, electricity or irrigation experience were missing. A high benefit-cost ratio for Brazilian subsurface dams is from an upper-middle-income context.",,,,"{""statement"": ""water_harvesting_conservation moderately reduces rural_poverty in BFA, BRA, ETH, GHA, KEN, TUN, ZMB (robust evidence, high agreement → very_high confidence; transfer: in_context)."", ""strength_basis"": ""quantified"", ""proxy_capped"": true, ""evidence_summary"": [""venot_2012 · observational · positive/strong · absolute=350 usd_per_household_yr · (GHA; lower_middle) · [ev_household_income_veno12_1]"", ""roose_1994_gces_fr · observational · positive/unspecified · (BFA; low) · [ev_food_security_roose94_1]"", ""brito_2007_embrapa_aguachuva_pt · case_study · positive/unspecified · (BRA; upper_middle; semi_arid) · [ev_household_income_brito07_7]"", ""ritchie_2021 · observational · negative/unspecified · (KEN; lower_middle) · [ev_economic_return_ritc21_1]"", ""ritchie_2021 · observational · positive/unspecified · (KEN; lower_middle) · [ev_household_income_ritc21_1]"", ""ritchie_2021 · observational · positive/unspecified · (KEN; lower_middle) · [ev_household_income_ritc21_2]"", ""saruchera_2019 · observational · positive/strong · pct_change=55 percent · (TUN; lower_middle) · [ev_household_income_saru19_1]"", ""saruchera_2019 · observational · positive/unspecified · (BFA; low) · [ev_household_income_saru19_2]"", ""venot_2012 · observational · positive/strong · pct_change=70 percent · (ZMB; lower_middle) · [ev_household_income_veno12_2]"", ""venot_2012 · observational · positive/unspecified · (ETH; low) · [ev_household_income_veno12_3]"", ""ritchie_2021 · observational · positive/unspecified · (pastoral_rangeland) · [ev_household_income_ritc21_3]"", ""arsky_2020_cisternas_pt · expert · positive/unspecified · (BRA; upper_middle; semi_arid) · [ev_food_security_arsky20_6]"", ""cirilo_2003_barragens_subterraneas_pt · case_study · none/unspecified · (BRA; upper_middle; semi_arid) · [ev_household_income_cirilo03_5]"", ""cirilo_2003_barragens_subterraneas_pt · case_study · positive/unspecified · (BRA; upper_middle; semi_arid) · [ev_food_security_cirilo03_6]"", ""cirilo_2003_barragens_subterraneas_pt · observational · none/unspecified · (BRA; upper_middle; semi_arid) · [ev_household_income_cirilo03_7]"", ""cirilo_2003_barragens_subterraneas_pt · observational · positive/unspecified · absolute=6.48 5.35 to 8.61 benefit_cost_ratio · (BRA; upper_middle; semi_arid) · [ev_economic_return_cirilo03_10]"", ""saruchera_2019 · observational · positive/unspecified · [ev_household_income_saru19_3]"", ""saruchera_2019 · observational · positive/unspecified · [ev_food_security_saru19_1]""], ""agreement_note"": ""weighted sign agreement 0.906: positive 15 ['ev_household_income_ritc21_1', 'ev_household_income_ritc21_2', 'ev_household_income_ritc21_3', 'ev_household_income_saru19_1', 'ev_household_income_saru19_2', 'ev_household_income_saru19_3', 'ev_food_security_saru19_1', 'ev_household_income_veno12_1', 'ev_household_income_veno12_2', 'ev_household_income_veno12_3', 'ev_food_security_roose94_1', 'ev_food_security_arsky20_6', 'ev_food_security_cirilo03_6', 'ev_economic_return_cirilo03_10', 'ev_household_income_brito07_7']; negative 1 ['ev_economic_return_ritc21_1']; null 2 ['ev_household_income_cirilo03_5', 'ev_household_income_cirilo03_7']."", ""proxies"": [""economic_return→rural_poverty (proxy)"", ""food_security→rural_poverty (proxy)"", ""household_income→rural_poverty (proxy)""], ""key_evidence_ids"": [""ev_household_income_veno12_1"", ""ev_food_security_roose94_1"", ""ev_household_income_brito07_7"", ""ev_economic_return_ritc21_1"", ""ev_household_income_ritc21_1""], ""source_mix"": {""peer_reviewed"": 18, ""grey"": 0, ""expert"": 0}, ""prose_pending"": false, ""mechanism"": ""Small reservoirs, sand dams, runoff cisterns and subsurface dams provide water for dry-season irrigation of vegetables and fruit and for livestock, shifting cropping towards higher-value crops and raising household income and lean-season food security."", ""conditionality"": ""Most magnitudes are secondary citations in reviews or vote counts; sand dams are judged likely not cost-efficient for water supply, and subsurface dams in Brazil produced little cash income where markets, electricity or irrigation experience were missing. A high benefit-cost ratio for Brazilian subsurface dams is from an upper-middle-income context."", ""prose_written"": ""2026-10-06""}",,"[""ev_economic_return_ritc21_1"", ""ev_household_income_ritc21_1"", ""ev_household_income_ritc21_2"", ""ev_household_income_ritc21_3"", ""ev_household_income_saru19_1"", ""ev_household_income_saru19_2"", ""ev_household_income_saru19_3"", ""ev_food_security_saru19_1"", ""ev_household_income_veno12_1"", ""ev_household_income_veno12_2"", ""ev_household_income_veno12_3"", ""ev_food_security_roose94_1"", ""ev_food_security_arsky20_6"", ""ev_household_income_cirilo03_5"", ""ev_food_security_cirilo03_6"", ""ev_household_income_cirilo03_7"", ""ev_economic_return_cirilo03_10"", ""ev_household_income_brito07_7""]",water_harvesting__runoff_catchment,,,"{""income_groups"": {""low"": 3, ""lower_middle"": 3, ""unknown"": 2, ""upper_middle"": 3}, ""aezs"": {""semi_arid"": 3, ""unknown"": 4}, ""farming_systems"": {""pastoral_rangeland"": 1, ""unknown"": 7}, ""countries"": [""BFA"", ""BRA"", ""ETH"", ""GHA"", ""KEN"", ""TUN"", ""ZMB""], ""n_sources_in_scope"": 7, ""weight_share_in_context"": 0.622, ""target"": {""income_group"": ""lic_lmic""}, ""transfer_class"": ""in_context""}",false,"{""metric"": ""pct_change"", ""unit"": ""percent"", ""median"": 55.0, ""low"": 55.0, ""high"": 70.0, ""n"": 2, ""income_groups"": {""lower_middle"": 2}, ""class"": ""strong"", ""class_context"": ""lic_lmic"", ""n_excluded_opposite"": 0, ""n_excluded_band"": 0}",robust,high,false
water_harvesting_conservation__water_harvesting__terracing__rural_poverty,water_harvesting_conservation,rural_poverty,opportunity_space_variable,moderate_positive,medium,"Terracing raises yields and enables higher-value crops on former hillsides, which drives positive modelled returns per hectare and improved food consumption in project households; terrace investments are judged to pay off over long lifetimes.","The returns are lender crop-budget models (Rwanda, Uttarakhand), with the Rwanda ICR itself flagging an exceptional NPV; the food-security gain is an independent DIME evaluation. A review reports terraces reducing net crop income in Ethiopia, banquette profitability in Niger was close to nil, and bench-terrace returns depend on high-value crops.",,,,"{""statement"": ""water_harvesting_conservation moderately reduces rural_poverty in BFA, ETH, IND, MLI, NER, PER, RWA (medium evidence, medium agreement → medium confidence; transfer: in_context)."", ""strength_basis"": ""quantified"", ""proxy_capped"": true, ""evidence_summary"": [""malan_2024 · quasi_experimental · negative/moderate · pct_change=15 percent · (ETH; low) · [ev_household_income_mala24_1]"", ""heusch_1995_banquette_fr · observational · positive/unspecified · absolute=1 percent_return · (NER; low) · [ev_economic_return_heusch95_1]"", ""willems_2021_andenes_es · expert · positive/unspecified · (PER; upper_middle) · [ev_economic_return_willem21_1]"", ""fao_2013_captacion_es · expert · positive/unspecified · [ev_economic_return_fao13c_1]"", ""zougmore_2014 · observational · positive/unspecified · (BFA,MLI,NER; low; semi_arid) · [ev_food_security_zoug14_1]"", ""zougmore_2014 · observational · positive/unspecified · (BFA,MLI,NER; low; semi_arid) · [ev_household_income_zoug14_1]"", ""wb_2022_uttarakhand2_watershed_icr · model · positive/unspecified · (IND; lower_middle; cropping_rainfed) · [ev_household_income_utk22_9]"", ""wb_2018_rwanda_lwh_icr · model · positive/unspecified · absolute=285 usd_npv_per_ha · (RWA; low; cropping_rainfed) · [ev_economic_return_rwa18_8]"", ""wb_2018_rwanda_lwh_icr · model · positive/unspecified · absolute=1.38 benefit_cost_ratio · (RWA; low; cropping_rainfed) · [ev_economic_return_rwa18_9]"", ""wb_2018_rwanda_lwh_icr · model · positive/unspecified · absolute=2.17 benefit_cost_ratio · (RWA; low; cropping_rainfed) · [ev_economic_return_rwa18_10]"", ""wb_2018_rwanda_lwh_icr · quasi_experimental · positive/unspecified · (RWA; low) · [ev_food_security_rwa18_5]""], ""agreement_note"": ""weighted sign agreement 0.739: positive 10 ['ev_food_security_zoug14_1', 'ev_household_income_zoug14_1', 'ev_household_income_utk22_9', 'ev_food_security_rwa18_5', 'ev_economic_return_rwa18_8', 'ev_economic_return_rwa18_9', 'ev_economic_return_rwa18_10', 'ev_economic_return_willem21_1', 'ev_economic_return_heusch95_1', 'ev_economic_return_fao13c_1']; negative 1 ['ev_household_income_mala24_1']; null 0 []."", ""proxies"": [""economic_return→rural_poverty (proxy)"", ""food_security→rural_poverty (proxy)"", ""household_income→rural_poverty (proxy)""], ""key_evidence_ids"": [""ev_household_income_mala24_1"", ""ev_economic_return_heusch95_1"", ""ev_economic_return_willem21_1"", ""ev_economic_return_fao13c_1"", ""ev_food_security_zoug14_1""], ""source_mix"": {""peer_reviewed"": 11, ""grey"": 0, ""expert"": 0}, ""prose_pending"": false, ""mechanism"": ""Terracing raises yields and enables higher-value crops on former hillsides, which drives positive modelled returns per hectare and improved food consumption in project households; terrace investments are judged to pay off over long lifetimes."", ""conditionality"": ""The returns are lender crop-budget models (Rwanda, Uttarakhand), with the Rwanda ICR itself flagging an exceptional NPV; the food-security gain is an independent DIME evaluation. A review reports terraces reducing net crop income in Ethiopia, banquette profitability in Niger was close to nil, and bench-terrace returns depend on high-value crops."", ""prose_written"": ""2026-10-06""}",,"[""ev_food_security_zoug14_1"", ""ev_household_income_zoug14_1"", ""ev_household_income_mala24_1"", ""ev_household_income_utk22_9"", ""ev_food_security_rwa18_5"", ""ev_economic_return_rwa18_8"", ""ev_economic_return_rwa18_9"", ""ev_economic_return_rwa18_10"", ""ev_economic_return_willem21_1"", ""ev_economic_return_heusch95_1"", ""ev_economic_return_fao13c_1""]",water_harvesting__terracing,,,"{""income_groups"": {""low"": 4, ""lower_middle"": 1, ""unknown"": 1, ""upper_middle"": 1}, ""aezs"": {""semi_arid"": 1, ""unknown"": 6}, ""farming_systems"": {""cropping_rainfed"": 2, ""unknown"": 6}, ""countries"": [""BFA"", ""ETH"", ""IND"", ""MLI"", ""NER"", ""PER"", ""RWA""], ""n_sources_in_scope"": 7, ""weight_share_in_context"": 0.65, ""target"": {""income_group"": ""lic_lmic""}, ""transfer_class"": ""in_context""}",false,,medium,medium,false
water_harvesting_conservation__soil_erosion_risk,water_harvesting_conservation,soil_erosion_risk,opportunity_space_variable,strong_positive,very_high,"[prose pending] water_harvesting_conservation strongly reduces soil_erosion_risk in BDI, BFA, CHN, ESP, ETH, IND, MAR, NER, PER, RWA, TUN, YEM (robust evidence, high agreement → very_high confidence; transfer: in_context).",,,,,"{""statement"": ""water_harvesting_conservation strongly reduces soil_erosion_risk in BDI, BFA, CHN, ESP, ETH, IND, MAR, NER, PER, RWA, TUN, YEM (robust evidence, high agreement → very_high confidence; transfer: in_context)."", ""strength_basis"": ""quantified"", ""proxy_capped"": false, ""evidence_summary"": [""zougmore_2014 · observational · negative/unspecified · (BFA; low; semi_arid) · [ev_erosion_hazard_zoug14_2]"", ""zougmore_2014 · observational · negative/strong · pct_change=79 percent · (BFA; low; semi_arid) · [ev_erosion_hazard_zoug14_1]"", ""roose_1994_gces_fr · quasi_experimental · negative/strong · pct_change=50 percent · (BFA; low) · [ev_erosion_hazard_roose94_1]"", ""roose_2006_terrasses_afrique_fr · quasi_experimental · negative/strong · pct_change=50 50 to 90 percent · (BDI; low) · [ev_erosion_hazard_roose06_2_s]"", ""heusch_1995_banquette_fr · quasi_experimental · negative/strong · absolute=150 fold_change · (NER; low) · [ev_erosion_hazard_heusch95_2_s]"", ""zougmore_2014 · observational · positive/strong · pct_change=59 percent · (BFA; low; semi_arid) · [ev_runoff_reduction_zoug14_1]"", ""roose_2006_terrasses_afrique_fr · quasi_experimental · positive/strong · pct_change=50 percent · (TUN; lower_middle) · [ev_runoff_reduction_roose06_2]"", ""roose_2006_terrasses_afrique_fr · model · positive/moderate · pct_change=17 percent · (TUN; lower_middle) · [ev_runoff_reduction_roose06_3]"", ""heusch_1995_banquette_fr · case_study · positive/strong · pct_change=30 percent · (NER; low) · [ev_erosion_hazard_heusch95_1]"", ""heusch_1995_banquette_fr · model · negative/unspecified · (NER; low) · [ev_runoff_reduction_heusch95_1]"", ""wb_2018_rwanda_lwh_icr · observational · negative/strong · pct_change=89 percent · (RWA; low) · [ev_erosion_hazard_rwa18_2]"", ""wb_2012_yemen_gscp_icr · observational · negative/unspecified · (YEM; low) · [ev_erosion_hazard_yem12_5]"", ""wb_2018_rwanda_lwh_icr · observational · negative/strong · (RWA; low) · [ev_erosion_hazard_rwa18_1_s]"", ""ieg_2007_china_loess2_ppar · observational · negative/unspecified · (CHN; lower_middle) · [ev_erosion_hazard_iegchn07_3]"", ""arega_2024_ifpri_ilssi_psnp_public_works · model · negative/unspecified · (ETH; low) · [ev_erosion_hazard_arega24_3]"", ""willems_2021_andenes_es · meta_analysis · positive/unspecified · absolute=2.5 factor · (PER; upper_middle) · [ev_runoff_reduction_willem21_1]"", ""willems_2021_andenes_es · meta_analysis · positive/unspecified · (PER; upper_middle) · [ev_runoff_reduction_willem21_2]"", ""ieg_2007_china_loess2_ppar · model · positive/unspecified · absolute=25 million_t_per_yr_programme_total · (CHN; lower_middle) · [ev_sediment_retention_iegchn07_5]"", ""ieg_2009_morocco_lakhdar_ppar · case_study · positive/unspecified · (MAR; lower_middle) · [ev_sediment_retention_iegmar09_1]"", ""willems_2021_andenes_es · meta_analysis · positive/unspecified · (PER; upper_middle) · [ev_erosion_hazard_willem21_2]"", ""willems_2021_andenes_es · meta_analysis · negative/strong · pct_change=90 percent · (PER; upper_middle) · [ev_erosion_hazard_willem21_1_s]"", ""frankl_2021 · observational · positive/unspecified · absolute=81 percent_of_structures · (ESP; high) · [ev_erosion_hazard_fran21_1]"", ""wb_2022_uttarakhand2_watershed_icr · observational · negative/unspecified · absolute=69.3 t_per_ha_yr · (IND; lower_middle) · [ev_erosion_hazard_utk22_3]"", ""locatelli_2020_zanjas_es · meta_analysis · negative/strong · pct_change=73.0 percent · (PER; upper_middle) · [ev_erosion_hazard_locat20_1]"", ""ieg_2011_india_watershed_cluster_ppar · observational · positive/unspecified · (IND; lower_middle) · [ev_runoff_reduction_iegind11_5]"", ""ieg_2011_india_watershed_cluster_ppar · observational · positive/unspecified · (IND; lower_middle) · [ev_runoff_reduction_iegind11_6]"", ""frankl_2021 · meta_analysis · positive/unspecified · (ETH; low) · [ev_sediment_retention_fran21_1]"", ""frankl_2021 · meta_analysis · positive/unspecified · absolute=6.05 0.1 to 203.8 t_per_ha_yr · (ETH; low) · [ev_sediment_retention_fran21_2]"", ""frankl_2021 · meta_analysis · positive/unspecified · absolute=1.36 t_per_yr_per_structure · (ETH; low) · [ev_sediment_retention_fran21_3]"", ""wb_2016_ethiopia_psnp3_icr · observational · negative/strong · pct_change=32.2 percent · (ETH; low) · [ev_erosion_hazard_eth16_4]"", ""roose_2006_terrasses_afrique_fr · expert · positive/unspecified · [ev_erosion_hazard_roose06_3]"", ""wb_2020_karnataka2_watershed_icr · case_study · positive/slight · pct_change=3.2 percent · (IND; lower_middle) · [ev_runoff_reduction_kar20_1]"", ""locatelli_2020_zanjas_es · meta_analysis · positive/strong · pct_change=46.4 percent · (PER; upper_middle) · [ev_runoff_reduction_locat20_1]"", ""locatelli_2020_zanjas_es · meta_analysis · positive/unspecified · absolute=3.5 percent_of_rainfall · (PER; upper_middle) · [ev_runoff_reduction_locat20_2]"", ""locatelli_2020_zanjas_es · meta_analysis · positive/unspecified · absolute=15 percent_of_rainfall · (PER; upper_middle) · [ev_runoff_reduction_locat20_3]"", ""ieg_2009_morocco_lakhdar_ppar · expert · positive/unspecified · (MAR; lower_middle) · [ev_sediment_retention_iegmar09_3]"", ""roose_2006_terrasses_afrique_fr · observational · none/unspecified · [ev_erosion_hazard_roose06_4]"", ""roose_2006_terrasses_afrique_fr · meta_analysis · negative/strong · [ev_erosion_hazard_roose06_1_s]"", ""wb_2016_ethiopia_psnp3_icr · observational · positive/unspecified · (ETH; low) · [ev_runoff_reduction_eth16_2]"", ""wb_2022_uttarakhand2_watershed_icr · model · negative/slight · pct_change=1.5 percent · (IND; lower_middle) · [ev_runoff_reduction_utk22_4]"", ""roose_2006_terrasses_afrique_fr · meta_analysis · positive/unspecified · [ev_runoff_reduction_roose06_1]"", ""wb_2016_ethiopia_psnp3_icr · observational · negative/unspecified · (ETH; low) · [ev_erosion_hazard_eth16_5]"", ""wb_2016_ethiopia_psnp3_icr · observational · negative/unspecified · absolute=15.3 t_per_ha_yr · (ETH; low) · [ev_erosion_hazard_eth16_6]"", ""locatelli_2020_zanjas_es · case_study · positive/unspecified · (PER; upper_middle) · [ev_erosion_hazard_locat20_2]"", ""locatelli_2020_zanjas_es · observational · negative/unspecified · (PER; upper_middle) · [ev_erosion_hazard_locat20_3]""], ""agreement_note"": ""weighted sign agreement 0.887: positive 38 ['ev_runoff_reduction_zoug14_1', 'ev_erosion_hazard_zoug14_1', 'ev_erosion_hazard_zoug14_2', 'ev_sediment_retention_fran21_1', 'ev_sediment_retention_fran21_2', 'ev_sediment_retention_fran21_3', 'ev_runoff_reduction_iegind11_5', 'ev_runoff_reduction_iegind11_6', 'ev_erosion_hazard_iegchn07_3', 'ev_sediment_retention_iegchn07_5', 'ev_sediment_retention_iegmar09_1', 'ev_sediment_retention_iegmar09_3', 'ev_erosion_hazard_arega24_3', 'ev_erosion_hazard_rwa18_2', 'ev_erosion_hazard_yem12_5', 'ev_erosion_hazard_utk22_3', 'ev_runoff_reduction_kar20_1', 'ev_runoff_reduction_eth16_2', 'ev_erosion_hazard_eth16_4', 'ev_erosion_hazard_eth16_5', 'ev_erosion_hazard_eth16_6', 'ev_runoff_reduction_locat20_1', 'ev_runoff_reduction_locat20_2', 'ev_runoff_reduction_locat20_3', 'ev_erosion_hazard_locat20_1', 'ev_erosion_hazard_locat20_3', 'ev_runoff_reduction_willem21_1', 'ev_runoff_reduction_willem21_2', 'ev_erosion_hazard_willem21_2', 'ev_erosion_hazard_willem21_1_s', 'ev_runoff_reduction_roose06_1', 'ev_erosion_hazard_roose06_1_s', 'ev_runoff_reduction_roose06_2', 'ev_runoff_reduction_roose06_3', 'ev_erosion_hazard_roose94_1', 'ev_erosion_hazard_rwa18_1_s', 'ev_erosion_hazard_roose06_2_s', 'ev_erosion_hazard_heusch95_2_s']; negative 6 ['ev_erosion_hazard_fran21_1', 'ev_runoff_reduction_utk22_4', 'ev_erosion_hazard_locat20_2', 'ev_erosion_hazard_roose06_3', 'ev_erosion_hazard_heusch95_1', 'ev_runoff_reduction_heusch95_1']; null 1 ['ev_erosion_hazard_roose06_4']."", ""proxies"": [""runoff_reduction→soil_erosion_risk (component)"", ""sediment_retention→soil_erosion_risk (component)""], ""key_evidence_ids"": [""ev_erosion_hazard_zoug14_2"", ""ev_erosion_hazard_zoug14_1"", ""ev_erosion_hazard_roose94_1"", ""ev_erosion_hazard_roose06_2_s"", ""ev_erosion_hazard_heusch95_2_s""], ""source_mix"": {""peer_reviewed"": 45, ""grey"": 0, ""expert"": 0}, ""prose_pending"": true}",,"[""ev_runoff_reduction_zoug14_1"", ""ev_erosion_hazard_zoug14_1"", ""ev_erosion_hazard_zoug14_2"", ""ev_sediment_retention_fran21_1"", ""ev_sediment_retention_fran21_2"", ""ev_sediment_retention_fran21_3"", ""ev_erosion_hazard_fran21_1"", ""ev_runoff_reduction_iegind11_5"", ""ev_runoff_reduction_iegind11_6"", ""ev_erosion_hazard_iegchn07_3"", ""ev_sediment_retention_iegchn07_5"", ""ev_sediment_retention_iegmar09_1"", ""ev_sediment_retention_iegmar09_3"", ""ev_erosion_hazard_arega24_3"", ""ev_erosion_hazard_rwa18_2"", ""ev_erosion_hazard_yem12_5"", ""ev_erosion_hazard_utk22_3"", ""ev_runoff_reduction_utk22_4"", ""ev_runoff_reduction_kar20_1"", ""ev_runoff_reduction_eth16_2"", ""ev_erosion_hazard_eth16_4"", ""ev_erosion_hazard_eth16_5"", ""ev_erosion_hazard_eth16_6"", ""ev_runoff_reduction_locat20_1"", ""ev_runoff_reduction_locat20_2"", ""ev_runoff_reduction_locat20_3"", ""ev_erosion_hazard_locat20_1"", ""ev_erosion_hazard_locat20_2"", ""ev_erosion_hazard_locat20_3"", ""ev_runoff_reduction_willem21_1"", ""ev_runoff_reduction_willem21_2"", ""ev_erosion_hazard_willem21_2"", ""ev_erosion_hazard_willem21_1_s"", ""ev_runoff_reduction_roose06_1"", ""ev_erosion_hazard_roose06_3"", ""ev_erosion_hazard_roose06_4"", ""ev_erosion_hazard_roose06_1_s"", ""ev_runoff_reduction_roose06_2"", ""ev_runoff_reduction_roose06_3"", ""ev_erosion_hazard_heusch95_1"", ""ev_runoff_reduction_heusch95_1"", ""ev_erosion_hazard_roose94_1"", ""ev_erosion_hazard_rwa18_1_s"", ""ev_erosion_hazard_roose06_2_s"", ""ev_erosion_hazard_heusch95_2_s""]",,,,"{""income_groups"": {""high"": 1, ""low"": 9, ""lower_middle"": 6, ""unknown"": 1, ""upper_middle"": 2}, ""aezs"": {""semi_arid"": 1, ""unknown"": 15}, ""farming_systems"": {""unknown"": 16}, ""countries"": [""BDI"", ""BFA"", ""CHN"", ""ESP"", ""ETH"", ""IND"", ""MAR"", ""NER"", ""PER"", ""RWA"", ""TUN"", ""YEM""], ""n_sources_in_scope"": 16, ""weight_share_in_context"": 0.71, ""target"": {""income_group"": ""lic_lmic""}, ""transfer_class"": ""in_context""}",false,"{""metric"": ""absolute"", ""unit"": ""factor"", ""median"": 2.5, ""low"": 2.5, ""high"": 2.5, ""n"": 105, ""income_groups"": {""upper_middle"": 1}, ""class"": ""unspecified"", ""class_context"": ""lic_lmic"", ""n_excluded_opposite"": 3, ""n_excluded_band"": 0}",robust,high,false
water_harvesting_conservation__water_harvesting__cross_family__soil_erosion_risk,water_harvesting_conservation,soil_erosion_risk,opportunity_space_variable,moderate_positive,very_high,"Physical SWC works under public-works and watershed programmes reduce soil loss and downstream runoff, and sediment-control dams with terraces and vegetation trap sediment in the catchment.","Nearly all units are programme or lender reports from Ethiopia, India and China, often perception surveys or before/after comparisons; an Uttarakhand water budget showed surface runoff slightly increasing, the Karnataka runoff comparison is against another SWC programme, and IEG doubts the India runoff measurements. Effects mixing runoff and soil-loss metrics are only components of erosion risk.",,,,"{""statement"": ""water_harvesting_conservation moderately reduces soil_erosion_risk in CHN, ETH, IND (robust evidence, high agreement → very_high confidence; transfer: in_context)."", ""strength_basis"": ""quantified"", ""proxy_capped"": false, ""evidence_summary"": [""ieg_2007_china_loess2_ppar · model · positive/unspecified · absolute=25 million_t_per_yr_programme_total · (CHN; lower_middle) · [ev_sediment_retention_iegchn07_5]"", ""arega_2024_ifpri_ilssi_psnp_public_works · model · negative/unspecified · (ETH; low) · [ev_erosion_hazard_arega24_3]"", ""wb_2022_uttarakhand2_watershed_icr · observational · negative/unspecified · absolute=69.3 t_per_ha_yr · (IND; lower_middle) · [ev_erosion_hazard_utk22_3]"", ""ieg_2011_india_watershed_cluster_ppar · observational · positive/unspecified · (IND; lower_middle) · [ev_runoff_reduction_iegind11_5]"", ""ieg_2011_india_watershed_cluster_ppar · observational · positive/unspecified · (IND; lower_middle) · [ev_runoff_reduction_iegind11_6]"", ""wb_2016_ethiopia_psnp3_icr · observational · negative/strong · pct_change=32.2 percent · (ETH; low) · [ev_erosion_hazard_eth16_4]"", ""wb_2020_karnataka2_watershed_icr · case_study · positive/slight · pct_change=3.2 percent · (IND; lower_middle) · [ev_runoff_reduction_kar20_1]"", ""wb_2016_ethiopia_psnp3_icr · observational · positive/unspecified · (ETH; low) · [ev_runoff_reduction_eth16_2]"", ""wb_2022_uttarakhand2_watershed_icr · model · negative/slight · pct_change=1.5 percent · (IND; lower_middle) · [ev_runoff_reduction_utk22_4]"", ""wb_2016_ethiopia_psnp3_icr · observational · negative/unspecified · (ETH; low) · [ev_erosion_hazard_eth16_5]"", ""wb_2016_ethiopia_psnp3_icr · observational · negative/unspecified · absolute=15.3 t_per_ha_yr · (ETH; low) · [ev_erosion_hazard_eth16_6]""], ""agreement_note"": ""weighted sign agreement 0.953: positive 10 ['ev_runoff_reduction_iegind11_5', 'ev_runoff_reduction_iegind11_6', 'ev_sediment_retention_iegchn07_5', 'ev_erosion_hazard_arega24_3', 'ev_erosion_hazard_utk22_3', 'ev_runoff_reduction_kar20_1', 'ev_runoff_reduction_eth16_2', 'ev_erosion_hazard_eth16_4', 'ev_erosion_hazard_eth16_5', 'ev_erosion_hazard_eth16_6']; negative 1 ['ev_runoff_reduction_utk22_4']; null 0 []."", ""proxies"": [""runoff_reduction→soil_erosion_risk (component)"", ""sediment_retention→soil_erosion_risk (component)""], ""key_evidence_ids"": [""ev_sediment_retention_iegchn07_5"", ""ev_erosion_hazard_arega24_3"", ""ev_erosion_hazard_utk22_3"", ""ev_runoff_reduction_iegind11_5"", ""ev_runoff_reduction_iegind11_6""], ""source_mix"": {""peer_reviewed"": 11, ""grey"": 0, ""expert"": 0}, ""prose_pending"": false, ""mechanism"": ""Physical SWC works under public-works and watershed programmes reduce soil loss and downstream runoff, and sediment-control dams with terraces and vegetation trap sediment in the catchment."", ""conditionality"": ""Nearly all units are programme or lender reports from Ethiopia, India and China, often perception surveys or before/after comparisons; an Uttarakhand water budget showed surface runoff slightly increasing, the Karnataka runoff comparison is against another SWC programme, and IEG doubts the India runoff measurements. Effects mixing runoff and soil-loss metrics are only components of erosion risk."", ""prose_written"": ""2026-10-06""}",,"[""ev_runoff_reduction_iegind11_5"", ""ev_runoff_reduction_iegind11_6"", ""ev_sediment_retention_iegchn07_5"", ""ev_erosion_hazard_arega24_3"", ""ev_erosion_hazard_utk22_3"", ""ev_runoff_reduction_utk22_4"", ""ev_runoff_reduction_kar20_1"", ""ev_runoff_reduction_eth16_2"", ""ev_erosion_hazard_eth16_4"", ""ev_erosion_hazard_eth16_5"", ""ev_erosion_hazard_eth16_6""]",water_harvesting__cross_family,,,"{""income_groups"": {""low"": 2, ""lower_middle"": 4}, ""aezs"": {""unknown"": 6}, ""farming_systems"": {""unknown"": 6}, ""countries"": [""CHN"", ""ETH"", ""IND""], ""n_sources_in_scope"": 6, ""weight_share_in_context"": 1.0, ""target"": {""income_group"": ""lic_lmic""}, ""transfer_class"": ""in_context""}",false,"{""metric"": ""absolute"", ""unit"": ""t_per_ha_yr"", ""median"": 69.3, ""low"": 15.3, ""high"": 69.3, ""n"": 2, ""income_groups"": {""low"": 1, ""lower_middle"": 1}, ""class"": ""unspecified"", ""class_context"": ""lic_lmic"", ""n_excluded_opposite"": 1, ""n_excluded_band"": 0}",robust,high,false
water_harvesting_conservation__water_harvesting__in_situ__soil_erosion_risk,water_harvesting_conservation,soil_erosion_risk,opportunity_space_variable,strong_positive,very_low,"Infiltration trenches intercept and infiltrate runoff, cutting plot-level runoff and sheet-erosion soil loss; the runoff reduction is larger on natural vegetation than on cropland.","All units come from one review of trenches, largely in the Peruvian Andes (upper-middle income). The same review reports increased catchment sediment in the first years after construction, and plot-level effects may not transfer to catchments.",,,,"{""statement"": ""water_harvesting_conservation strongly reduces soil_erosion_risk in PER (limited evidence, low agreement → very_low confidence; transfer: adjacent)."", ""strength_basis"": ""quantified"", ""proxy_capped"": false, ""evidence_summary"": [""locatelli_2020_zanjas_es · meta_analysis · negative/strong · pct_change=73.0 percent · (PER; upper_middle) · [ev_erosion_hazard_locat20_1]"", ""locatelli_2020_zanjas_es · meta_analysis · positive/strong · pct_change=46.4 percent · (PER; upper_middle) · [ev_runoff_reduction_locat20_1]"", ""locatelli_2020_zanjas_es · meta_analysis · positive/unspecified · absolute=3.5 percent_of_rainfall · (PER; upper_middle) · [ev_runoff_reduction_locat20_2]"", ""locatelli_2020_zanjas_es · meta_analysis · positive/unspecified · absolute=15 percent_of_rainfall · (PER; upper_middle) · [ev_runoff_reduction_locat20_3]"", ""locatelli_2020_zanjas_es · case_study · positive/unspecified · (PER; upper_middle) · [ev_erosion_hazard_locat20_2]"", ""locatelli_2020_zanjas_es · observational · negative/unspecified · (PER; upper_middle) · [ev_erosion_hazard_locat20_3]""], ""agreement_note"": ""sign agreement undefined (single independent source): positive 5 ['ev_runoff_reduction_locat20_1', 'ev_runoff_reduction_locat20_2', 'ev_runoff_reduction_locat20_3', 'ev_erosion_hazard_locat20_1', 'ev_erosion_hazard_locat20_3']; negative 1 ['ev_erosion_hazard_locat20_2']; null 0 []."", ""proxies"": [""runoff_reduction→soil_erosion_risk (component)""], ""key_evidence_ids"": [""ev_erosion_hazard_locat20_1"", ""ev_runoff_reduction_locat20_1"", ""ev_runoff_reduction_locat20_2"", ""ev_runoff_reduction_locat20_3"", ""ev_erosion_hazard_locat20_2""], ""source_mix"": {""peer_reviewed"": 6, ""grey"": 0, ""expert"": 0}, ""prose_pending"": false, ""mechanism"": ""Infiltration trenches intercept and infiltrate runoff, cutting plot-level runoff and sheet-erosion soil loss; the runoff reduction is larger on natural vegetation than on cropland."", ""conditionality"": ""All units come from one review of trenches, largely in the Peruvian Andes (upper-middle income). The same review reports increased catchment sediment in the first years after construction, and plot-level effects may not transfer to catchments."", ""prose_written"": ""2026-10-06""}",,"[""ev_runoff_reduction_locat20_1"", ""ev_runoff_reduction_locat20_2"", ""ev_runoff_reduction_locat20_3"", ""ev_erosion_hazard_locat20_1"", ""ev_erosion_hazard_locat20_2"", ""ev_erosion_hazard_locat20_3""]",water_harvesting__in_situ,,,"{""income_groups"": {""upper_middle"": 1}, ""aezs"": {""unknown"": 1}, ""farming_systems"": {""unknown"": 1}, ""countries"": [""PER""], ""n_sources_in_scope"": 1, ""weight_share_in_context"": 0.0, ""target"": {""income_group"": ""lic_lmic""}, ""transfer_class"": ""adjacent""}",false,,limited,low,false
water_harvesting_conservation__water_harvesting__runoff_catchment__soil_erosion_risk,water_harvesting_conservation,soil_erosion_risk,opportunity_space_variable,moderate_positive,high,"Check dams and gabions trap sediment in gullies and channels, reducing catchment sediment export; hill reservoirs reduce outlet flows.","Check dams can cause downstream channel incision through the clear-water effect (documented in Spain, a high-income setting), and gabions fill up and need raising to keep working. The pooled sediment figures are from one synthesis, so the independent base is narrow.",,,,"{""statement"": ""water_harvesting_conservation moderately reduces soil_erosion_risk in ESP, ETH, MAR, TUN (medium evidence, high agreement → high confidence; transfer: in_context)."", ""strength_basis"": ""quantified"", ""proxy_capped"": false, ""evidence_summary"": [""ieg_2009_morocco_lakhdar_ppar · case_study · positive/unspecified · (MAR; lower_middle) · [ev_sediment_retention_iegmar09_1]"", ""roose_2006_terrasses_afrique_fr · model · positive/moderate · pct_change=13 percent · (TUN; lower_middle) · [ev_runoff_reduction_roose06_4]"", ""frankl_2021 · observational · positive/unspecified · absolute=81 percent_of_structures · (ESP; high) · [ev_erosion_hazard_fran21_1]"", ""frankl_2021 · meta_analysis · positive/unspecified · (ETH; low) · [ev_sediment_retention_fran21_1]"", ""frankl_2021 · meta_analysis · positive/unspecified · absolute=6.05 0.1 to 203.8 t_per_ha_yr · (ETH; low) · [ev_sediment_retention_fran21_2]"", ""frankl_2021 · meta_analysis · positive/unspecified · absolute=1.36 t_per_yr_per_structure · (ETH; low) · [ev_sediment_retention_fran21_3]""], ""agreement_note"": ""weighted sign agreement 0.875: positive 5 ['ev_sediment_retention_fran21_1', 'ev_sediment_retention_fran21_2', 'ev_sediment_retention_fran21_3', 'ev_sediment_retention_iegmar09_1', 'ev_runoff_reduction_roose06_4']; negative 1 ['ev_erosion_hazard_fran21_1']; null 0 []."", ""proxies"": [""runoff_reduction→soil_erosion_risk (component)"", ""sediment_retention→soil_erosion_risk (component)""], ""key_evidence_ids"": [""ev_sediment_retention_iegmar09_1"", ""ev_runoff_reduction_roose06_4"", ""ev_erosion_hazard_fran21_1"", ""ev_sediment_retention_fran21_1"", ""ev_sediment_retention_fran21_2""], ""source_mix"": {""peer_reviewed"": 6, ""grey"": 0, ""expert"": 0}, ""prose_pending"": false, ""mechanism"": ""Check dams and gabions trap sediment in gullies and channels, reducing catchment sediment export; hill reservoirs reduce outlet flows."", ""conditionality"": ""Check dams can cause downstream channel incision through the clear-water effect (documented in Spain, a high-income setting), and gabions fill up and need raising to keep working. The pooled sediment figures are from one synthesis, so the independent base is narrow."", ""prose_written"": ""2026-10-06""}",,"[""ev_sediment_retention_fran21_1"", ""ev_sediment_retention_fran21_2"", ""ev_sediment_retention_fran21_3"", ""ev_erosion_hazard_fran21_1"", ""ev_sediment_retention_iegmar09_1"", ""ev_runoff_reduction_roose06_4""]",water_harvesting__runoff_catchment,,,"{""income_groups"": {""high"": 1, ""low"": 1, ""lower_middle"": 2}, ""aezs"": {""unknown"": 3}, ""farming_systems"": {""unknown"": 3}, ""countries"": [""ESP"", ""ETH"", ""MAR"", ""TUN""], ""n_sources_in_scope"": 3, ""weight_share_in_context"": 0.677, ""target"": {""income_group"": ""lic_lmic""}, ""transfer_class"": ""in_context""}",false,"{""metric"": ""absolute"", ""unit"": ""t_per_ha_yr"", ""median"": 6.0, ""low"": 6.05, ""high"": 6.05, ""n"": 23, ""income_groups"": {""low"": 1}, ""class"": ""unspecified"", ""class_context"": ""lic_lmic"", ""n_excluded_opposite"": 1, ""n_excluded_band"": 0}",medium,high,false
water_harvesting_conservation__water_harvesting__terracing__soil_erosion_risk,water_harvesting_conservation,soil_erosion_risk,opportunity_space_variable,strong_positive,very_high,"[prose pending] water_harvesting_conservation strongly reduces soil_erosion_risk in BDI, BFA, CHN, MAR, NER, PER, RWA, TUN (robust evidence, high agreement → very_high confidence; transfer: in_context).",,,,,"{""statement"": ""water_harvesting_conservation strongly reduces soil_erosion_risk in BDI, BFA, CHN, MAR, NER, PER, RWA, TUN (robust evidence, high agreement → very_high confidence; transfer: in_context)."", ""strength_basis"": ""quantified"", ""proxy_capped"": false, ""evidence_summary"": [""zougmore_2014 · observational · negative/unspecified · (BFA; low; semi_arid) · [ev_erosion_hazard_zoug14_2]"", ""zougmore_2014 · observational · negative/strong · pct_change=79 percent · (BFA; low; semi_arid) · [ev_erosion_hazard_zoug14_1]"", ""ieg_2007_china_loess2_ppar · observational · negative/unspecified · (CHN; lower_middle) · [ev_erosion_hazard_iegchn07_3]"", ""roose_1994_gces_fr · quasi_experimental · negative/strong · pct_change=50 percent · (BFA; low) · [ev_erosion_hazard_roose94_1]"", ""roose_2006_terrasses_afrique_fr · quasi_experimental · negative/strong · pct_change=50 50 to 90 percent · (BDI; low) · [ev_erosion_hazard_roose06_2_s]"", ""heusch_1995_banquette_fr · quasi_experimental · negative/strong · absolute=150 fold_change · (NER; low) · [ev_erosion_hazard_heusch95_2_s]"", ""zougmore_2014 · observational · positive/strong · pct_change=59 percent · (BFA; low; semi_arid) · [ev_runoff_reduction_zoug14_1]"", ""roose_2006_terrasses_afrique_fr · quasi_experimental · positive/strong · pct_change=50 percent · (TUN; lower_middle) · [ev_runoff_reduction_roose06_2]"", ""roose_2006_terrasses_afrique_fr · model · positive/moderate · pct_change=17 percent · (TUN; lower_middle) · [ev_runoff_reduction_roose06_3]"", ""heusch_1995_banquette_fr · case_study · positive/strong · pct_change=30 percent · (NER; low) · [ev_erosion_hazard_heusch95_1]"", ""heusch_1995_banquette_fr · model · negative/unspecified · (NER; low) · [ev_runoff_reduction_heusch95_1]"", ""wb_2018_rwanda_lwh_icr · observational · negative/strong · pct_change=89 percent · (RWA; low) · [ev_erosion_hazard_rwa18_2]"", ""wb_2018_rwanda_lwh_icr · observational · negative/strong · (RWA; low) · [ev_erosion_hazard_rwa18_1_s]"", ""willems_2021_andenes_es · meta_analysis · positive/unspecified · absolute=2.5 factor · (PER; upper_middle) · [ev_runoff_reduction_willem21_1]"", ""willems_2021_andenes_es · meta_analysis · positive/unspecified · (PER; upper_middle) · [ev_runoff_reduction_willem21_2]"", ""ieg_2009_morocco_lakhdar_ppar · expert · positive/unspecified · (MAR; lower_middle) · [ev_sediment_retention_iegmar09_3]"", ""willems_2021_andenes_es · meta_analysis · positive/unspecified · (PER; upper_middle) · [ev_erosion_hazard_willem21_2]"", ""willems_2021_andenes_es · meta_analysis · negative/strong · pct_change=90 percent · (PER; upper_middle) · [ev_erosion_hazard_willem21_1_s]"", ""roose_2006_terrasses_afrique_fr · expert · positive/unspecified · [ev_erosion_hazard_roose06_3]"", ""roose_2006_terrasses_afrique_fr · observational · none/unspecified · [ev_erosion_hazard_roose06_4]"", ""roose_2006_terrasses_afrique_fr · meta_analysis · negative/strong · [ev_erosion_hazard_roose06_1_s]"", ""roose_2006_terrasses_afrique_fr · meta_analysis · positive/unspecified · [ev_runoff_reduction_roose06_1]""], ""agreement_note"": ""weighted sign agreement 0.885: positive 18 ['ev_runoff_reduction_zoug14_1', 'ev_erosion_hazard_zoug14_1', 'ev_erosion_hazard_zoug14_2', 'ev_erosion_hazard_iegchn07_3', 'ev_sediment_retention_iegmar09_3', 'ev_erosion_hazard_rwa18_2', 'ev_runoff_reduction_willem21_1', 'ev_runoff_reduction_willem21_2', 'ev_erosion_hazard_willem21_2', 'ev_erosion_hazard_willem21_1_s', 'ev_runoff_reduction_roose06_1', 'ev_erosion_hazard_roose06_1_s', 'ev_runoff_reduction_roose06_2', 'ev_runoff_reduction_roose06_3', 'ev_erosion_hazard_roose94_1', 'ev_erosion_hazard_rwa18_1_s', 'ev_erosion_hazard_roose06_2_s', 'ev_erosion_hazard_heusch95_2_s']; negative 3 ['ev_erosion_hazard_roose06_3', 'ev_erosion_hazard_heusch95_1', 'ev_runoff_reduction_heusch95_1']; null 1 ['ev_erosion_hazard_roose06_4']."", ""proxies"": [""runoff_reduction→soil_erosion_risk (component)"", ""sediment_retention→soil_erosion_risk (component)""], ""key_evidence_ids"": [""ev_erosion_hazard_zoug14_2"", ""ev_erosion_hazard_zoug14_1"", ""ev_erosion_hazard_iegchn07_3"", ""ev_erosion_hazard_roose94_1"", ""ev_erosion_hazard_roose06_2_s""], ""source_mix"": {""peer_reviewed"": 22, ""grey"": 0, ""expert"": 0}, ""prose_pending"": true}",,"[""ev_runoff_reduction_zoug14_1"", ""ev_erosion_hazard_zoug14_1"", ""ev_erosion_hazard_zoug14_2"", ""ev_erosion_hazard_iegchn07_3"", ""ev_sediment_retention_iegmar09_3"", ""ev_erosion_hazard_rwa18_2"", ""ev_runoff_reduction_willem21_1"", ""ev_runoff_reduction_willem21_2"", ""ev_erosion_hazard_willem21_2"", ""ev_erosion_hazard_willem21_1_s"", ""ev_runoff_reduction_roose06_1"", ""ev_erosion_hazard_roose06_3"", ""ev_erosion_hazard_roose06_4"", ""ev_erosion_hazard_roose06_1_s"", ""ev_runoff_reduction_roose06_2"", ""ev_runoff_reduction_roose06_3"", ""ev_erosion_hazard_heusch95_1"", ""ev_runoff_reduction_heusch95_1"", ""ev_erosion_hazard_roose94_1"", ""ev_erosion_hazard_rwa18_1_s"", ""ev_erosion_hazard_roose06_2_s"", ""ev_erosion_hazard_heusch95_2_s""]",water_harvesting__terracing,,,"{""income_groups"": {""low"": 5, ""lower_middle"": 3, ""unknown"": 1, ""upper_middle"": 1}, ""aezs"": {""semi_arid"": 1, ""unknown"": 7}, ""farming_systems"": {""unknown"": 8}, ""countries"": [""BDI"", ""BFA"", ""CHN"", ""MAR"", ""NER"", ""PER"", ""RWA"", ""TUN""], ""n_sources_in_scope"": 8, ""weight_share_in_context"": 0.766, ""target"": {""income_group"": ""lic_lmic""}, ""transfer_class"": ""in_context""}",false,"{""metric"": ""absolute"", ""unit"": ""factor"", ""median"": 2.5, ""low"": 2.5, ""high"": 2.5, ""n"": 105, ""income_groups"": {""upper_middle"": 1}, ""class"": ""unspecified"", ""class_context"": ""lic_lmic"", ""n_excluded_opposite"": 1, ""n_excluded_band"": 0}",robust,high,false
water_harvesting_conservation__water_quality_risk,water_harvesting_conservation,water_quality_risk,opportunity_space_variable,moderate_positive,very_high,"Check dams, gabions and terraces trap sediment that would otherwise reach streams and reservoirs, lowering catchment sediment export and downstream siltation.","Water quality is inferred from sediment retention, a component proxy; nothing is measured on nutrients or water chemistry. Much of the pooled magnitude is from one check-dam synthesis, the China figure is a modelled programme total, and IEG reports no measured reduction in reservoir siltation in Morocco while gabions there have filled.",,,,"{""statement"": ""water_harvesting_conservation moderately reduces water_quality_risk in CHN, ETH, MAR (robust evidence, high agreement → very_high confidence; transfer: in_context)."", ""strength_basis"": ""quantified"", ""proxy_capped"": true, ""evidence_summary"": [""ieg_2007_china_loess2_ppar · model · positive/unspecified · absolute=25 million_t_per_yr_programme_total · (CHN; lower_middle) · [ev_sediment_retention_iegchn07_5]"", ""ieg_2009_morocco_lakhdar_ppar · case_study · positive/unspecified · (MAR; lower_middle) · [ev_sediment_retention_iegmar09_1]"", ""frankl_2021 · meta_analysis · positive/unspecified · (ETH; low) · [ev_sediment_retention_fran21_1]"", ""frankl_2021 · meta_analysis · positive/unspecified · absolute=6.05 0.1 to 203.8 t_per_ha_yr · (ETH; low) · [ev_sediment_retention_fran21_2]"", ""frankl_2021 · meta_analysis · positive/unspecified · absolute=1.36 t_per_yr_per_structure · (ETH; low) · [ev_sediment_retention_fran21_3]"", ""ieg_2009_morocco_lakhdar_ppar · expert · positive/unspecified · (MAR; lower_middle) · [ev_sediment_retention_iegmar09_3]""], ""agreement_note"": ""weighted sign agreement 1.0: positive 6 ['ev_sediment_retention_fran21_1', 'ev_sediment_retention_fran21_2', 'ev_sediment_retention_fran21_3', 'ev_sediment_retention_iegchn07_5', 'ev_sediment_retention_iegmar09_1', 'ev_sediment_retention_iegmar09_3']; negative 0 []; null 0 []."", ""proxies"": [""sediment_retention→water_quality_risk (component)""], ""key_evidence_ids"": [""ev_sediment_retention_iegchn07_5"", ""ev_sediment_retention_iegmar09_1"", ""ev_sediment_retention_fran21_1"", ""ev_sediment_retention_fran21_2"", ""ev_sediment_retention_fran21_3""], ""source_mix"": {""peer_reviewed"": 6, ""grey"": 0, ""expert"": 0}, ""prose_pending"": false, ""mechanism"": ""Check dams, gabions and terraces trap sediment that would otherwise reach streams and reservoirs, lowering catchment sediment export and downstream siltation."", ""conditionality"": ""Water quality is inferred from sediment retention, a component proxy; nothing is measured on nutrients or water chemistry. Much of the pooled magnitude is from one check-dam synthesis, the China figure is a modelled programme total, and IEG reports no measured reduction in reservoir siltation in Morocco while gabions there have filled."", ""prose_written"": ""2026-10-06""}",,"[""ev_sediment_retention_fran21_1"", ""ev_sediment_retention_fran21_2"", ""ev_sediment_retention_fran21_3"", ""ev_sediment_retention_iegchn07_5"", ""ev_sediment_retention_iegmar09_1"", ""ev_sediment_retention_iegmar09_3""]",,,,"{""income_groups"": {""low"": 1, ""lower_middle"": 2}, ""aezs"": {""unknown"": 3}, ""farming_systems"": {""unknown"": 3}, ""countries"": [""CHN"", ""ETH"", ""MAR""], ""n_sources_in_scope"": 3, ""weight_share_in_context"": 1.0, ""target"": {""income_group"": ""lic_lmic""}, ""transfer_class"": ""in_context""}",false,"{""metric"": ""absolute"", ""unit"": ""t_per_ha_yr"", ""median"": 6.0, ""low"": 6.05, ""high"": 6.05, ""n"": 23, ""income_groups"": {""low"": 1}, ""class"": ""unspecified"", ""class_context"": ""lic_lmic"", ""n_excluded_opposite"": 0, ""n_excluded_band"": 0}",robust,high,false
water_harvesting_conservation__water_harvesting__cross_family__water_quality_risk,water_harvesting_conservation,water_quality_risk,opportunity_space_variable,slight_positive,very_low,"Sediment-control dams, terraces and vegetation in a Loess Plateau watershed programme capture sediment each year, reducing the load reaching downstream rivers.","Single modelled programme-level estimate from a lender review in China, using sediment retention as a proxy for water quality.",,,,"{""statement"": ""water_harvesting_conservation reduces water_quality_risk (strength not quantified in the evidence) in CHN (limited evidence, low agreement → very_low confidence; transfer: in_context)."", ""strength_basis"": ""direction_only"", ""proxy_capped"": false, ""evidence_summary"": [""ieg_2007_china_loess2_ppar · model · positive/unspecified · absolute=25 million_t_per_yr_programme_total · (CHN; lower_middle) · [ev_sediment_retention_iegchn07_5]""], ""agreement_note"": ""sign agreement undefined (single independent source): positive 1 ['ev_sediment_retention_iegchn07_5']; negative 0 []; null 0 []."", ""proxies"": [""sediment_retention→water_quality_risk (component)""], ""key_evidence_ids"": [""ev_sediment_retention_iegchn07_5""], ""source_mix"": {""peer_reviewed"": 1, ""grey"": 0, ""expert"": 0}, ""prose_pending"": false, ""mechanism"": ""Sediment-control dams, terraces and vegetation in a Loess Plateau watershed programme capture sediment each year, reducing the load reaching downstream rivers."", ""conditionality"": ""Single modelled programme-level estimate from a lender review in China, using sediment retention as a proxy for water quality."", ""prose_written"": ""2026-10-06""}",,"[""ev_sediment_retention_iegchn07_5""]",water_harvesting__cross_family,,,"{""income_groups"": {""lower_middle"": 1}, ""aezs"": {""unknown"": 1}, ""farming_systems"": {""unknown"": 1}, ""countries"": [""CHN""], ""n_sources_in_scope"": 1, ""weight_share_in_context"": 1.0, ""target"": {""income_group"": ""lic_lmic""}, ""transfer_class"": ""in_context""}",false,,limited,low,false
water_harvesting_conservation__water_harvesting__runoff_catchment__water_quality_risk,water_harvesting_conservation,water_quality_risk,opportunity_space_variable,moderate_positive,high,"Check dams and gabion structures store sediment in channels, reducing catchment sediment yield and the topsoil washed downstream.",Sediment retention is a proxy for water quality; the magnitudes come from one check-dam synthesis and gabions in Morocco have filled up and need raising to keep trapping sediment.,,,,"{""statement"": ""water_harvesting_conservation moderately reduces water_quality_risk in ETH, MAR (medium evidence, high agreement → high confidence; transfer: in_context)."", ""strength_basis"": ""quantified"", ""proxy_capped"": true, ""evidence_summary"": [""ieg_2009_morocco_lakhdar_ppar · case_study · positive/unspecified · (MAR; lower_middle) · [ev_sediment_retention_iegmar09_1]"", ""frankl_2021 · meta_analysis · positive/unspecified · (ETH; low) · [ev_sediment_retention_fran21_1]"", ""frankl_2021 · meta_analysis · positive/unspecified · absolute=6.05 0.1 to 203.8 t_per_ha_yr · (ETH; low) · [ev_sediment_retention_fran21_2]"", ""frankl_2021 · meta_analysis · positive/unspecified · absolute=1.36 t_per_yr_per_structure · (ETH; low) · [ev_sediment_retention_fran21_3]""], ""agreement_note"": ""weighted sign agreement 1.0: positive 4 ['ev_sediment_retention_fran21_1', 'ev_sediment_retention_fran21_2', 'ev_sediment_retention_fran21_3', 'ev_sediment_retention_iegmar09_1']; negative 0 []; null 0 []."", ""proxies"": [""sediment_retention→water_quality_risk (component)""], ""key_evidence_ids"": [""ev_sediment_retention_iegmar09_1"", ""ev_sediment_retention_fran21_1"", ""ev_sediment_retention_fran21_2"", ""ev_sediment_retention_fran21_3""], ""source_mix"": {""peer_reviewed"": 4, ""grey"": 0, ""expert"": 0}, ""prose_pending"": false, ""mechanism"": ""Check dams and gabion structures store sediment in channels, reducing catchment sediment yield and the topsoil washed downstream."", ""conditionality"": ""Sediment retention is a proxy for water quality; the magnitudes come from one check-dam synthesis and gabions in Morocco have filled up and need raising to keep trapping sediment."", ""prose_written"": ""2026-10-06""}",,"[""ev_sediment_retention_fran21_1"", ""ev_sediment_retention_fran21_2"", ""ev_sediment_retention_fran21_3"", ""ev_sediment_retention_iegmar09_1""]",water_harvesting__runoff_catchment,,,"{""income_groups"": {""low"": 1, ""lower_middle"": 1}, ""aezs"": {""unknown"": 2}, ""farming_systems"": {""unknown"": 2}, ""countries"": [""ETH"", ""MAR""], ""n_sources_in_scope"": 2, ""weight_share_in_context"": 1.0, ""target"": {""income_group"": ""lic_lmic""}, ""transfer_class"": ""in_context""}",false,"{""metric"": ""absolute"", ""unit"": ""t_per_ha_yr"", ""median"": 6.0, ""low"": 6.05, ""high"": 6.05, ""n"": 23, ""income_groups"": {""low"": 1}, ""class"": ""unspecified"", ""class_context"": ""lic_lmic"", ""n_excluded_opposite"": 0, ""n_excluded_band"": 0}",medium,high,false
water_harvesting_conservation__water_harvesting__terracing__water_quality_risk,water_harvesting_conservation,water_quality_risk,opportunity_space_variable,slight_positive,very_low,"Terracing and retaining walls hold soil on slopes, which IEG expects to reduce siltation of downstream rivers and dam storage.",Single evaluator assertion from Morocco; the same evaluation states that no reduction in reservoir siltation was measured.,,,,"{""statement"": ""water_harvesting_conservation reduces water_quality_risk (strength not quantified in the evidence) in MAR (limited evidence, low agreement → very_low confidence; transfer: in_context)."", ""strength_basis"": ""direction_only"", ""proxy_capped"": false, ""evidence_summary"": [""ieg_2009_morocco_lakhdar_ppar · expert · positive/unspecified · (MAR; lower_middle) · [ev_sediment_retention_iegmar09_3]""], ""agreement_note"": ""sign agreement undefined (single independent source): positive 1 ['ev_sediment_retention_iegmar09_3']; negative 0 []; null 0 []."", ""proxies"": [""sediment_retention→water_quality_risk (component)""], ""key_evidence_ids"": [""ev_sediment_retention_iegmar09_3""], ""source_mix"": {""peer_reviewed"": 1, ""grey"": 0, ""expert"": 0}, ""prose_pending"": false, ""mechanism"": ""Terracing and retaining walls hold soil on slopes, which IEG expects to reduce siltation of downstream rivers and dam storage."", ""conditionality"": ""Single evaluator assertion from Morocco; the same evaluation states that no reduction in reservoir siltation was measured."", ""prose_written"": ""2026-10-06""}",,"[""ev_sediment_retention_iegmar09_3""]",water_harvesting__terracing,,,"{""income_groups"": {""lower_middle"": 1}, ""aezs"": {""unknown"": 1}, ""farming_systems"": {""unknown"": 1}, ""countries"": [""MAR""], ""n_sources_in_scope"": 1, ""weight_share_in_context"": 1.0, ""target"": {""income_group"": ""lic_lmic""}, ""transfer_class"": ""in_context""}",false,,limited,low,false
water_harvesting_conservation__water_stress,water_harvesting_conservation,water_stress,opportunity_space_variable,strong_positive,very_high,"Pits, bunds, terraces, trenches and check dams increase infiltration and groundwater recharge, raising well levels and spring discharge; cisterns, sand dams and subsurface dams store water close to homes, cutting time spent fetching water and dependence on water tankers through the dry season.","Most units are narrative, perception or lender-reported (completion reports, programme authors, Embrapa), and the pooled percentages mix recharge, spring discharge and tanker-use metrics. Groundwater gains are often local and short-lived, can be wiped out by increased pumping, and year-round wells did not increase in Burkina Faso; many sand dams cannot supply a household through the dry season, domestic cisterns cover basic needs only for small households, and trenches had little effect on baseflow or infiltration.",,,,"{""statement"": ""water_harvesting_conservation strongly reduces water_stress in BFA, BRA, CMR, ETH, IND, KEN, MAR, MLI, MRT, NER, PER, YEM (robust evidence, high agreement → very_high confidence; transfer: adjacent)."", ""strength_basis"": ""quantified"", ""proxy_capped"": false, ""evidence_summary"": [""cirilo_2003_barragens_subterraneas_pt · observational · negative/unspecified · (BRA; upper_middle; semi_arid) · [ev_water_access_deficit_cirilo03_1]"", ""brito_2007_embrapa_aguachuva_pt · observational · negative/unspecified · (BRA; upper_middle; semi_arid) · [ev_water_access_deficit_brito07_1]"", ""ritchie_2021 · observational · negative/unspecified · absolute=2.5 months · (KEN; lower_middle) · [ev_water_access_deficit_ritc21_1]"", ""ritchie_2021 · observational · none/unspecified · absolute=67 percent_of_structures · (KEN; lower_middle) · [ev_water_access_deficit_ritc21_3]"", ""neufeld_2017_mcc_sand_dam_assessment · model · negative/unspecified · absolute=57 percent_of_structures · (KEN; lower_middle; semi_arid) · [ev_water_access_deficit_neuf17_1]"", ""frankl_2021 · observational · positive/unspecified · (ETH; low) · [ev_groundwater_recharge_potential_fran21_1]"", ""zougmore_2014 · observational · positive/unspecified · (BFA,MLI,NER; low; semi_arid) · [ev_groundwater_recharge_potential_zoug14_1]"", ""ieg_2011_india_watershed_cluster_ppar · case_study · none/unspecified · (IND; lower_middle) · [ev_groundwater_recharge_potential_iegind11_4]"", ""roose_2006_terrasses_afrique_fr · observational · positive/unspecified · (CMR; lower_middle) · [ev_groundwater_recharge_potential_roose06_1]"", ""silva_2009_embrapa_aguavida_pt · observational · negative/unspecified · absolute=57.8 pct_of_households · (BRA; upper_middle; semi_arid) · [ev_water_access_deficit_silva09_2]"", ""ritchie_2021 · observational · positive/unspecified · [ev_groundwater_recharge_potential_ritc21_1]"", ""saruchera_2019 · observational · positive/unspecified · [ev_groundwater_recharge_potential_saru19_1]"", ""silva_2009_embrapa_aguavida_pt · observational · negative/unspecified · absolute=66.6 pct_of_households · (BRA; upper_middle; semi_arid) · [ev_water_access_deficit_silva09_1]"", ""castro_2022_ipea_cisternas_pt · observational · negative/unspecified · (BRA; upper_middle; semi_arid) · [ev_water_access_deficit_castro22_1]"", ""wb_2017_hp_midhimalayan_icr · observational · positive/strong · pct_change=40 percent · (IND; lower_middle) · [ev_water_regulation_hp17_1]"", ""arsky_2020_cisternas_pt · model · negative/unspecified · absolute=16.6 16.6 to 33.3 litres_per_capita_day · (BRA; upper_middle; semi_arid) · [ev_water_access_deficit_arsky20_2]"", ""verma_shah_2019_wb_drought_proofing_recharge · model · positive/unspecified · absolute=480 million_m3_per_yr · (IND; lower_middle) · [ev_groundwater_recharge_potential_verm19_1]"", ""ieg_2011_india_watershed_cluster_ppar · observational · positive/unspecified · (IND; lower_middle) · [ev_groundwater_recharge_potential_iegind11_3]"", ""willems_2021_andenes_es · model · positive/strong · pct_change=50 percent · (MAR; lower_middle) · [ev_groundwater_recharge_potential_willem21_1]"", ""arsky_2020_cisternas_pt · expert · negative/unspecified · (BRA; upper_middle; semi_arid) · [ev_water_access_deficit_arsky20_1]"", ""wb_2012_yemen_gscp_icr · observational · positive/unspecified · (YEM; low) · [ev_groundwater_recharge_potential_yem12_1]"", ""wb_2012_yemen_gscp_icr · observational · positive/unspecified · (YEM; low) · [ev_groundwater_recharge_potential_yem12_2]"", ""wb_2014_mauritania_cbwm_icr · observational · positive/unspecified · (MRT; lower_middle) · [ev_groundwater_recharge_potential_mrt14_1]"", ""wb_2022_uttarakhand2_watershed_icr · observational · positive/moderate · pct_change=21 percent · (IND; lower_middle) · [ev_water_regulation_utk22_6]"", ""locatelli_2020_zanjas_es · meta_analysis · none/unspecified · ns · (PER; upper_middle) · [ev_soil_permeability_locat20_1]"", ""wb_2016_ethiopia_psnp3_icr · case_study · positive/unspecified · (ETH; low) · [ev_groundwater_recharge_potential_eth16_7]"", ""locatelli_2020_zanjas_es · observational · none/unspecified · (PER; upper_middle) · [ev_water_regulation_locat20_1]"", ""locatelli_2020_zanjas_es · observational · positive/unspecified · (PER; upper_middle) · [ev_groundwater_recharge_potential_locat20_1]"", ""willems_2021_andenes_es · model · none/unspecified · (PER; upper_middle) · [ev_water_regulation_willem21_1]"", ""willems_2021_andenes_es · meta_analysis · negative/unspecified · (PER; upper_middle) · [ev_water_regulation_willem21_2]"", ""wb_2022_uttarakhand2_watershed_icr · model · positive/slight · pct_change=3.3 percent · (IND; lower_middle) · [ev_groundwater_recharge_potential_utk22_5]"", ""verma_shah_2019_wb_drought_proofing_recharge · observational · positive/unspecified · (IND; lower_middle) · [ev_groundwater_recharge_potential_verm19_2]"", ""kabore_reij_2004_ifpri_eptd114_zai · observational · positive/unspecified · (BFA; low; semi_arid) · [ev_groundwater_recharge_potential_kabo04_1]"", ""arsky_2020_cisternas_pt · expert · negative/unspecified · (BRA; upper_middle; semi_arid) · [ev_water_access_deficit_arsky20_4]"", ""arsky_2020_cisternas_pt · case_study · negative/unspecified · (BRA; upper_middle; semi_arid) · [ev_water_access_deficit_arsky20_5]"", ""verma_shah_2019_wb_drought_proofing_recharge · observational · negative/strong · pct_change=56 percent · (IND; lower_middle) · [ev_water_access_deficit_verm19_1]"", ""verma_shah_2019_wb_drought_proofing_recharge · observational · positive/unspecified · absolute=1.42 m · (IND; lower_middle) · [ev_groundwater_recharge_potential_verm19_3]"", ""kabore_reij_2004_ifpri_eptd114_zai · observational · none/unspecified · ns · (BFA; low; semi_arid) · [ev_groundwater_recharge_potential_kabo04_2]""], ""agreement_note"": ""weighted sign agreement 0.925: positive 32 ['ev_water_access_deficit_ritc21_1', 'ev_groundwater_recharge_potential_ritc21_1', 'ev_groundwater_recharge_potential_saru19_1', 'ev_groundwater_recharge_potential_fran21_1', 'ev_groundwater_recharge_potential_verm19_1', 'ev_groundwater_recharge_potential_verm19_2', 'ev_water_access_deficit_neuf17_1', 'ev_groundwater_recharge_potential_zoug14_1', 'ev_groundwater_recharge_potential_verm19_3', 'ev_water_access_deficit_verm19_1', 'ev_groundwater_recharge_potential_kabo04_1', 'ev_groundwater_recharge_potential_iegind11_3', 'ev_groundwater_recharge_potential_yem12_1', 'ev_groundwater_recharge_potential_yem12_2', 'ev_groundwater_recharge_potential_mrt14_1', 'ev_groundwater_recharge_potential_utk22_5', 'ev_water_regulation_utk22_6', 'ev_groundwater_recharge_potential_eth16_7', 'ev_water_regulation_hp17_1', 'ev_groundwater_recharge_potential_locat20_1', 'ev_groundwater_recharge_potential_willem21_1', 'ev_water_regulation_willem21_2', 'ev_groundwater_recharge_potential_roose06_1', 'ev_water_access_deficit_arsky20_1', 'ev_water_access_deficit_arsky20_2', 'ev_water_access_deficit_arsky20_4', 'ev_water_access_deficit_arsky20_5', 'ev_water_access_deficit_castro22_1', 'ev_water_access_deficit_cirilo03_1', 'ev_water_access_deficit_brito07_1', 'ev_water_access_deficit_silva09_1', 'ev_water_access_deficit_silva09_2']; negative 0 []; null 6 ['ev_water_access_deficit_ritc21_3', 'ev_groundwater_recharge_potential_kabo04_2', 'ev_groundwater_recharge_potential_iegind11_4', 'ev_soil_permeability_locat20_1', 'ev_water_regulation_locat20_1', 'ev_water_regulation_willem21_1']."", ""proxies"": [""groundwater_recharge_potential→water_stress (component)"", ""soil_permeability→water_stress (component)"", ""water_regulation→water_stress (component)""], ""key_evidence_ids"": [""ev_water_access_deficit_cirilo03_1"", ""ev_water_access_deficit_brito07_1"", ""ev_water_access_deficit_ritc21_1"", ""ev_water_access_deficit_ritc21_3"", ""ev_water_access_deficit_neuf17_1""], ""source_mix"": {""peer_reviewed"": 38, ""grey"": 0, ""expert"": 0}, ""prose_pending"": false, ""mechanism"": ""Pits, bunds, terraces, trenches and check dams increase infiltration and groundwater recharge, raising well levels and spring discharge; cisterns, sand dams and subsurface dams store water close to homes, cutting time spent fetching water and dependence on water tankers through the dry season."", ""conditionality"": ""Most units are narrative, perception or lender-reported (completion reports, programme authors, Embrapa), and the pooled percentages mix recharge, spring discharge and tanker-use metrics. Groundwater gains are often local and short-lived, can be wiped out by increased pumping, and year-round wells did not increase in Burkina Faso; many sand dams cannot supply a household through the dry season, domestic cisterns cover basic needs only for small households, and trenches had little effect on baseflow or infiltration."", ""prose_written"": ""2026-10-06""}",,"[""ev_water_access_deficit_ritc21_1"", ""ev_water_access_deficit_ritc21_3"", ""ev_groundwater_recharge_potential_ritc21_1"", ""ev_groundwater_recharge_potential_saru19_1"", ""ev_groundwater_recharge_potential_fran21_1"", ""ev_groundwater_recharge_potential_verm19_1"", ""ev_groundwater_recharge_potential_verm19_2"", ""ev_water_access_deficit_neuf17_1"", ""ev_groundwater_recharge_potential_zoug14_1"", ""ev_groundwater_recharge_potential_verm19_3"", ""ev_water_access_deficit_verm19_1"", ""ev_groundwater_recharge_potential_kabo04_1"", ""ev_groundwater_recharge_potential_kabo04_2"", ""ev_groundwater_recharge_potential_iegind11_3"", ""ev_groundwater_recharge_potential_iegind11_4"", ""ev_groundwater_recharge_potential_yem12_1"", ""ev_groundwater_recharge_potential_yem12_2"", ""ev_groundwater_recharge_potential_mrt14_1"", ""ev_groundwater_recharge_potential_utk22_5"", ""ev_water_regulation_utk22_6"", ""ev_groundwater_recharge_potential_eth16_7"", ""ev_water_regulation_hp17_1"", ""ev_soil_permeability_locat20_1"", ""ev_water_regulation_locat20_1"", ""ev_groundwater_recharge_potential_locat20_1"", ""ev_groundwater_recharge_potential_willem21_1"", ""ev_water_regulation_willem21_1"", ""ev_water_regulation_willem21_2"", ""ev_groundwater_recharge_potential_roose06_1"", ""ev_water_access_deficit_arsky20_1"", ""ev_water_access_deficit_arsky20_2"", ""ev_water_access_deficit_arsky20_4"", ""ev_water_access_deficit_arsky20_5"", ""ev_water_access_deficit_castro22_1"", ""ev_water_access_deficit_cirilo03_1"", ""ev_water_access_deficit_brito07_1"", ""ev_water_access_deficit_silva09_1"", ""ev_water_access_deficit_silva09_2""]",,,,"{""income_groups"": {""low"": 5, ""lower_middle"": 9, ""unknown"": 2, ""upper_middle"": 7}, ""aezs"": {""semi_arid"": 8, ""unknown"": 13}, ""farming_systems"": {""unknown"": 21}, ""countries"": [""BFA"", ""BRA"", ""CMR"", ""ETH"", ""IND"", ""KEN"", ""MAR"", ""MLI"", ""MRT"", ""NER"", ""PER"", ""YEM""], ""n_sources_in_scope"": 21, ""weight_share_in_context"": 0.472, ""target"": {""income_group"": ""lic_lmic""}, ""transfer_class"": ""adjacent""}",true,"{""metric"": ""pct_change"", ""unit"": ""percent"", ""median"": 40.0, ""low"": 3.3, ""high"": 56.0, ""n"": 4, ""income_groups"": {""lower_middle"": 4}, ""class"": ""strong"", ""class_context"": ""lic_lmic"", ""n_excluded_opposite"": 1, ""n_excluded_band"": 0}",robust,high,false
water_harvesting_conservation__water_stress__aez-semi_arid,water_harvesting_conservation,water_stress,opportunity_space_variable,slight_positive,very_high,"[prose pending] water_harvesting_conservation reduces water_stress (strength not quantified in the evidence) in semi_arid (robust evidence, high agreement → very_high confidence; transfer: adjacent).",,,,,"{""statement"": ""water_harvesting_conservation reduces water_stress (strength not quantified in the evidence) in semi_arid (robust evidence, high agreement → very_high confidence; transfer: adjacent)."", ""strength_basis"": ""direction_only"", ""proxy_capped"": false, ""evidence_summary"": [""cirilo_2003_barragens_subterraneas_pt · observational · negative/unspecified · (BRA; upper_middle; semi_arid) · [ev_water_access_deficit_cirilo03_1]"", ""brito_2007_embrapa_aguachuva_pt · observational · negative/unspecified · (BRA; upper_middle; semi_arid) · [ev_water_access_deficit_brito07_1]"", ""neufeld_2017_mcc_sand_dam_assessment · model · negative/unspecified · absolute=57 percent_of_structures · (KEN; lower_middle; semi_arid) · [ev_water_access_deficit_neuf17_1]"", ""zougmore_2014 · observational · positive/unspecified · (BFA,MLI,NER; low; semi_arid) · [ev_groundwater_recharge_potential_zoug14_1]"", ""silva_2009_embrapa_aguavida_pt · observational · negative/unspecified · absolute=57.8 pct_of_households · (BRA; upper_middle; semi_arid) · [ev_water_access_deficit_silva09_2]"", ""silva_2009_embrapa_aguavida_pt · observational · negative/unspecified · absolute=66.6 pct_of_households · (BRA; upper_middle; semi_arid) · [ev_water_access_deficit_silva09_1]"", ""castro_2022_ipea_cisternas_pt · observational · negative/unspecified · (BRA; upper_middle; semi_arid) · [ev_water_access_deficit_castro22_1]"", ""arsky_2020_cisternas_pt · model · negative/unspecified · absolute=16.6 16.6 to 33.3 litres_per_capita_day · (BRA; upper_middle; semi_arid) · [ev_water_access_deficit_arsky20_2]"", ""arsky_2020_cisternas_pt · expert · negative/unspecified · (BRA; upper_middle; semi_arid) · [ev_water_access_deficit_arsky20_1]"", ""kabore_reij_2004_ifpri_eptd114_zai · observational · positive/unspecified · (BFA; low; semi_arid) · [ev_groundwater_recharge_potential_kabo04_1]"", ""arsky_2020_cisternas_pt · expert · negative/unspecified · (BRA; upper_middle; semi_arid) · [ev_water_access_deficit_arsky20_4]"", ""arsky_2020_cisternas_pt · case_study · negative/unspecified · (BRA; upper_middle; semi_arid) · [ev_water_access_deficit_arsky20_5]"", ""kabore_reij_2004_ifpri_eptd114_zai · observational · none/unspecified · ns · (BFA; low; semi_arid) · [ev_groundwater_recharge_potential_kabo04_2]""], ""agreement_note"": ""weighted sign agreement 0.995: positive 12 ['ev_water_access_deficit_neuf17_1', 'ev_groundwater_recharge_potential_zoug14_1', 'ev_groundwater_recharge_potential_kabo04_1', 'ev_water_access_deficit_arsky20_1', 'ev_water_access_deficit_arsky20_2', 'ev_water_access_deficit_arsky20_4', 'ev_water_access_deficit_arsky20_5', 'ev_water_access_deficit_castro22_1', 'ev_water_access_deficit_cirilo03_1', 'ev_water_access_deficit_brito07_1', 'ev_water_access_deficit_silva09_1', 'ev_water_access_deficit_silva09_2']; negative 0 []; null 1 ['ev_groundwater_recharge_potential_kabo04_2']."", ""proxies"": [""groundwater_recharge_potential→water_stress (component)"", ""soil_permeability→water_stress (component)"", ""water_regulation→water_stress (component)""], ""key_evidence_ids"": [""ev_water_access_deficit_cirilo03_1"", ""ev_water_access_deficit_brito07_1"", ""ev_water_access_deficit_neuf17_1"", ""ev_groundwater_recharge_potential_zoug14_1"", ""ev_water_access_deficit_silva09_2""], ""source_mix"": {""peer_reviewed"": 13, ""grey"": 0, ""expert"": 0}, ""prose_pending"": true}",,"[""ev_water_access_deficit_neuf17_1"", ""ev_groundwater_recharge_potential_zoug14_1"", ""ev_groundwater_recharge_potential_kabo04_1"", ""ev_groundwater_recharge_potential_kabo04_2"", ""ev_water_access_deficit_arsky20_1"", ""ev_water_access_deficit_arsky20_2"", ""ev_water_access_deficit_arsky20_4"", ""ev_water_access_deficit_arsky20_5"", ""ev_water_access_deficit_castro22_1"", ""ev_water_access_deficit_cirilo03_1"", ""ev_water_access_deficit_brito07_1"", ""ev_water_access_deficit_silva09_1"", ""ev_water_access_deficit_silva09_2""]",,aez,semi_arid,"{""income_groups"": {""low"": 2, ""lower_middle"": 1, ""upper_middle"": 5}, ""aezs"": {""semi_arid"": 8}, ""farming_systems"": {""unknown"": 8}, ""countries"": [""BFA"", ""BRA"", ""KEN"", ""MLI"", ""NER""], ""n_sources_in_scope"": 8, ""weight_share_in_context"": 0.214, ""target"": {""income_group"": ""lic_lmic"", ""aez"": ""semi_arid""}, ""transfer_class"": ""adjacent""}",false,,robust,high,false
water_harvesting_conservation__water_stress__income_group-upper_middle,water_harvesting_conservation,water_stress,opportunity_space_variable,slight_positive,very_high,"[prose pending] water_harvesting_conservation reduces water_stress (strength not quantified in the evidence) in semi_arid (robust evidence, high agreement → very_high confidence; transfer: in_context).",,,,,"{""statement"": ""water_harvesting_conservation reduces water_stress (strength not quantified in the evidence) in semi_arid (robust evidence, high agreement → very_high confidence; transfer: in_context)."", ""strength_basis"": ""direction_only"", ""proxy_capped"": false, ""evidence_summary"": [""cirilo_2003_barragens_subterraneas_pt · observational · negative/unspecified · (BRA; upper_middle; semi_arid) · [ev_water_access_deficit_cirilo03_1]"", ""brito_2007_embrapa_aguachuva_pt · observational · negative/unspecified · (BRA; upper_middle; semi_arid) · [ev_water_access_deficit_brito07_1]"", ""silva_2009_embrapa_aguavida_pt · observational · negative/unspecified · absolute=57.8 pct_of_households · (BRA; upper_middle; semi_arid) · [ev_water_access_deficit_silva09_2]"", ""silva_2009_embrapa_aguavida_pt · observational · negative/unspecified · absolute=66.6 pct_of_households · (BRA; upper_middle; semi_arid) · [ev_water_access_deficit_silva09_1]"", ""castro_2022_ipea_cisternas_pt · observational · negative/unspecified · (BRA; upper_middle; semi_arid) · [ev_water_access_deficit_castro22_1]"", ""arsky_2020_cisternas_pt · model · negative/unspecified · absolute=16.6 16.6 to 33.3 litres_per_capita_day · (BRA; upper_middle; semi_arid) · [ev_water_access_deficit_arsky20_2]"", ""arsky_2020_cisternas_pt · expert · negative/unspecified · (BRA; upper_middle; semi_arid) · [ev_water_access_deficit_arsky20_1]"", ""locatelli_2020_zanjas_es · meta_analysis · none/unspecified · ns · (PER; upper_middle) · [ev_soil_permeability_locat20_1]"", ""locatelli_2020_zanjas_es · observational · none/unspecified · (PER; upper_middle) · [ev_water_regulation_locat20_1]"", ""locatelli_2020_zanjas_es · observational · positive/unspecified · (PER; upper_middle) · [ev_groundwater_recharge_potential_locat20_1]"", ""willems_2021_andenes_es · model · none/unspecified · (PER; upper_middle) · [ev_water_regulation_willem21_1]"", ""willems_2021_andenes_es · meta_analysis · negative/unspecified · (PER; upper_middle) · [ev_water_regulation_willem21_2]"", ""arsky_2020_cisternas_pt · expert · negative/unspecified · (BRA; upper_middle; semi_arid) · [ev_water_access_deficit_arsky20_4]"", ""arsky_2020_cisternas_pt · case_study · negative/unspecified · (BRA; upper_middle; semi_arid) · [ev_water_access_deficit_arsky20_5]""], ""agreement_note"": ""weighted sign agreement 0.954: positive 11 ['ev_groundwater_recharge_potential_locat20_1', 'ev_water_regulation_willem21_2', 'ev_water_access_deficit_arsky20_1', 'ev_water_access_deficit_arsky20_2', 'ev_water_access_deficit_arsky20_4', 'ev_water_access_deficit_arsky20_5', 'ev_water_access_deficit_castro22_1', 'ev_water_access_deficit_cirilo03_1', 'ev_water_access_deficit_brito07_1', 'ev_water_access_deficit_silva09_1', 'ev_water_access_deficit_silva09_2']; negative 0 []; null 3 ['ev_soil_permeability_locat20_1', 'ev_water_regulation_locat20_1', 'ev_water_regulation_willem21_1']."", ""proxies"": [""groundwater_recharge_potential→water_stress (component)"", ""soil_permeability→water_stress (component)"", ""water_regulation→water_stress (component)""], ""key_evidence_ids"": [""ev_water_access_deficit_cirilo03_1"", ""ev_water_access_deficit_brito07_1"", ""ev_water_access_deficit_silva09_2"", ""ev_water_access_deficit_silva09_1"", ""ev_water_access_deficit_castro22_1""], ""source_mix"": {""peer_reviewed"": 14, ""grey"": 0, ""expert"": 0}, ""prose_pending"": true}",,"[""ev_soil_permeability_locat20_1"", ""ev_water_regulation_locat20_1"", ""ev_groundwater_recharge_potential_locat20_1"", ""ev_water_regulation_willem21_1"", ""ev_water_regulation_willem21_2"", ""ev_water_access_deficit_arsky20_1"", ""ev_water_access_deficit_arsky20_2"", ""ev_water_access_deficit_arsky20_4"", ""ev_water_access_deficit_arsky20_5"", ""ev_water_access_deficit_castro22_1"", ""ev_water_access_deficit_cirilo03_1"", ""ev_water_access_deficit_brito07_1"", ""ev_water_access_deficit_silva09_1"", ""ev_water_access_deficit_silva09_2""]",,income_group,upper_middle,"{""income_groups"": {""upper_middle"": 7}, ""aezs"": {""semi_arid"": 5, ""unknown"": 2}, ""farming_systems"": {""unknown"": 7}, ""countries"": [""BRA"", ""PER""], ""n_sources_in_scope"": 7, ""weight_share_in_context"": 1.0, ""target"": {""income_group"": ""upper_middle""}, ""transfer_class"": ""in_context""}",false,,robust,high,false
water_harvesting_conservation__water_harvesting__cross_family__water_stress,water_harvesting_conservation,water_stress,opportunity_space_variable,strong_positive,very_high,"Watershed SWC and recharge structures raise water tables and spring discharge, enabling small-scale irrigation and reducing water transport by tanker in participating villages.","Mostly programme reports from India and Ethiopia without untreated comparison sites; IEG notes recharge gains may be wiped out by subsidised tube-well pumping, year-round wells did not increase in Burkina Faso, and the Uttarakhand recharge change is a small modelled water-budget figure.",,,,"{""statement"": ""water_harvesting_conservation strongly reduces water_stress in BFA, BRA, ETH, IND, MLI, NER (robust evidence, high agreement → very_high confidence; transfer: in_context)."", ""strength_basis"": ""quantified"", ""proxy_capped"": false, ""evidence_summary"": [""zougmore_2014 · observational · positive/unspecified · (BFA,MLI,NER; low; semi_arid) · [ev_groundwater_recharge_potential_zoug14_1]"", ""ieg_2011_india_watershed_cluster_ppar · case_study · none/unspecified · (IND; lower_middle) · [ev_groundwater_recharge_potential_iegind11_4]"", ""castro_2022_ipea_cisternas_pt · observational · negative/unspecified · (BRA; upper_middle; semi_arid) · [ev_water_access_deficit_castro22_1]"", ""wb_2017_hp_midhimalayan_icr · observational · positive/strong · pct_change=40 percent · (IND; lower_middle) · [ev_water_regulation_hp17_1]"", ""ieg_2011_india_watershed_cluster_ppar · observational · positive/unspecified · (IND; lower_middle) · [ev_groundwater_recharge_potential_iegind11_3]"", ""wb_2022_uttarakhand2_watershed_icr · observational · positive/moderate · pct_change=21 percent · (IND; lower_middle) · [ev_water_regulation_utk22_6]"", ""wb_2016_ethiopia_psnp3_icr · case_study · positive/unspecified · (ETH; low) · [ev_groundwater_recharge_potential_eth16_7]"", ""wb_2022_uttarakhand2_watershed_icr · model · positive/slight · pct_change=3.3 percent · (IND; lower_middle) · [ev_groundwater_recharge_potential_utk22_5]"", ""kabore_reij_2004_ifpri_eptd114_zai · observational · positive/unspecified · (BFA; low; semi_arid) · [ev_groundwater_recharge_potential_kabo04_1]"", ""verma_shah_2019_wb_drought_proofing_recharge · observational · negative/strong · pct_change=56 percent · (IND; lower_middle) · [ev_water_access_deficit_verm19_1]"", ""verma_shah_2019_wb_drought_proofing_recharge · observational · positive/unspecified · absolute=1.42 m · (IND; lower_middle) · [ev_groundwater_recharge_potential_verm19_3]"", ""kabore_reij_2004_ifpri_eptd114_zai · observational · none/unspecified · ns · (BFA; low; semi_arid) · [ev_groundwater_recharge_potential_kabo04_2]""], ""agreement_note"": ""weighted sign agreement 0.887: positive 10 ['ev_groundwater_recharge_potential_zoug14_1', 'ev_groundwater_recharge_potential_verm19_3', 'ev_water_access_deficit_verm19_1', 'ev_groundwater_recharge_potential_kabo04_1', 'ev_groundwater_recharge_potential_iegind11_3', 'ev_groundwater_recharge_potential_utk22_5', 'ev_water_regulation_utk22_6', 'ev_groundwater_recharge_potential_eth16_7', 'ev_water_regulation_hp17_1', 'ev_water_access_deficit_castro22_1']; negative 0 []; null 2 ['ev_groundwater_recharge_potential_kabo04_2', 'ev_groundwater_recharge_potential_iegind11_4']."", ""proxies"": [""groundwater_recharge_potential→water_stress (component)"", ""water_regulation→water_stress (component)""], ""key_evidence_ids"": [""ev_groundwater_recharge_potential_zoug14_1"", ""ev_groundwater_recharge_potential_iegind11_4"", ""ev_water_access_deficit_castro22_1"", ""ev_water_regulation_hp17_1"", ""ev_groundwater_recharge_potential_iegind11_3""], ""source_mix"": {""peer_reviewed"": 12, ""grey"": 0, ""expert"": 0}, ""prose_pending"": false, ""mechanism"": ""Watershed SWC and recharge structures raise water tables and spring discharge, enabling small-scale irrigation and reducing water transport by tanker in participating villages."", ""conditionality"": ""Mostly programme reports from India and Ethiopia without untreated comparison sites; IEG notes recharge gains may be wiped out by subsidised tube-well pumping, year-round wells did not increase in Burkina Faso, and the Uttarakhand recharge change is a small modelled water-budget figure."", ""prose_written"": ""2026-10-06""}",,"[""ev_groundwater_recharge_potential_zoug14_1"", ""ev_groundwater_recharge_potential_verm19_3"", ""ev_water_access_deficit_verm19_1"", ""ev_groundwater_recharge_potential_kabo04_1"", ""ev_groundwater_recharge_potential_kabo04_2"", ""ev_groundwater_recharge_potential_iegind11_3"", ""ev_groundwater_recharge_potential_iegind11_4"", ""ev_groundwater_recharge_potential_utk22_5"", ""ev_water_regulation_utk22_6"", ""ev_groundwater_recharge_potential_eth16_7"", ""ev_water_regulation_hp17_1"", ""ev_water_access_deficit_castro22_1""]",water_harvesting__cross_family,,,"{""income_groups"": {""low"": 3, ""lower_middle"": 4, ""upper_middle"": 1}, ""aezs"": {""semi_arid"": 3, ""unknown"": 5}, ""farming_systems"": {""unknown"": 8}, ""countries"": [""BFA"", ""BRA"", ""ETH"", ""IND"", ""MLI"", ""NER""], ""n_sources_in_scope"": 8, ""weight_share_in_context"": 0.827, ""target"": {""income_group"": ""lic_lmic""}, ""transfer_class"": ""in_context""}",false,"{""metric"": ""pct_change"", ""unit"": ""percent"", ""median"": 40.0, ""low"": 3.3, ""high"": 56.0, ""n"": 3, ""income_groups"": {""lower_middle"": 3}, ""class"": ""strong"", ""class_context"": ""lic_lmic"", ""n_excluded_opposite"": 0, ""n_excluded_band"": 0}",robust,high,false
water_harvesting_conservation__water_harvesting__in_situ__water_stress,water_harvesting_conservation,water_stress,opportunity_space_variable,slight_positive,low,"Earth and stone bunds and infiltration trenches are meant to increase infiltration and replenish shallow groundwater, and communities in Mauritania report rising well levels.","The Mauritania evidence is a lender-reported community perception bundled with fencing; a trench review found no significant effect on infiltration rates and little effect on baseflow in the Peruvian Andes, and catchment-level recharge gains could not be generalised.",,,,"{""statement"": ""water_harvesting_conservation reduces water_stress (strength not quantified in the evidence) in MRT, PER (limited evidence, medium agreement → low confidence; transfer: adjacent)."", ""strength_basis"": ""direction_only"", ""proxy_capped"": false, ""evidence_summary"": [""wb_2014_mauritania_cbwm_icr · observational · positive/unspecified · (MRT; lower_middle) · [ev_groundwater_recharge_potential_mrt14_1]"", ""locatelli_2020_zanjas_es · meta_analysis · none/unspecified · ns · (PER; upper_middle) · [ev_soil_permeability_locat20_1]"", ""locatelli_2020_zanjas_es · observational · none/unspecified · (PER; upper_middle) · [ev_water_regulation_locat20_1]"", ""locatelli_2020_zanjas_es · observational · positive/unspecified · (PER; upper_middle) · [ev_groundwater_recharge_potential_locat20_1]""], ""agreement_note"": ""weighted sign agreement 0.75: positive 2 ['ev_groundwater_recharge_potential_mrt14_1', 'ev_groundwater_recharge_potential_locat20_1']; negative 0 []; null 2 ['ev_soil_permeability_locat20_1', 'ev_water_regulation_locat20_1']."", ""proxies"": [""groundwater_recharge_potential→water_stress (component)"", ""soil_permeability→water_stress (component)"", ""water_regulation→water_stress (component)""], ""key_evidence_ids"": [""ev_groundwater_recharge_potential_mrt14_1"", ""ev_soil_permeability_locat20_1"", ""ev_water_regulation_locat20_1"", ""ev_groundwater_recharge_potential_locat20_1""], ""source_mix"": {""peer_reviewed"": 4, ""grey"": 0, ""expert"": 0}, ""prose_pending"": false, ""mechanism"": ""Earth and stone bunds and infiltration trenches are meant to increase infiltration and replenish shallow groundwater, and communities in Mauritania report rising well levels."", ""conditionality"": ""The Mauritania evidence is a lender-reported community perception bundled with fencing; a trench review found no significant effect on infiltration rates and little effect on baseflow in the Peruvian Andes, and catchment-level recharge gains could not be generalised."", ""prose_written"": ""2026-10-06""}",,"[""ev_groundwater_recharge_potential_mrt14_1"", ""ev_soil_permeability_locat20_1"", ""ev_water_regulation_locat20_1"", ""ev_groundwater_recharge_potential_locat20_1""]",water_harvesting__in_situ,,,"{""income_groups"": {""lower_middle"": 1, ""upper_middle"": 1}, ""aezs"": {""unknown"": 2}, ""farming_systems"": {""unknown"": 2}, ""countries"": [""MRT"", ""PER""], ""n_sources_in_scope"": 2, ""weight_share_in_context"": 0.212, ""target"": {""income_group"": ""lic_lmic""}, ""transfer_class"": ""adjacent""}",false,,limited,medium,false
water_harvesting_conservation__water_harvesting__rooftop__water_stress,water_harvesting_conservation,water_stress,opportunity_space_variable,slight_positive,high,"Domestic rooftop cisterns store rainwater beside the house, giving households basic drinking and cooking water through the dry season, sharply reducing time spent fetching water and dependence on water trucks.","All evidence is from cistern programmes in semi-arid Brazil (upper-middle income), largely programme authors and Embrapa surveys. A standard cistern covers basic needs only for small households, larger families remain dependent on water trucks, and most households still use other sources as their main supply.",,,,"{""statement"": ""water_harvesting_conservation reduces water_stress (strength not quantified in the evidence) in semi_arid (medium evidence, high agreement → high confidence; transfer: adjacent)."", ""strength_basis"": ""direction_only"", ""proxy_capped"": false, ""evidence_summary"": [""brito_2007_embrapa_aguachuva_pt · observational · negative/unspecified · (BRA; upper_middle; semi_arid) · [ev_water_access_deficit_brito07_1]"", ""silva_2009_embrapa_aguavida_pt · observational · negative/unspecified · absolute=57.8 pct_of_households · (BRA; upper_middle; semi_arid) · [ev_water_access_deficit_silva09_2]"", ""silva_2009_embrapa_aguavida_pt · observational · negative/unspecified · absolute=66.6 pct_of_households · (BRA; upper_middle; semi_arid) · [ev_water_access_deficit_silva09_1]"", ""arsky_2020_cisternas_pt · model · negative/unspecified · absolute=16.6 16.6 to 33.3 litres_per_capita_day · (BRA; upper_middle; semi_arid) · [ev_water_access_deficit_arsky20_2]"", ""arsky_2020_cisternas_pt · expert · negative/unspecified · (BRA; upper_middle; semi_arid) · [ev_water_access_deficit_arsky20_1]"", ""arsky_2020_cisternas_pt · expert · negative/unspecified · (BRA; upper_middle; semi_arid) · [ev_water_access_deficit_arsky20_4]""], ""agreement_note"": ""weighted sign agreement 1.0: positive 6 ['ev_water_access_deficit_arsky20_1', 'ev_water_access_deficit_arsky20_2', 'ev_water_access_deficit_arsky20_4', 'ev_water_access_deficit_brito07_1', 'ev_water_access_deficit_silva09_1', 'ev_water_access_deficit_silva09_2']; negative 0 []; null 0 []."", ""proxies"": [], ""key_evidence_ids"": [""ev_water_access_deficit_brito07_1"", ""ev_water_access_deficit_silva09_2"", ""ev_water_access_deficit_silva09_1"", ""ev_water_access_deficit_arsky20_2"", ""ev_water_access_deficit_arsky20_1""], ""source_mix"": {""peer_reviewed"": 6, ""grey"": 0, ""expert"": 0}, ""prose_pending"": false, ""mechanism"": ""Domestic rooftop cisterns store rainwater beside the house, giving households basic drinking and cooking water through the dry season, sharply reducing time spent fetching water and dependence on water trucks."", ""conditionality"": ""All evidence is from cistern programmes in semi-arid Brazil (upper-middle income), largely programme authors and Embrapa surveys. A standard cistern covers basic needs only for small households, larger families remain dependent on water trucks, and most households still use other sources as their main supply."", ""prose_written"": ""2026-10-06""}",,"[""ev_water_access_deficit_arsky20_1"", ""ev_water_access_deficit_arsky20_2"", ""ev_water_access_deficit_arsky20_4"", ""ev_water_access_deficit_brito07_1"", ""ev_water_access_deficit_silva09_1"", ""ev_water_access_deficit_silva09_2""]",water_harvesting__rooftop,,,"{""income_groups"": {""upper_middle"": 3}, ""aezs"": {""semi_arid"": 3}, ""farming_systems"": {""unknown"": 3}, ""countries"": [""BRA""], ""n_sources_in_scope"": 3, ""weight_share_in_context"": 0.0, ""target"": {""income_group"": ""lic_lmic""}, ""transfer_class"": ""adjacent""}",false,,medium,high,false
water_harvesting_conservation__water_harvesting__runoff_catchment__water_stress,water_harvesting_conservation,water_stress,opportunity_space_variable,slight_positive,very_high,"Sand dams, check dams, subsurface dams and production cisterns store water in sand, soil or tanks and recharge local groundwater, extending the months of water access and keeping livestock watered when other sources dry up.","The groundwater effect of sand dams is limited in space and time, many Kenyan sand dams lack capacity to supply even one household through the dry season, and only part of assessed dams would hold enough water for reported beneficiaries. Several units are review citations or vote counts rather than measurements.",,,,"{""statement"": ""water_harvesting_conservation reduces water_stress (strength not quantified in the evidence) in BRA, ETH, IND, KEN (robust evidence, high agreement → very_high confidence; transfer: adjacent)."", ""strength_basis"": ""direction_only"", ""proxy_capped"": false, ""evidence_summary"": [""cirilo_2003_barragens_subterraneas_pt · observational · negative/unspecified · (BRA; upper_middle; semi_arid) · [ev_water_access_deficit_cirilo03_1]"", ""ritchie_2021 · observational · negative/unspecified · absolute=2.5 months · (KEN; lower_middle) · [ev_water_access_deficit_ritc21_1]"", ""ritchie_2021 · observational · none/unspecified · absolute=67 percent_of_structures · (KEN; lower_middle) · [ev_water_access_deficit_ritc21_3]"", ""neufeld_2017_mcc_sand_dam_assessment · model · negative/unspecified · absolute=57 percent_of_structures · (KEN; lower_middle; semi_arid) · [ev_water_access_deficit_neuf17_1]"", ""frankl_2021 · observational · positive/unspecified · (ETH; low) · [ev_groundwater_recharge_potential_fran21_1]"", ""ritchie_2021 · observational · positive/unspecified · [ev_groundwater_recharge_potential_ritc21_1]"", ""saruchera_2019 · observational · positive/unspecified · [ev_groundwater_recharge_potential_saru19_1]"", ""arsky_2020_cisternas_pt · case_study · negative/unspecified · (BRA; upper_middle; semi_arid) · [ev_water_access_deficit_arsky20_5]"", ""verma_shah_2019_wb_drought_proofing_recharge · model · positive/unspecified · absolute=480 million_m3_per_yr · (IND; lower_middle) · [ev_groundwater_recharge_potential_verm19_1]"", ""verma_shah_2019_wb_drought_proofing_recharge · observational · positive/unspecified · (IND; lower_middle) · [ev_groundwater_recharge_potential_verm19_2]""], ""agreement_note"": ""weighted sign agreement 0.931: positive 9 ['ev_water_access_deficit_ritc21_1', 'ev_groundwater_recharge_potential_ritc21_1', 'ev_groundwater_recharge_potential_saru19_1', 'ev_groundwater_recharge_potential_fran21_1', 'ev_groundwater_recharge_potential_verm19_1', 'ev_groundwater_recharge_potential_verm19_2', 'ev_water_access_deficit_neuf17_1', 'ev_water_access_deficit_arsky20_5', 'ev_water_access_deficit_cirilo03_1']; negative 0 []; null 1 ['ev_water_access_deficit_ritc21_3']."", ""proxies"": [""groundwater_recharge_potential→water_stress (component)""], ""key_evidence_ids"": [""ev_water_access_deficit_cirilo03_1"", ""ev_water_access_deficit_ritc21_1"", ""ev_water_access_deficit_ritc21_3"", ""ev_water_access_deficit_neuf17_1"", ""ev_groundwater_recharge_potential_fran21_1""], ""source_mix"": {""peer_reviewed"": 10, ""grey"": 0, ""expert"": 0}, ""prose_pending"": false, ""mechanism"": ""Sand dams, check dams, subsurface dams and production cisterns store water in sand, soil or tanks and recharge local groundwater, extending the months of water access and keeping livestock watered when other sources dry up."", ""conditionality"": ""The groundwater effect of sand dams is limited in space and time, many Kenyan sand dams lack capacity to supply even one household through the dry season, and only part of assessed dams would hold enough water for reported beneficiaries. Several units are review citations or vote counts rather than measurements."", ""prose_written"": ""2026-10-06""}",,"[""ev_water_access_deficit_ritc21_1"", ""ev_water_access_deficit_ritc21_3"", ""ev_groundwater_recharge_potential_ritc21_1"", ""ev_groundwater_recharge_potential_saru19_1"", ""ev_groundwater_recharge_potential_fran21_1"", ""ev_groundwater_recharge_potential_verm19_1"", ""ev_groundwater_recharge_potential_verm19_2"", ""ev_water_access_deficit_neuf17_1"", ""ev_water_access_deficit_arsky20_5"", ""ev_water_access_deficit_cirilo03_1""]",water_harvesting__runoff_catchment,,,"{""income_groups"": {""low"": 1, ""lower_middle"": 3, ""unknown"": 2, ""upper_middle"": 2}, ""aezs"": {""semi_arid"": 3, ""unknown"": 4}, ""farming_systems"": {""unknown"": 7}, ""countries"": [""BRA"", ""ETH"", ""IND"", ""KEN""], ""n_sources_in_scope"": 7, ""weight_share_in_context"": 0.477, ""target"": {""income_group"": ""lic_lmic""}, ""transfer_class"": ""adjacent""}",false,,robust,high,false
water_harvesting_conservation__water_harvesting__terracing__water_stress,water_harvesting_conservation,water_stress,opportunity_space_variable,moderate_positive,medium,Terraces and contour ridges retain rainfall on slopes so part of it infiltrates and recharges groundwater.,"The recharge figures are a modelling study (Morocco) and an estimate from the Mandara mountains (Cameroon); catchment modelling in Peru found no difference in crop water distribution with partial terracing, and abandoned or degraded terraces worsen water regulation.",,,,"{""statement"": ""water_harvesting_conservation moderately reduces water_stress in CMR, MAR, PER (limited evidence, high agreement → medium confidence; transfer: in_context)."", ""strength_basis"": ""quantified"", ""proxy_capped"": true, ""evidence_summary"": [""roose_2006_terrasses_afrique_fr · observational · positive/unspecified · (CMR; lower_middle) · [ev_groundwater_recharge_potential_roose06_1]"", ""willems_2021_andenes_es · model · positive/strong · pct_change=50 percent · (MAR; lower_middle) · [ev_groundwater_recharge_potential_willem21_1]"", ""willems_2021_andenes_es · model · none/unspecified · (PER; upper_middle) · [ev_water_regulation_willem21_1]"", ""willems_2021_andenes_es · meta_analysis · negative/unspecified · (PER; upper_middle) · [ev_water_regulation_willem21_2]""], ""agreement_note"": ""weighted sign agreement 0.935: positive 3 ['ev_groundwater_recharge_potential_willem21_1', 'ev_water_regulation_willem21_2', 'ev_groundwater_recharge_potential_roose06_1']; negative 0 []; null 1 ['ev_water_regulation_willem21_1']."", ""proxies"": [""groundwater_recharge_potential→water_stress (component)"", ""water_regulation→water_stress (component)""], ""key_evidence_ids"": [""ev_groundwater_recharge_potential_roose06_1"", ""ev_groundwater_recharge_potential_willem21_1"", ""ev_water_regulation_willem21_1"", ""ev_water_regulation_willem21_2""], ""source_mix"": {""peer_reviewed"": 4, ""grey"": 0, ""expert"": 0}, ""prose_pending"": false, ""mechanism"": ""Terraces and contour ridges retain rainfall on slopes so part of it infiltrates and recharges groundwater."", ""conditionality"": ""The recharge figures are a modelling study (Morocco) and an estimate from the Mandara mountains (Cameroon); catchment modelling in Peru found no difference in crop water distribution with partial terracing, and abandoned or degraded terraces worsen water regulation."", ""prose_written"": ""2026-10-06""}",,"[""ev_groundwater_recharge_potential_willem21_1"", ""ev_water_regulation_willem21_1"", ""ev_water_regulation_willem21_2"", ""ev_groundwater_recharge_potential_roose06_1""]",water_harvesting__terracing,,,"{""income_groups"": {""lower_middle"": 2, ""upper_middle"": 1}, ""aezs"": {""unknown"": 2}, ""farming_systems"": {""unknown"": 2}, ""countries"": [""CMR"", ""MAR"", ""PER""], ""n_sources_in_scope"": 2, ""weight_share_in_context"": 0.667, ""target"": {""income_group"": ""lic_lmic""}, ""transfer_class"": ""in_context""}",false,,limited,high,false
