evidence_id,source_id,nbs_id,suitability_family_id,variable,relationship,context,use_role,evidence_type,claim_basis,claim_scope,lineage_of,extraction_confidence,quote,page,reviewer_ok,raw_name,taxon,observed_dataset,attribution,locator_type,locator,commit_sha,justification_quote,justification_page,selection_justification,selection_justification_page,review_state,ruleset_version
ev_t3_fuel_load_abstract_batcheler24_1,batcheler_silvopasture_2024,agroforestry,agroforestry__silvopastoral,fire_hazard,"{""direction"": ""negative"", ""qualifier"": ""silvopasture reduces grass biomass, litter, and duff depth, thereby reducing fuel loads and wildfire risk; measured at two Washington State ponderosa pine sites"", ""unit"": ""qualitative""}","{""hazard_type"": ""fire"", ""farming_system"": ""agro_pastoral"", ""risk_role"": ""livelihood_mitigation"", ""mitigation_potential"": ""moderate"", ""timescale_of_effect"": ""medium_term_3_7yr""}",climate_risk,literature_relationship,primary_measured,practice_technology,,high,"This study compared forest composition and structure, fuel types, and vegetative biomass between silvopasture and non-grazed managed forests in Washington, U.S. We show that silvopasture management results in reductions in grass biomass, litter, and duff depth when compared to non-grazed managed forest. These findings point to the integrated nature of silvopasture, where management of overstory composition and structure, understory vegetation, and grazing can reduce fuel loads and potential wildfire risk.",1,false,fuel loads and potential wildfire risk,,,Temperate-US scope (Washington State dryland ponderosa pine forest); Mediterranean studies referenced but not the primary site. Findings may not transfer directly to tropical/subtropical or humid-temperate silvopastoral systems.,page,,,,,,,,2026-06-18.section-scope
ev_t3_fire_freq_batcheler24_3,batcheler_silvopasture_2024,agroforestry,agroforestry__silvopastoral,wildfire_mitigation,"{""direction"": ""negative"", ""qualifier"": ""potential (not measured) reduction in fire frequency — reduced overstory density and spatial variability vs other land uses; epistemic claim only"", ""unit"": ""qualitative"", ""confidence"": ""potential""}","{""hazard_type"": ""fire"", ""farming_system"": ""agro_pastoral"", ""risk_role"": ""livelihood_mitigation"", ""mitigation_potential"": ""moderate"", ""timescale_of_effect"": ""long_term_7yr_plus""}",climate_risk,literature_relationship,cited_secondary,practice_technology,,low,"The reduced density and increased spatial variability of the overstory, combined with other silvopasture management practices, has the potential of reducing fire frequency when compared to other land uses.",2,true,reducing fire frequency,,,[reviewed 2026-08-06 by Namita-J; reason:confirmed_pass] [reviewed 2026-07-15 by Namita-J; reason:confirmed_pass] [reviewed 2026-07-02 by Namita-J; reason:confirmed_pass] [reviewed 2026-06-30 by Namita-J] Temperate-US paper; claim cites Mediterranean/other research (ref 32). Mechanism is overstory structure management.,page,,,,,,,,
ev_t3_herbaceous_fuel_batcheler24_4,batcheler_silvopasture_2024,agroforestry,agroforestry__silvopastoral,wildfire_mitigation,"{""direction"": ""negative"", ""qualifier"": ""rotational grazing removes understory biomass, reducing herbaceous surface fuel loads"", ""unit"": ""qualitative""}","{""hazard_type"": ""fire"", ""farming_system"": ""agro_pastoral"", ""risk_role"": ""livelihood_mitigation"", ""mitigation_potential"": ""moderate"", ""timescale_of_effect"": ""short_term_1_3yr""}",climate_risk,literature_relationship,cited_secondary,practice_technology,,high,"For livestock, use of rotational grazing in a silvopasture has been found to effectively remove understory biomass, thus reducing herbaceous surface fuel loads.",2,false,reducing herbaceous surface fuel loads,,,"Temperate-US paper; claim cites Mediterranean silvopasture research (refs 28, 33). Mechanism: rotational grazing forage consumption.",page,,,,,,,,
ev_t3_litter_duff_batcheler24_5,batcheler_silvopasture_2024,agroforestry,agroforestry__silvopastoral,fire_hazard,"{""direction"": ""negative"", ""qualifier"": ""litter and duff depth significantly lower in silvopasture vs non-grazed managed forest at both Washington State study sites (statistical significance reported but p-value not quoted)"", ""unit"": ""qualitative""}","{""hazard_type"": ""fire"", ""farming_system"": ""agro_pastoral"", ""risk_role"": ""livelihood_mitigation"", ""mitigation_potential"": ""moderate"", ""timescale_of_effect"": ""medium_term_3_7yr""}",climate_risk,literature_relationship,primary_measured,practice_technology,,low,Litter and duff depth were significantly lower at both silvopasture sites than the non-grazed managed forests (Table 4). One contributing factor may be due to the significant reduction of grass biomass from livestock grazing at silvopasture sites when compared to non-grazed managed forest sites (Table 5).,5,false,litter and duff depth,,,"[VERIFY-FLAG mismatch: qualifier states p<=0.05 but the quote only says ""significantly lower"" — no p-value is stated in the quoted text; this numeric precision is fabricated.] Primary measured data from two Washington State ponderosa pine silvopasture sites; temperate-US scope. Statistical significance at p<=0.05.",page,,,,,,,,
ev_t3_fire_spread_batcheler24_6,batcheler_silvopasture_2024,agroforestry,agroforestry__silvopastoral,fire_hazard,"{""direction"": ""positive"", ""qualifier"": ""litter and duff depth positively correlated with rate of fire spread and burn severity in this forest type"", ""unit"": ""qualitative""}","{""hazard_type"": ""fire"", ""farming_system"": ""agro_pastoral"", ""risk_role"": ""livelihood_mitigation"", ""mitigation_potential"": ""moderate""}",climate_risk,literature_relationship,cited_secondary,practice_technology,,low,"Reducing litter and duff has important implications for fire management. There is a correlation between rate of fire spread and burn severity with depth of litter and duff, particularly in this forest type.",5,false,rate of fire spread and burn severity,,,"[VERIFY-FLAG mismatch: qualifier appends an inference (""reducing litter/duff therefore reduces fire spread and severity"") not explicitly stated in the quote; quote only asserts a correlation between depth and fire spread/severity.] Temperate-US paper (dryland ponderosa pine, Washington State); cite ref 51. Mechanism links litter/duff depth to fire behaviour.",page,,,,,,,,
ev_t3_select_fuels_batcheler24_8,batcheler_silvopasture_2024,agroforestry,agroforestry__silvopastoral,wildfire_mitigation,"{""direction"": ""negative"", ""qualifier"": ""silvopasture reduces litter, duff, and herbaceous biomass (select fuel types) but not coarse woody debris (1h-1000h fuels) vs managed forest; Washington State, Interior Columbia Basin"", ""unit"": ""qualitative""}","{""hazard_type"": ""fire"", ""farming_system"": ""agro_pastoral"", ""risk_role"": ""livelihood_mitigation"", ""mitigation_potential"": ""low""}",climate_risk,literature_relationship,primary_measured,practice_technology,,high,"Our research offers evidence that silvopasture reduces select fuel types and select vegetative biomass when compared to managed forests of the Interior Columbia Basin. However, 1-, 10-, 100-, and 1000-h fuels were similar between the management systems.",7,false,select fuel types and select vegetative biomass,,,Primary measured data from Washington State ponderosa pine sites (Interior Columbia Basin); temperate-US scope. Important nuance: coarse woody fuels (1h-1000h) NOT significantly reduced.,page,,,,,,,,
ev_t3_water_infiltration_batcheler24_9,batcheler_silvopasture_2024,agroforestry,agroforestry__silvopastoral,soil_water_retention,,"{""hazard_type"": ""drought"", ""farming_system"": ""agro_pastoral"", ""risk_role"": ""livelihood_mitigation"", ""mitigation_potential"": ""low""}",climate_risk,scoping_candidate,cited_secondary,practice_technology,,low,"Because of the more deliberate and systems approach to management, silvopastures are capable of improving ecosystem services, such as carbon storage, nutrient cycling, water infiltration rates, and improved biodiversity.",2,false,water infiltration rates,,,Temperate-US paper; claim cites ref 26 (Smith et al. 2022 systematic review). Not quantified in this study; listed as ecosystem service of silvopasture generally. Low confidence - no primary data for this variable in this paper.,page,,,,,,,,
ev_t3_drought_lh_quandt17_1,quandt_resilience_2017,agroforestry,agroforestry__planted_silvoarable,drought_hazard,,"{""hazard_type"": ""drought"", ""farming_system"": ""mixed_crop_livestock"", ""risk_role"": ""livelihood_mitigation"", ""mitigation_potential"": ""moderate"", ""study_region"": ""Isiolo County, Kenya""}",climate_risk,scoping_candidate,primary_measured,practice_technology,,high,"Adopting agroforestry has been proposed as one livelihood activity that can help build livelihood resilience to floods and droughts (Kandji et al. 2006, Verchot et al. 2007, Garrity et al. 2010, Lin 2011, Thorlakson and Neufeldt 2012, Bryan et al 2013, Simelton et al. 2015).",2,false,,,,Kandji et al. 2006; Verchot et al. 2007; Garrity et al. 2010; Lin 2011; Thorlakson and Neufeldt 2012; Bryan et al 2013; Simelton et al. 2015,page,,,,,,,,
ev_t3_drought_roots_quandt17_2,quandt_resilience_2017,agroforestry,agroforestry__planted_silvoarable,drought_hazard,,"{""hazard_type"": ""drought"", ""farming_system"": ""mixed_crop_livestock"", ""risk_role"": ""livelihood_mitigation"", ""mitigation_potential"": ""moderate"", ""mitigation_mechanism"": ""deep root systems access greater soil volume for water and nutrients"", ""study_region"": ""Isiolo County, Kenya""}",climate_risk,scoping_candidate,primary_measured,practice_technology,,high,"Some of the ecological characteristics of agroforestry species make them resilient to floods and droughts, including deep root systems that are able to use a greater soil volume for water and nutrients (Kandji et al. 2006, Verchot et al. 2007).",2,false,deep root systems,,,Kandji et al. 2006; Verchot et al. 2007,page,,,,,,,,
ev_t3_microclimate_shade_quandt17_3,quandt_resilience_2017,agroforestry,agroforestry__planted_silvoarable,microclimate_buffering,,"{""hazard_type"": ""heat_stress"", ""farming_system"": ""mixed_crop_livestock"", ""risk_role"": ""livelihood_mitigation"", ""mitigation_potential"": ""moderate"", ""mitigation_mechanism"": ""shade trees produce microclimates that buffer temperature fluctuations, reducing evapotranspiration"", ""study_region"": ""Isiolo County, Kenya""}",climate_risk,scoping_candidate,primary_measured,practice_technology,,high,"Shade trees can produce microclimates that buffer temperature fluctuations (Lin 2007), which in turn can reduce evapotranspiration.",2,false,microclimate temperature buffer,,,Lin 2007,page,,,,,,,,
ev_t3_wind_buffer_quandt17_4,quandt_resilience_2017,agroforestry,agroforestry__planted_silvoarable,windbreak_protection,,"{""hazard_type"": ""wind_cyclone"", ""farming_system"": ""mixed_crop_livestock"", ""risk_role"": ""livelihood_mitigation"", ""mitigation_potential"": ""moderate"", ""mitigation_mechanism"": ""trees buffer crops from storms"", ""study_region"": ""Isiolo County, Kenya""}",climate_risk,scoping_candidate,primary_measured,practice_technology,,medium,"Some of the ecological characteristics of agroforestry species make them resilient to floods and droughts, including deep root systems that are able to use a greater soil volume for water and nutrients (Kandji et al. 2006, Verchot et al. 2007). Shade trees can produce microclimates that buffer temperature fluctuations (Lin 2007), which in turn can reduce evapotranspiration. Further, trees have the ability to buffer crops from storms (Philpott et al. 2008).",2,false,buffer from storms,,,Philpott et al. 2008,page,,,,,,,,2026-06-18.section-scope
ev_t3_drought_perception_quandt17_5,quandt_resilience_2017,agroforestry,agroforestry__planted_silvoarable,drought_hazard,,"{""hazard_type"": ""drought"", ""farming_system"": ""mixed_crop_livestock"", ""risk_role"": ""livelihood_mitigation"", ""mitigation_potential"": ""moderate"", ""evidence_basis"": ""household_survey_n338_Kenya"", ""study_region"": ""Burat, Isiolo County, Kenya"", ""note"": ""Perception-based measure; effect not found in Kinna""}",climate_risk,scoping_candidate,primary_measured,practice_technology,,medium,"Perceptions of changes in drought (Fig. 2) varied between communities and households that did and did not practice agroforestry. In Kinna, responses did not vary between households with and without agroforestry. However, for Burat there was a correlation between practicing agroforestry and perception of drought (χ2 = 13.7896, P < 0.01). Households practicing agroforestry largely responded that droughts were less frequent (64 respondents), whereas most households (46 respondents) without agroforestry stated the opposite.",4,false,perception of drought frequency,,,,page,,,,,,,,2026-06-18.section-scope
ev_t3_flood_erosion_quandt17_6,quandt_resilience_2017,agroforestry,agroforestry__linear_boundary,erosion_hazard,,"{""hazard_type"": ""flood"", ""farming_system"": ""mixed_crop_livestock"", ""risk_role"": ""livelihood_mitigation"", ""mitigation_potential"": ""moderate"", ""mitigation_mechanism"": ""linear tree planting prevents soil erosion from floodwater"", ""evidence_basis"": ""qualitative_farmer_interview"", ""study_region"": ""Burat, Isiolo County, Kenya""}",climate_risk,scoping_candidate,primary_measured,practice_technology,,medium,"""[by] planting trees in a line, it prevents the soil from being swept away by water.""",5,false,prevent soil swept away by water,,,"Male farmer in Burat, Kenya — household case study interview",page,,,,,,,,
ev_t3_drought_deeproots_quandt17_7,quandt_resilience_2017,agroforestry,agroforestry__planted_silvoarable,drought_hazard,,"{""hazard_type"": ""drought"", ""farming_system"": ""mixed_crop_livestock"", ""risk_role"": ""livelihood_mitigation"", ""mitigation_potential"": ""moderate"", ""mitigation_mechanism"": ""deep root systems access subsoil water during drought"", ""evidence_basis"": ""qualitative_farmer_interview"", ""study_region"": ""Burat, Isiolo County, Kenya"", ""note"": ""Quote refers to mango trees; mechanism is practice-technology level (deep root water access), not species-specific suitability""}",climate_risk,scoping_candidate,primary_measured,practice_technology,,medium,"During drought, mango, papaya, and banana were listed as being the most important tree species. As a male farmer from Burat explained about mango trees, “Their roots travel far, trees are able to get water from deep down.”",5,false,"roots travel far, get water from deep down",,,,page,,,,,,,,2026-06-18.section-scope
ev_t3_drought_importance_quandt17_8,quandt_resilience_2017,agroforestry,agroforestry__planted_silvoarable,drought_hazard,,"{""hazard_type"": ""drought"", ""farming_system"": ""mixed_crop_livestock"", ""risk_role"": ""livelihood_mitigation"", ""mitigation_potential"": ""high"", ""evidence_basis"": ""household_survey_n338_Kenya"", ""study_region"": ""Isiolo County, Kenya"", ""note"": ""Table 4: Very important during drought: Burat 59.3%, Kinna 55.1%, Total 55.1%. Pearson chi2=23.07 P<0.01 for Burat""}",climate_risk,scoping_candidate,table,practice_technology,,high,"Proportion (%) of survey respondents who listed agroforestry as being important for the household livelihood during drought, floods, and the 1997 El Niño flooding.",8,false,importance of trees during drought,,,,page,,,,,,,,
ev_t3_flood_importance_quandt17_9,quandt_resilience_2017,agroforestry,agroforestry__planted_silvoarable,flood_hazard,,"{""hazard_type"": ""flood"", ""farming_system"": ""mixed_crop_livestock"", ""risk_role"": ""livelihood_mitigation"", ""mitigation_potential"": ""high"", ""evidence_basis"": ""household_survey_n338_Kenya"", ""study_region"": ""Isiolo County, Kenya"", ""note"": ""Table 4: Very important during floods: Burat 60.4%, Kinna 60%, Total 60.2%. Pearson chi2=8.05 P<0.05""}",climate_risk,scoping_candidate,table,practice_technology,,high,"Proportion (%) of survey respondents who listed agroforestry as being important for the household livelihood during drought, floods, and the 1997 El Niño flooding.",8,false,importance of trees during floods,,,[dropped 2026-08-06 by Namita-J; reason:insufficient_context] [dropped 2026-07-15 by Namita-J; reason:insufficient_context] [dropped 2026-07-02 by Namita-J; reason:insufficient_context],page,,,,,,,dropped,
ev_t3_drought_conclusion_quandt17_10,quandt_resilience_2017,agroforestry,agroforestry__planted_silvoarable,drought_hazard,,"{""hazard_type"": ""drought"", ""farming_system"": ""mixed_crop_livestock"", ""risk_role"": ""livelihood_mitigation"", ""mitigation_potential"": ""moderate"", ""evidence_basis"": ""mixed_methods_household_survey_n338_plus_qualitative"", ""study_region"": ""Isiolo County, Kenya""}",climate_risk,scoping_candidate,primary_measured,practice_technology,,high,"Results from two communities in Isiolo County, Kenya indicate that agroforestry can and does build livelihood resilience to floods and drought.",9,false,livelihood resilience to drought,,,,page,,,,,,,,
ev_t3_flood_conclusion_quandt17_11,quandt_resilience_2017,agroforestry,agroforestry__planted_silvoarable,flood_hazard,,"{""hazard_type"": ""flood"", ""farming_system"": ""mixed_crop_livestock"", ""risk_role"": ""livelihood_mitigation"", ""mitigation_potential"": ""moderate"", ""evidence_basis"": ""mixed_methods_household_survey_n338_plus_qualitative"", ""study_region"": ""Isiolo County, Kenya""}",climate_risk,scoping_candidate,primary_measured,practice_technology,,high,"Results from two communities in Isiolo County, Kenya indicate that agroforestry can and does build livelihood resilience to floods and drought.",9,false,livelihood resilience to floods,,,,page,,,,,,,,
ev_t3_drought_farmerquote_quandt17_12,quandt_resilience_2017,agroforestry,agroforestry__planted_silvoarable,drought_hazard,,"{""hazard_type"": ""drought"", ""farming_system"": ""mixed_crop_livestock"", ""risk_role"": ""livelihood_mitigation"", ""mitigation_potential"": ""moderate"", ""evidence_basis"": ""qualitative_farmer_interview"", ""study_region"": ""Burat, Isiolo County, Kenya"", ""note"": ""Female farmer; trees maintain fruit production during drought when other crops fail""}",climate_risk,scoping_candidate,primary_measured,practice_technology,,medium,"""We decided to plant trees because they do not dry up fast during times of drought... these times it helps us, the times when there is no rain, it helps us. If you water it a little bit, it produces fruit and you eat.""",9,false,trees do not dry up fast during drought,,,,page,,,,,,,,
ev_t3_flood_erosion_table_quandt17_13,quandt_resilience_2017,agroforestry,agroforestry__planted_silvoarable,flood_hazard,,"{""hazard_type"": ""flood"", ""farming_system"": ""mixed_crop_livestock"", ""risk_role"": ""livelihood_mitigation"", ""mitigation_potential"": ""moderate"", ""evidence_basis"": ""qualitative_household_case_studies_freely_listed_tree_species"", ""study_region"": ""Isiolo County, Kenya"", ""note"": ""Table 3: top flood-period benefits were flood resistance (25 HH), windbreak (17 HH), food/income (27-28 HH), prevent erosion (6 HH), reduce water speed (9 HH)""}",climate_risk,scoping_candidate,table,practice_technology,,medium,Tree species listed and the reasons given for their performance and benefits during floods and drought. Numbers indicate the number of household case study interviewees that named that specific tree and the corresponding specific benefit.,6,false,"flood resistant, prevent erosion, windbreak, reduce water speed",,,,page,,,,,,,,
ev_t3_drought_intentional_quandt17_14,quandt_resilience_2017,agroforestry,agroforestry__planted_silvoarable,drought_hazard,,"{""hazard_type"": ""drought"", ""farming_system"": ""mixed_crop_livestock"", ""risk_role"": ""livelihood_mitigation"", ""mitigation_potential"": ""moderate"", ""evidence_basis"": ""household_survey_n338_Kenya"", ""study_region"": ""Isiolo County, Kenya"", ""note"": ""74% planted trees deliberately for drought resilience; shows intentional adoption for climate hazard mitigation""}",climate_risk,scoping_candidate,primary_measured,practice_technology,,high,"In both Burat and Kinna, 74% of respondents said that they had planted trees with drought in mind. In addition, 65% of respondents in Burat and 43% of respondents in Kinna said that they had planted trees with floods in mind.",6,false,planted trees with drought in mind,,,,page,,,,,,,,
ev_t6_yield_meta_castle21_1,castle_sr_2021,agroforestry,agroforestry__planted_silvoarable,crop_yield,"{""effect_size_type"": ""standardized_mean_difference_hedges_g"", ""central"": 1.16, ""ci_low"": -0.35, ""ci_high"": 2.67, ""p_value"": 0.13, ""note"": ""Not statistically significant (p=0.13); n_studies and I2 not supported by this quote — source from page 20 result section only""}","{""variable_type"": ""opportunity_space_variable"", ""effect_direction"": ""moderate_positive"", ""claim_basis_note"": ""meta_analysis — SR pools 5 quasi-experimental impact evaluations"", ""timescale_of_effect"": ""short_to_medium_term"", ""conditionality"": ""high heterogeneity; positive effect concentrated in soil-fertility-replenishment practices in SSA""}",nbs_effect,literature_relationship,cited_secondary,practice_technology,,low,"agroforestry interventions overall may lead to a large, positive impact on yield (Hedge's g = 1.16 [−0.35, 2.67] (p = .13))",2,false,Hedge's g crop yield meta-analysis,,,"[VERIFY-FLAG mismatch: n_studies=5 and heterogeneity_i2_pct=98.99 are not stated in the page-2 abstract quote; only g, CI, and p-value appear there.] Castle et al. 2021 (Campbell SR) p.2 abstract — 5-study meta-analysis across LMICs",page,,,,,,,,
ev_t6_yield_soilfert_castle21_2,castle_sr_2021,agroforestry,agroforestry__planted_silvoarable,crop_yield,,"{""variable_type"": ""opportunity_space_variable"", ""effect_direction"": ""strong_positive"", ""claim_basis_note"": ""narrative_synthesis — SR narrating from cited primary studies"", ""practice_type"": ""soil_fertility_replenishment"", ""conditionality"": ""severe soil fertility issues present; SSA context"", ""timescale_of_effect"": ""medium_term_3_7yr""}",nbs_effect,scoping_candidate,cited_secondary,practice_technology,,high,"There were positive yield impacts for soil fertility replenishment practices, including incorporating trees in agricultural fields and improved fallow practices in fields where there are severe soil fertility issues.",2,false,yield impacts soil fertility replenishment practices,,,Castle et al. 2021 (Campbell SR) p.2 — abstract main results,page,,,,,,,,
ev_t6_yield_p20_castle21_3,castle_sr_2021,agroforestry,agroforestry__planted_silvoarable,crop_yield,"{""effect_size_type"": ""standardized_mean_difference_hedges_g"", ""central"": 1.16, ""ci_low"": -0.35, ""ci_high"": 2.67, ""p_value"": 0.13, ""model"": ""random_effects"", ""note"": ""Section 5.2.1; n_studies and I2 not supported by this quote text""}","{""variable_type"": ""opportunity_space_variable"", ""effect_direction"": ""moderate_positive"", ""claim_basis_note"": ""meta_analysis — random effects model pooling 5 studies"", ""timescale_of_effect"": ""short_to_medium_term""}",nbs_effect,literature_relationship,cited_secondary,practice_technology,,low,"The average effect of these interventions on crop yield outcomes is 1.16 standardized mean difference (Hedges' g) with a 95% confidence interval (CI) of [−0.35, 2.67] (p = .13), which we calculated using a random effects model.",20,false,Hedges g crop yield meta-analysis Section 5.2.1,,,"[VERIFY-FLAG mismatch: n_studies=5 and I2=98.99% are not stated in this page-20 quote; quote gives only g, CI, p-value, and model type.] Castle et al. 2021 (Campbell SR) p.20 — Section 5.2.1 synthesis of results",page,,,,,,,,
ev_t6_income_meta_castle21_4,castle_sr_2021,agroforestry,agroforestry__planted_silvoarable,household_income,"{""effect_size_type"": ""standardized_mean_difference_hedges_g"", ""central"": 0.12, ""ci_low"": -0.06, ""ci_high"": 0.3, ""p_value"": 0.2, ""model"": ""random_effects"", ""note"": ""Small, positive, not statistically significant; n_studies and I2 not supported by this quote text""}","{""variable_type"": ""opportunity_space_variable"", ""effect_direction"": ""slight_positive"", ""claim_basis_note"": ""meta_analysis — random effects model pooling 7 studies"", ""timescale_of_effect"": ""medium_to_long_term""}",nbs_effect,literature_relationship,cited_secondary,practice_technology,,low,"The average effect of these interventions on household income outcomes is 0.12 standardized mean difference (Hedges' g) with a 95% CI of [−0.06, 0.30] (p = .20), which we calculated under a random effects model.",22,false,Hedges g household income meta-analysis 7 studies,,,"[VERIFY-FLAG mismatch: n_studies=7 and heterogeneity_i2_pct=75.29 are not stated in this quote; only g, CI, p-value, and model are given.] Castle et al. 2021 (Campbell SR) p.22 — Section 5.2.1 income effects",page,,,,,,,,
ev_t6_income_pathway_castle21_5,castle_sr_2021,agroforestry,agroforestry__planted_silvoarable,household_income,,"{""variable_type"": ""opportunity_space_variable"", ""effect_direction"": ""moderate_positive"", ""claim_basis_note"": ""narrative_synthesis — SR aggregate conclusion from 7 studies"", ""income_pathway"": [""improved_yields"", ""PES_payments"", ""eco_certification_premium""], ""timescale_of_effect"": ""medium_to_long_term""}",nbs_effect,scoping_candidate,cited_secondary,practice_technology,,high,"The average effect of these interventions on household income outcomes is 0.12 standardized mean difference (Hedges' g) with a 95% CI of [−0.06, 0.30] (p = .20), which we calculated under a random effects model. This result indicates that there is an overall small, positive, but statistically insignificant, effect of agroforestry interventions on incomes. In aggregate, then, studied agroforestry interventions have improved incomes either through improved yields or through PES or higher prices received by eco-certification.",22,false,income improvement pathways aggregate conclusion,,,Castle et al. 2021 (Campbell SR) p.22 — aggregate income synthesis conclusion,page,,,,,,,,2026-06-18.section-scope
ev_t6_income_timebenefit_castle21_6,castle_sr_2021,agroforestry,agroforestry__planted_silvoarable,household_income,,"{""variable_type"": ""opportunity_space_variable"", ""effect_direction"": ""moderate_positive"", ""claim_basis_note"": ""quantified_observation reported in SR from Thorlakson & Neufeldt 2012"", ""conditionality"": ""trees established for at least 4 years; time-to-benefit lag is key constraint"", ""share_reporting_improvement_pct"": 87.5, ""context_location"": ""Lower Nyando, Kenya"", ""timescale_of_effect"": ""long_term_7yr_plus""}",nbs_effect,scoping_candidate,cited_secondary,practice_technology,,medium,Approximately 87.5% of farmers in the Lower Nyando who had their trees for 4 years reported income improvements,23,false,income improvement rate 4-year tree establishment Kenya,,,Castle et al. 2021 (Campbell SR) p.23 — Thorlakson & Neufeldt (2012) reported,page,,,,,,,,
ev_t6_foodsec_dietary_castle21_7,castle_sr_2021,agroforestry,agroforestry__planted_silvoarable,food_security,"{""outcome"": ""household_dietary_diversity_score"", ""dietary_score_increase"": 1.22, ""dietary_score_t"": 2.19, ""dietary_score_p"": ""<0.05"", ""food_groups_increase"": 2.291, ""food_groups_t"": 3.87, ""food_groups_p"": ""<0.001"", ""scale_max"": 12, ""context"": ""Vi Agroforestry project, West Pokot Kenya (Bostedt et al. 2016)""}","{""variable_type"": ""opportunity_space_variable"", ""effect_direction"": ""moderate_positive"", ""claim_basis_note"": ""quantified_observation reported in SR from Bostedt et al. 2016"", ""timescale_of_effect"": ""medium_term_3_7yr"", ""conditionality"": ""extension support / advice provision required""}",nbs_effect,literature_relationship,cited_secondary,practice_technology,,low,"receiving Vi Agroforestry advice increased the dietary diversity score by 1.22 (t value: 2.19, p < .05) and increased the number of food groups consumed by 2.291 (t value: 3.87, p < .001), out of the 12 food groups analyzed.",24,false,dietary diversity score increase Vi Agroforestry Kenya,,,"[VERIFY-FLAG mismatch: baseline_score=3.98 is not stated in this quote; quote gives only the increments (1.22 and 2.291), t-values, p-values, and the total scale (12 food groups).] Castle et al. 2021 (Campbell SR) p.24 — Bostedt et al. (2016) reported",page,,,,,,,,
ev_t6_foodsec_ferttree_castle21_8,castle_sr_2021,agroforestry,agroforestry__planted_silvoarable,food_security,"{""outcome"": ""food_crop_value"", ""pct_increase"": 35, ""absolute_value"": 12447, ""unit"": ""MWK_per_acre"", ""sd"": 4615.59, ""p_value"": ""<0.01"", ""context"": ""fertilizer tree adoption, Malawi (Coulibaly et al. 2017)""}","{""variable_type"": ""opportunity_space_variable"", ""effect_direction"": ""strong_positive"", ""claim_basis_note"": ""quantified_observation reported in SR from Coulibaly et al. 2017"", ""timescale_of_effect"": ""medium_term_3_7yr"", ""conditionality"": ""smallholder adoption of fertilizer trees; severe soil fertility context""}",nbs_effect,literature_relationship,cited_secondary,practice_technology,,high,"In Coulibaly et al. (2017), food security is measured in terms of food crop value, and they find a strong, positive increase in their study of fertilizer trees in Malawi. They concluded that adopters of fertilizer trees were more food secure due to significantly higher maize yields and food crop values than nonadopters. For the full sample, they find that fertilizer trees increased food crop value by 35%, or 12,447 Malawian Kwacha (MWK) per acre (SD: 4615.59, p < .01), as discussed previously in the yields section.",25,false,food crop value increase fertilizer tree adoption Malawi,,,Castle et al. 2021 (Campbell SR) p.25 — Coulibaly et al. (2017) reported,page,,,,,,,,2026-06-18.section-scope
ev_t6_foodsec_synthesis_castle21_9,castle_sr_2021,agroforestry,agroforestry__planted_silvoarable,food_security,,"{""variable_type"": ""opportunity_space_variable"", ""effect_direction"": ""strong_positive"", ""claim_basis_note"": ""narrative_synthesis reported in SR from Coulibaly et al. 2017"", ""timescale_of_effect"": ""medium_term_3_7yr"", ""conditionality"": ""adoption of fertilizer trees; smallholder farming systems""}",nbs_effect,scoping_candidate,cited_secondary,practice_technology,,high,"In Coulibaly et al. ( 2017), food security is measured in terms of food crop value, and they find a strong, positive increase in their study of fertilizer trees in Malawi. They concluded that adopters of fertilizer trees were more food secure due to significantly higher maize yields and food crop values than nonadopters.",25,false,food security conclusion fertilizer tree adopters vs non-adopters Malawi,,,Castle et al. 2021 (Campbell SR) p.25 — Coulibaly et al. (2017) reported,page,,,,,,,,2026-06-18.section-scope
ev_t6_biodiv_esi_castle21_10,castle_sr_2021,agroforestry,agroforestry__planted_silvoarable,biodiversity_outcome,"{""index"": ""ESI_0_to_2_scale"", ""components"": [""biodiversity_conservation"", ""carbon_sequestration""], ""context"": ""PES silvopasture program, Colombia (Pagiola et al. 2016)"", ""note"": ""Quantitative ESI effect not supported by this quote; quote describes index structure only — extend quote or source separate evidence unit for the >60%/p<0.01 claim""}","{""variable_type"": ""opportunity_space_variable"", ""effect_direction"": ""strong_positive"", ""claim_basis_note"": ""quantified_observation reported in SR from Pagiola et al. 2016"", ""family_note"": ""study is F3 silvopastoral; mapped here as general agroforestry proxy — note attribution"", ""conditionality"": ""PES incentive provision required"", ""timescale_of_effect"": ""medium_term_3_7yr""}",nbs_effect,literature_relationship,cited_secondary,practice_technology,,low,"They assessed the effects of silvopasture on an environmental service index (ESI, 0–2 point scale), which aggregates indices of the biodiversity conservation and carbon sequestration services.",25,false,ESI silvopasture biodiversity carbon PES Colombia,,,"[VERIFY-FLAG unsupported: Quote describes only the ESI scale definition (0-2, two components). The quantitative claims esi_ha_increase_pct=>60 and esi_ha_p=<0.01 are not present in the quoted text — they come from a different sentence/passage not captured in this quote.] Castle et al. 2021 (Campbell SR) p.25 — Pagiola et al. (2016) reported; family attribution is F3 silvopastoral",page,,,,,,,,
ev_t6_ecosvc_baseline_castle21_11,castle_sr_2021,agroforestry,agroforestry__planted_silvoarable,ecosystem_service,,"{""variable_type"": ""opportunity_space_variable"", ""effect_direction"": ""moderate_positive"", ""claim_basis_note"": ""narrative_synthesis — SR EGM discussion"", ""services_enumerated"": [""erosion_protection"", ""climate_mitigation_adaptation"", ""soil_fertility"", ""biodiversity"", ""carbon_sequestration""], ""note"": ""Stated as baseline assumptions; impact evaluations rarely formally measured these outcomes""}",nbs_effect,scoping_candidate,cited_secondary,practice_technology,,medium,"The baseline assumptions in many of the studies are that agroforestry provides one or more of the following ecosystem services: protect crops from wind and soil erosion, help farmers in climate change mitigation and adaptation, improve soil fertility, sustain biodiversity, and sequester carbon.",26,false,agroforestry ecosystem services baseline assumptions enumerated,,,Castle et al. 2021 (Campbell SR) p.26 — EGM ecosystem service discussion,page,,,,,,,,
ev_t6_ecosvc_firewood_castle21_12,castle_sr_2021,agroforestry,agroforestry__planted_silvoarable,ecosystem_service,"{""outcome"": ""firewood_purchase_reduction_pct_points"", ""lower_nyando_pct_pt"": 49, ""middle_nyando_pct_pt"": 4, ""service_type"": ""energy_provisioning"", ""context"": ""Kenya agroforestry program (Thorlakson & Neufeldt 2012)""}","{""variable_type"": ""opportunity_space_variable"", ""effect_direction"": ""strong_positive"", ""claim_basis_note"": ""quantified_observation reported in SR from Thorlakson & Neufeldt 2012"", ""equity_note"": ""especially important for women as primary firewood collectors"", ""timescale_of_effect"": ""medium_term_3_7yr""}",nbs_effect,literature_relationship,cited_secondary,practice_technology,,high,Agroforestry led to significant reductions in fuel wood purchased (49 percentage point reduction in households purchasing firewood in Lower Nyando and a 4% point reduction in households purchasing firewood in Middle Nyando),26,true,firewood purchase reduction agroforestry Kenya,,,[reviewed 2026-08-06 by Namita-J; reason:confirmed_pass] [reviewed 2026-07-15 by Namita-J; reason:confirmed_pass] [reviewed 2026-07-02 by Namita-J; reason:confirmed_pass] Castle et al. 2021 (Campbell SR) p.26 — Thorlakson & Neufeldt (2012) reported,page,,,,,,,,
ev_t6_adoption_place_castle21_13,castle_sr_2021,agroforestry,agroforestry__planted_silvoarable,adoption_rate,"{""adoption_rate_end_pct"": 22, ""adoption_rate_baseline_pct"": 10, ""context"": ""fertilizer tree adoption pilot villages, Kenya (Place et al. 2005 via Castle SR)""}","{""variable_type"": ""opportunity_space_variable"", ""effect_direction"": ""moderate_positive"", ""claim_basis_note"": ""quantified_observation reported in SR from Place et al. 2005"", ""note"": ""Adoption rate roughly doubled from baseline 10% to 22%; extension-supported program""}",nbs_effect,literature_relationship,cited_secondary,practice_technology,,medium,"Place et al. (2005) found that 22% of farmers in the pilot villages adopted fertilizer trees, from about 10% of farmers who were practicing agroforestry at the start of the program.",26,true,fertilizer tree adoption rate Kenya Place 2005,,,[reviewed 2026-08-06 by Namita-J; reason:confirmed_pass] [reviewed 2026-07-15 by Namita-J; reason:confirmed_pass] [reviewed 2026-07-02 by Namita-J; reason:confirmed_pass] Castle et al. 2021 (Campbell SR) p.26 — Place et al. (2005) reported,page,,,,,,,,
ev_t6_cs_global_split_sprenkle24_1,sprenkle_hyppolite_2024,agroforestry,agroforestry__planted_silvoarable,carbon_sequestration,"{""direction"": ""positive"", ""magnitude_cropland"": 1.86, ""magnitude_grazing"": 1.45, ""unit"": ""PgCO2_yr"", ""context"": ""global maximum technical potential; croplands and grazing lands are separate figures, not bounds of a range; Delphi-expert-calibrated tree cover x Cook-Patton carbon accumulation rates"", ""conditionality"": ""yield-safeguarded tree cover maximum; excludes shade-agroforestry; excludes Boreal; 30-year accumulation basis""}",,nbs_effect,literature_relationship,modelled,practice_technology,,low,"The global estimated maximum technical CO2 removal potential is split between croplands (1.86 PgCO2 yr− 1) and grazing lands (1.45 PgCO2 yr− 1), with large variances.",1,false,carbon_sequestration,,,"[VERIFY-FLAG mismatch: Quote gives two separate land-use totals (croplands=1.86, grazing=1.45); encoding as magnitude_low/magnitude_high implies a min-max range on a single estimate, which misrepresents the data.] Sprenkle-Hyppolite et al. 2024 (primary)",page,,,,,,,,
ev_t6_cs_30yr_headline_sprenkle24_2,sprenkle_hyppolite_2024,agroforestry,agroforestry__planted_silvoarable,carbon_sequestration,"{""direction"": ""positive"", ""magnitude_max"": 3.3, ""area_ha"": 2600000000, ""unit"": ""PgCO2_yr"", ""context"": ""combined cropland + grazing land; yield-safeguarded; maximum technical potential (\""up to\""); 30-year basis not stated in this quote""}",,nbs_effect,literature_relationship,modelled,practice_technology,,low,increasing tree cover in 2.6 billion hectares of agricultural landscapes may remove up to 3.3 billion tons of CO2 per year – more than the global annual emissions from cars.,1,false,carbon_sequestration,,,"[VERIFY-FLAG mismatch: Quote says ""up to 3.3 billion tons"" (upper bound); magnitude: 3.3 without a bound flag loses this. Also, ""30-year accumulation basis"" in the context note is not stated in this quote — unsupported addition.]",page,,,,,,,,
ev_t6_cs_trop_cropland_sprenkle24_3,sprenkle_hyppolite_2024,agroforestry,agroforestry__planted_silvoarable,carbon_sequestration,"{""direction"": ""positive"", ""magnitude_trop"": 2.8, ""magnitude_trop_sd"": 0.45, ""magnitude_temp"": 1.2, ""magnitude_temp_sd"": 0.22, ""unit"": ""MgCO2_ha_yr"", ""context"": ""cropland; tropical vs temperate per-hectare rates; annual carbon accumulation""}",,nbs_effect,literature_relationship,modelled,practice_technology,,high,tropical/subtropical biomes are likely to contain slightly over half (54%) of the global potential for TCA in croplands at 1.0 Pg CO2 yr- 1; with more than double the per hectare carbon accumulation rate at 2.8 Mg CO2 ha- 1 yr- 1 (SD = 0.45) in tropics vs. 1.2 Mg CO2 ha- 1 yr- 1 (SD = 0.22) in temperate.,11,false,carbon_sequestration,,,,page,,,,,,,,
ev_t6_cs_trop_grazing_sprenkle24_4,sprenkle_hyppolite_2024,agroforestry,agroforestry__silvopastoral,carbon_sequestration,"{""direction"": ""positive"", ""magnitude_trop"": 1.6, ""magnitude_trop_sd"": 0.47, ""magnitude_temp"": 0.4, ""magnitude_temp_sd"": 0.19, ""unit"": ""MgCO2_ha_yr"", ""context"": ""grazing land (silvopastoral); tropical vs temperate per-hectare rates; annual carbon accumulation""}",,nbs_effect,literature_relationship,modelled,practice_technology,,high,Tropical/subtropical biomes also contain an estimated 73% of the potential from TCA in grazing lands at 1.1 Pg CO2 yr- 1 with 3.5 times the per hectare carbon accumulation rate at 1.6 Mg CO2 ha- 1 yr- 1 (SD = 0.47) in tropics vs. 0.4 Mg CO2 ha- 1 yr- 1 (SD = 0.19) in temperate.,11,false,carbon_sequestration,,,,page,,,,,,,,
ev_t6_cs_africa_hotspot_sprenkle24_5,sprenkle_hyppolite_2024,agroforestry,agroforestry__planted_silvoarable,carbon_sequestration,"{""direction"": ""positive"", ""context"": ""Sub-Saharan Africa croplands; highest per-hectare CO2 removal potential globally; Gabon, Benin, Republic of Congo, Togo""}",,nbs_effect,literature_relationship,modelled,practice_technology,,medium,"Central and West Africa appear to contain hotspots of CO2 removal potential in croplands, with the top four countries globally in terms of potential per hectare of cropland being Gabon, Benin, Republic of Congo, and Togo.",11,false,carbon_sequestration,,,,page,,,,,,,,
ev_t6_yield_safeguard_sprenkle24_6,sprenkle_hyppolite_2024,agroforestry,agroforestry__planted_silvoarable,crop_yield,"{""direction"": ""no_change"", ""context"": ""Delphi expert elicitation constrained tree cover to levels that do not reduce long-term agricultural yields; yield safeguard is design condition, not observed outcome"", ""conditionality"": ""requires careful system design and monitoring; yield impacts vary by shade tolerance of crop and spatial arrangement of trees""}",,nbs_effect,literature_relationship,expert_assertion,practice_technology,,high,"estimating opportunities to increase tree cover without reducing yields, therefore avoiding a major cost barrier to restoration: the opportunity cost of CO2 removal at the expense of agriculture yields.",1,false,crop_yield,,,,page,,,,,,,,
ev_t6_yield_shade_warning_sprenkle24_7,sprenkle_hyppolite_2024,agroforestry,agroforestry__planted_silvoarable,crop_yield,"{""direction"": ""risk_of_negative"", ""context"": ""forested biomes; mean maximum tree cover ~35%; shade-agroforestry level; shade-intolerant crops at risk of yield reduction"", ""conditionality"": ""applies where mean expert estimation approached shade-agroforestry levels (~35% canopy cover)""}",,nbs_effect,scoping_candidate,expert_assertion,practice_technology,,medium,"The mean estimation across forested biomes was around 35%, a level that is sometimes considered shade-agroforestry, so these estimations must be applied with caution and close monitoring of agricultural yield impacts on shade-intolerant crops.",11,false,crop_yield,,,,page,,,,,,,,2026-06-18.section-scope
ev_t6_soc_regencite_sprenkle24_8,sprenkle_hyppolite_2024,agroforestry,agroforestry__planted_silvoarable,soil_organic_carbon,"{""direction"": ""positive"", ""context"": ""agroforestry general; soil carbon retention and regeneration benefit cited; no quantification in this paper""}",,nbs_effect,scoping_candidate,cited_secondary,practice_technology,"Lorenz K, Lal R. Soil organic carbon sequestration in agroforestry systems. Agron Sustain Dev. 2014;34:443-54.",low,"Trees in agriculture aid in regenerating and retaining soil carbon [40], improve biodiversity [18, 50], and provide other ecosystem services related to air, water, and carbon [33].",2,false,soil_organic_carbon,,,Lorenz & Lal 2014 (cited as ref [40] in Sprenkle-Hyppolite et al. 2024),page,,,,,,,,2026-06-18.section-scope
ev_t3_grndwtr_recharge_fsrp22_1,wb_fsrp_2022,agroforestry,agroforestry__planted_silvoarable,flood_hazard,,"{""hazard_type"": ""flood"", ""farming_system"": ""all"", ""risk_role"": ""livelihood_mitigation"", ""mitigation_potential"": ""moderate"", ""timescale_of_effect"": ""medium_term_3_7yr"", ""landscape_scale"": true, ""country_context"": ""Eastern and Southern Africa (MPA)""}",climate_risk,scoping_candidate,primary_measured,practice_technology,,medium,"Sub-pillar 3.2 will support (a) regenerative agricultural practices and soil and water conservation measures consistent with sustainable, productive, and CSA (including the promotion and adoption of low and zero tillage or system of rice intensification and other practices to improve drought tolerance and soil water retention capacity or reduce excessive evapotranspiration); (b) stream and groundwater control, including small-scale storage; (c) irrigation development, rehabilitation, and/or improvement; (d) the protection and restoration of natural catchments, riverbanks, and groundwater recharge including through forest restoration, agroforestry, and silvopastoral systems; (e) local-level infrastructure such as multipurpose reservoirs for livestock and drinking water culverts and minor flood protection works",39,false,"protection and restoration of natural catchments, riverbanks, and groundwater recharge",,,,page,,,,,,,,2026-06-18.section-scope
ev_t3_erosion_runoff_fsrp22_2,wb_fsrp_2022,agroforestry,agroforestry__planted_silvoarable,erosion_hazard,,"{""hazard_type"": ""erosion"", ""farming_system"": ""all"", ""risk_role"": ""livelihood_mitigation"", ""mitigation_potential"": ""moderate"", ""timescale_of_effect"": ""medium_term_3_7yr"", ""landscape_scale"": true, ""country_context"": ""Eastern and Southern Africa (MPA)"", ""note"": ""agroforestry named as one of the sub-pillar NRM practices in same paragraph""}",climate_risk,scoping_candidate,primary_measured,practice_technology,,medium,"Sub-pillar 3.2 will support (a) regenerative agricultural practices and soil and water conservation measures consistent with sustainable, productive, and CSA (including the promotion and adoption of low and zero tillage or system of rice intensification and other practices to improve drought tolerance and soil water retention capacity or reduce excessive evapotranspiration); (b) stream and groundwater control, including small-scale storage; (c) irrigation development, rehabilitation, and/or improvement; (d) the protection and restoration of natural catchments, riverbanks, and groundwater recharge including through forest restoration, agroforestry, and silvopastoral systems; (e) local-level infrastructure such as multipurpose reservoirs for livestock and drinking water culverts and minor flood protection works; (f) livestock management, including the development of water points including for pastoralists; (g) sustainable natural resource-based livelihoods identified by community groups, such as nontimber forest products, beekeeping, green charcoal, nature based tourism, and so forth; (h) the restoration of ecosystem services including those of wetlands, forest reserves, and oases; (i) activities to improve carbon sequestration, restore land or prevent land degradation, and reduce surface runoffs and soil erosion; (j) investments in sustainable rural energy, including biomass, solar water lifting devices, or other measures to reduce energy use in agricultural production; and (k) conservation of landscape biodiversity or otherwise promotion of CSA.",39,false,reduce surface runoffs and soil erosion,,,,page,,,,,,,,2026-06-18.section-scope
ev_t3_grndwtr_mad_fsrp22_3,wb_fsrp_2022,agroforestry,agroforestry__planted_silvoarable,flood_hazard,,"{""hazard_type"": ""flood"", ""farming_system"": ""all"", ""risk_role"": ""livelihood_mitigation"", ""mitigation_potential"": ""moderate"", ""timescale_of_effect"": ""medium_term_3_7yr"", ""landscape_scale"": true, ""country_context"": ""Madagascar""}",climate_risk,scoping_candidate,primary_measured,practice_technology,,medium,"Subcomponent 2.2 will focus on investments in productive assets with a focus on water resources management, water services, and watershed management for climate adaptation and mitigation. It will support (a) practices that promote soil and water conservation including agronomic measures and CSA practices; (b) stream and groundwater control including small-scale storage; (c) rainwater harvesting, natural catchment protection, riverbank restoration, agroforestry, silvopastoral systems, and sustainable rural energy to restore forest cover and groundwater recharge;",115,false,"agroforestry, silvopastoral systems to restore forest cover and groundwater recharge",,,,page,,,,,,,,2026-06-18.section-scope
ev_t3_watershed_erosion_mad_fsrp22_4,wb_fsrp_2022,agroforestry,agroforestry__planted_silvoarable,erosion_hazard,,"{""hazard_type"": ""erosion"", ""farming_system"": ""all"", ""risk_role"": ""livelihood_mitigation"", ""mitigation_potential"": ""moderate"", ""timescale_of_effect"": ""medium_term_3_7yr"", ""landscape_scale"": true, ""country_context"": ""Madagascar"", ""note"": ""agroforestry explicitly named as the practice under Component 2(b) of same paragraph""}",climate_risk,scoping_candidate,primary_measured,practice_technology,,medium,"Privileging integrated, participatory, and decentralized approaches, Component 2 will contribute to (a) protecting watersheds by reducing erosion and sedimentation and increasing water infiltration; (b) increasing the productivity and sustainability of agricultural production based on the adoption of agroecological and improved agroforestry reforestation practices; and (c) building the capacity of communities to implement landscape or watershed upgrades and the capacity of WUAs to sustainably manage irrigation infrastructure.",115,false,reducing erosion and sedimentation and increasing water infiltration,,,,page,,,,,,,,2026-06-18.section-scope
ev_t3_agro_reforest_mad_fsrp22_5,wb_fsrp_2022,agroforestry,agroforestry__planted_silvoarable,climate_shock,,"{""hazard_type"": ""erosion"", ""farming_system"": ""cropping_rainfed"", ""risk_role"": ""livelihood_mitigation"", ""mitigation_potential"": ""moderate"", ""timescale_of_effect"": ""medium_term_3_7yr"", ""landscape_scale"": false, ""country_context"": ""Madagascar""}",climate_risk,scoping_candidate,primary_measured,practice_technology,,medium,"Privileging integrated, participatory, and decentralized approaches, Component 2 will contribute to (a) protecting watersheds by reducing erosion and sedimentation and increasing water infiltration; (b) increasing the productivity and sustainability of agricultural production based on the adoption of agroecological and improved agroforestry reforestation practices; and (c) building the capacity of communities to implement landscape or watershed upgrades and the capacity of WUAs to sustainably manage irrigation infrastructure.",115,false,agroecological and improved agroforestry reforestation practices,,,,page,,,,,,,,2026-06-18.section-scope
ev_t3_agro_tech_eth_fsrp22_6,wb_fsrp_2022,agroforestry,agroforestry__planted_silvoarable,climate_shock,,"{""hazard_type"": ""erosion"", ""farming_system"": ""cropping_rainfed"", ""risk_role"": ""livelihood_mitigation"", ""mitigation_potential"": ""low"", ""timescale_of_effect"": ""medium_term_3_7yr"", ""landscape_scale"": false, ""country_context"": ""Ethiopia""}",climate_risk,scoping_candidate,primary_measured,practice_technology,,medium,"Many of these and other technologies will help farmers adapt to climate change, reduce their GHG emissions, and increase their sequestration of carbon. Specifically, technologies supporting soil and water conversation and agroforestry will enhance carbon sequestration. Technologies around irrigated agriculture, acid soil, and soil nutrient management will ensure judicious fertilizer use and help reduce the emission intensity of agricultural fields, while mechanization technologies will focus on energy efficiency and reduce overall emissions.",89,false,agroforestry technologies — soil and water conservation,,,,page,,,,,,,,2026-06-18.section-scope
ev_t3_agro_csm_eth_fsrp22_7,wb_fsrp_2022,agroforestry,agroforestry__planted_silvoarable,climate_shock,,"{""hazard_type"": ""flood"", ""farming_system"": ""all"", ""risk_role"": ""livelihood_mitigation"", ""mitigation_potential"": ""low"", ""timescale_of_effect"": ""medium_term_3_7yr"", ""landscape_scale"": false, ""country_context"": ""Ethiopia"", ""note"": ""part of climate-smart technology classification approved by WB MDB Common Principles""}",climate_risk,scoping_candidate,primary_measured,practice_technology,,medium,"Families of technology supported by the project will include (a) irrigated agriculture management technologies, (b) acid soil and vertisol management technologies, (c) integrated soil nutrient and crop management technologies, (d) soil and water conservation technologies, (e) agroforestry technologies",89,false,agroforestry technologies,,,Annex A.C.1 of the 2020 Joint Report on Multilateral Development Banks' Climate Finance,page,,,,,,,,
ev_t3_trees_woodlots_mad_fsrp22_8,wb_fsrp_2022,agroforestry,agroforestry__planted_silvoarable,climate_shock,,"{""hazard_type"": ""erosion"", ""farming_system"": ""mixed_crop_livestock"", ""risk_role"": ""livelihood_mitigation"", ""mitigation_potential"": ""low"", ""timescale_of_effect"": ""medium_term_3_7yr"", ""landscape_scale"": true, ""country_context"": ""Madagascar""}",climate_risk,scoping_candidate,primary_measured,practice_technology,,medium,"subcomponent will generally seek to increase the use of trees and woodlots in agricultural landscapes through the promotion of reforestation, improved grazing, and agroforestry and agroecological approaches. These interventions also aim to promote positive behavioral change among beneficiary communities to protect the natural resource base upstream and downstream. This will contribute to sustainable adoption of climate-smart agricultural practices and carbon sequestration and emission reduction benefits.",116,false,trees and woodlots in agricultural landscapes — agroforestry and agroecological approaches,,,,page,,,,,,,,2026-06-18.section-scope
ev_t6_total_cost_fsrp22_1,wb_fsrp_2022,agroforestry,agroforestry__planted_silvoarable,project_cost,,,nbs_effect,scoping_candidate,primary_measured,practice_technology,,low,"Total Project Cost 
 873.60",12,false,Total Project Cost,,,"[VERIFY-FLAG unsupported: Quote fragment ('Total Project Cost 873.60') contains no unit label; 'usd_million' and 'excludes taxes' are asserted in the relationship but absent from the quote. Number matches but unit is inferred, not stated.] World Bank Food Systems Resilience Program for Eastern and Southern Africa (P178566), Phase 1, 2022. Countries: Ethiopia, Madagascar, regional (AFE).",page,,,,,,,,
ev_t6_total_cost_fsrp22_2,wb_fsrp_2022,agroforestry,agroforestry__planted_silvoarable,project_cost,,,nbs_effect,scoping_candidate,primary_measured,practice_technology,,low,"Total Financing 
 873.60
of which IBRD/IDA  
 788.10",12,false,of which IBRD/IDA,,,"[VERIFY-FLAG unsupported: Unit 'usd_million' not stated in quote fragment. Additionally, source_note claims 'IDA Credit 479.05 + IDA Grant 309.05' but those sub-totals do not appear in the quoted text. Core number 788.1 matches quote but unit and sub-breakdown are unverifiable from the quote.] World Bank FSRP Phase 1 (P178566) financing summary table, 2022.",page,,,,,,,,
ev_t6_comp2_cost_fsrp22_3,wb_fsrp_2022,agroforestry,agroforestry__planted_silvoarable,project_cost,,,nbs_effect,scoping_candidate,primary_measured,practice_technology,,low,"Supporting the Sustainable Development of Natural Resources for Resilient 
Agricultural Landscapes  
 267.66",11,false,Supporting the Sustainable Development of Natural Resources for Resilient Agricultural Landscapes,,,"[VERIFY-FLAG unsupported: Unit 'usd_million' not stated in quote fragment. Source_note adds 'includes agroforestry, silvopastoral, watershed restoration sub-activities' which is not in the quoted text. Number 267.66 matches.] World Bank FSRP Phase 1 (P178566) components summary, 2022. NbS-relevant component: explicitly includes agroforestry and silvopastoral systems (PAD para 55d).",page,,,,,,,,
ev_t6_comp1_cost_fsrp22_4,wb_fsrp_2022,agroforestry,agroforestry__planted_silvoarable,project_cost,,,nbs_effect,scoping_candidate,primary_measured,practice_technology,,low,"(Re-)building Resilient Agriculture Production Capacity  
 277.07",11,false,(Re-)building Resilient Agriculture Production Capacity,,,"[VERIFY-FLAG unsupported: Unit 'usd_million' not stated in quote fragment. Source_note adds 'includes agroforestry technologies sub-activity' not in quote. Number 277.07 matches.] World Bank FSRP Phase 1 (P178566) components summary, 2022. Agroforestry technologies listed as a supported technology family (PAD para 22e).",page,,,,,,,,
ev_t6_beneficiaries_fsrp22_5,wb_fsrp_2022,agroforestry,agroforestry__planted_silvoarable,beneficiaries,"{""low"": 1637600, ""high"": 1637600, ""unit"": ""farmers"", ""source_note"": ""Phase 1 end-target farmers adopting resilience-enhancing technologies/practices; 30% female; 40% climate-resilient technologies""}",,nbs_effect,literature_relationship,primary_measured,practice_technology,,high,"Farmers adopting resilience-enhancing technologies and practices (number)
(percentage of female farmers)
(percentage of climate-resilient technologies)  
0 
1,637,600  
(30) 
(40)",31,false,Farmers adopting resilience-enhancing technologies and practices,,,"World Bank FSRP Phase 1 (P178566) PrDO indicator table (Table 1), 2022. Countries: Ethiopia, Madagascar.",page,,,,,,,,
ev_t6_land_slm_fsrp22_6,wb_fsrp_2022,agroforestry,agroforestry__planted_silvoarable,beneficiaries,"{""low"": 250000, ""high"": 250000, ""unit"": ""hectares"", ""source_note"": ""Phase 1 end-target land area under sustainable land management practices; variable should be land_area or slm_area, not beneficiaries""}",,nbs_effect,literature_relationship,primary_measured,practice_technology,,low,"Land area under sustainable land management practices (hectares) 
0 
250,000",31,false,Land area under sustainable land management practices,,,"[VERIFY-FLAG mismatch: Variable assigned as 'beneficiaries' but quote is about land area under SLM practices (hectares). This is a land/area variable, not a beneficiary count. Numeric value 250,000 and unit 'hectares' match the quote correctly.] World Bank FSRP Phase 1 (P178566) PrDO indicator table (Table 1), 2022.",page,,,,,,,,
ev_t6_eirr_fsrp22_7,wb_fsrp_2022,agroforestry,agroforestry__planted_silvoarable,economic_return,"{""threshold"": 25.8, ""unit"": ""percent_eirr"", ""source_note"": ""Phase 1 EIRR at 6% social discount rate; NPV US$1,131.85M; excludes GHG sequestration benefits and shadow price of carbon""}",,nbs_effect,literature_relationship,primary_measured,practice_technology,,high,"Based on total economic values costing US$873.07 
million37 and a social discount rate of 6 percent, Phase 1 is expected to have a net present value (NPV) of 
US$1,131.85 million and an economic internal rate of return (EIRR) of 25.8 percent.",55,false,economic internal rate of return (EIRR),,,"World Bank FSRP Phase 1 (P178566) economic analysis section, para 112, 2022.",page,,,,,,,,
ev_t6_eirr_spc_fsrp22_8,wb_fsrp_2022,agroforestry,agroforestry__planted_silvoarable,economic_return,"{""opt_low"": 27.9, ""opt_high"": 72.9, ""unit"": ""percent_eirr"", ""source_note"": ""EIRR range when shadow price of carbon added; market SPC=27.9%, low SPC=40.4%, high SPC=72.9%, average SPC=52.1%; carbon sequestration 6.8–47.8% of benefits""}",,nbs_effect,literature_relationship,primary_measured,practice_technology,,high,"Adding 
the SPC to the analysis increases the EIRR to 27.9, 40.4, 72.9 and 52.1 percent, using the World Bank’s market, 
low, and high and average SPCs, respectively, while the contribution of carbon sequestration varies from 6.8 to 
31.5 to 47.8 percent of overall benefits, respectively.",55,false,EIRR with shadow price of carbon,,,"World Bank FSRP Phase 1 (P178566) economic analysis section, para 113, 2022.",page,,,,,,,,
ev_t6_yield_cereals_fsrp22_9,wb_fsrp_2022,agroforestry,agroforestry__planted_silvoarable,crop_yield,"{""opt_low"": 10, ""opt_high"": 20, ""unit"": ""percent_change"", ""source_note"": ""Yr-3 intermediate target: +10%; end-target (Yr-7): +20% yield change in cereals/pulses for directly benefiting households""}",,nbs_effect,literature_relationship,primary_measured,practice_technology,,medium,"Change in yields of targeted crops/livestock 
products in targeted households benefiting 
directly from the project (percentage) crops 
(cereals, pulses) 
0 
 
 
10 
 
 
 
20",85,false,"Change in yields of targeted crops (cereals, pulses)",,,"World Bank FSRP Phase 1 (P178566) results framework, page 76, 2022. Ethiopia component.",page,,,,,,,,
ev_t6_yield_vegetables_fsrp22_10,wb_fsrp_2022,agroforestry,agroforestry__planted_silvoarable,crop_yield,"{""opt_low"": 23, ""opt_high"": 43, ""unit"": ""percent_change"", ""source_note"": ""Yr-3 intermediate: +23%; end-target (Yr-7): +43% yield change in vegetables/fruits for directly benefiting households""}",,nbs_effect,literature_relationship,primary_measured,practice_technology,,low,"crops (vegetables, fruits) 
 
 
 
23 
 
 
 
43",85,false,"Change in yields of targeted crops (vegetables, fruits)",,,"[VERIFY-FLAG scope: off_scope — off-scope / not a suitability claim] World Bank FSRP Phase 1 (P178566) results framework, page 76, 2022.",page,,,,,,,,2026-06-18.section-scope
ev_t6_af_nbs_invest_fsrp22_11,wb_fsrp_2022,agroforestry,agroforestry__planted_silvoarable,project_cost,,,nbs_effect,scoping_candidate,primary_measured,practice_technology,,medium,"(d) the protection and 
restoration of natural catchments, riverbanks, and groundwater recharge including through forest restoration, 
agroforestry, and silvopastoral systems",39,false,agroforestry and silvopastoral systems,,,"World Bank FSRP Phase 1 (P178566) PAD para 55, Sub-pillar 3.2, 2022. Component 2 investment scope includes agroforestry and silvopastoral systems explicitly.",page,,,,,Confirms that the US$267.66M Component 2 budget explicitly includes agroforestry and silvopastoral as investment types — links project_cost unit to agroforestry NbS.,39,,
ev_t6_af_tech_fsrp22_12,wb_fsrp_2022,agroforestry,agroforestry__planted_silvoarable,project_cost,,,nbs_effect,scoping_candidate,primary_measured,practice_technology,,low,"agroforestry 
technologies",89,false,agroforestry technologies,,,"[VERIFY-FLAG scope: off_scope — off-scope / not a suitability claim] World Bank FSRP Phase 1 (P178566) PAD para 22, Subcomponent 1.2, Ethiopia, 2022. Agroforestry technologies listed among climate-smart technology families supported.",page,,,,,Confirms that Component 1 (US$277.07M) also explicitly lists agroforestry technologies as a supported family — both major NbS-bearing components cover agroforestry.,89,,2026-06-18.section-scope
ev_t3_erosion_kcsap16_1,wb_kcsap_2016,agroforestry,agroforestry__planted_silvoarable,erosion_hazard,,"{""hazard_type"": ""erosion"", ""farming_system"": ""mixed_crop_livestock"", ""risk_role"": ""livelihood_mitigation"", ""mitigation_potential"": ""moderate"", ""timescale"": ""medium_term_3_7yr"", ""country"": ""Kenya"", ""region"": ""ASAL"", ""note"": ""General Kenya-wide claim within WB PAD economic analysis section; practice-level, not species-specific""}",climate_risk,scoping_candidate,primary_measured,practice_technology,,medium,"Practices such as agroforestry prevent land degradation and reduce losses of topsoil, thus inhibiting the escape of carbon into the atmosphere.",107,false,agroforestry,,,,page,,,,,,,,
ev_t3_flood_kcsap16_2,wb_kcsap_2016,agroforestry,agroforestry__planted_silvoarable,flood_hazard,,"{""hazard_type"": ""flood"", ""farming_system"": ""mixed_crop_livestock"", ""risk_role"": ""livelihood_mitigation"", ""mitigation_potential"": ""moderate"", ""timescale"": ""medium_term_3_7yr"", ""country"": ""Kenya"", ""note"": ""Sentence subject 'Forest and watershed protection' spans p.106; this continuation on p.107 lists flood/storm mitigation as CSA SLM benefit. Extraction confidence low because agroforestry not named explicitly in this sentence — inferred from SLM practices context.""}",climate_risk,scoping_candidate,primary_measured,practice_technology,,low,"sedimentation resulting in siltation of rivers and reservoirs ; (ii) water flow regulation , including flood and storm protection, decreased rain water run-off (which could otherwise cause localized flooding, with  possible adverse impact on  fisheries and reservoirs ), and water quantity and  quality regulation; (iii) microclimate regulation; and (iv) enhanced biodiversity benefits.",107,false,forest and watershed protection (CSA SLM),,,,page,,,,,,,,2026-06-18.section-scope
ev_t3_drought_kcsap16_3,wb_kcsap_2016,agroforestry,agroforestry__planted_silvoarable,drought_hazard,,"{""hazard_type"": ""drought"", ""farming_system"": ""mixed_crop_livestock"", ""risk_role"": ""livelihood_mitigation"", ""mitigation_potential"": ""moderate"", ""timescale"": ""medium_term_3_7yr"", ""country"": ""Kenya"", ""note"": ""Footnote 20 on p.17; PAD citing Kenya NCCAP 2013–2017. Agroforestry listed alongside other CSA adaptation technologies for climate resilience in ASAL/semi-arid smallholder systems.""}",climate_risk,scoping_candidate,cited_secondary,practice_technology,,medium,"NCCAP calls for increased investments in proven adaptation technologies such as agroforestry, conservation agriculture, integrated soil fertility management, drought-tolerant crops, water harvesting, drip irrigation, grazing management, fodder banks, and improved breeding.",17,false,agroforestry,,,"GoK (Government of Kenya) (2012), 'The National Climate Change Action Plan (NCCAP), 2013–2017,' MENR, Nairobi.",page,,,,,,,,
ev_t6_proj_cost_kcsap16_1,wb_kcsap_2016,agroforestry,agroforestry__planted_silvoarable,project_cost,"{""total_project_cost_usd_million"": 279.7, ""bank_financing_usd_million"": 250.0, ""unit"": ""usd_million""}","{""country"": ""Kenya"", ""project"": ""KCSAP P154784"", ""scope"": ""national CSA programme including agroforestry""}",nbs_effect,scoping_candidate,primary_measured,practice_technology,,low,"Total Project Cost: 
279.70 
Total Bank Financing: 
250.00",8,false,Total Project Cost,,,[VERIFY-FLAG mismatch: Quote says 'Bank Financing' (could be IBRD or IDA blend); relationship labels it 'ida_financing_usd_million'. The word 'IDA' does not appear in the quote.],page,,,,,,,,
ev_t6_comp_cost_kcsap16_2,wb_kcsap_2016,agroforestry,agroforestry__planted_silvoarable,project_cost,"{""component1_upscaling_csa_usd_million"": 163.8, ""unit"": ""usd_million""}","{""country"": ""Kenya"", ""note"": ""Component 1 includes agroforestry/crop-tree TIMPs""}",nbs_effect,scoping_candidate,primary_measured,practice_technology,,low,"Component Name 
Cost (USD Millions) 
Component I: Upscaling Climate Smart Agricultural Practices 
163.80",9,false,Project Components cost breakdown,,,"[VERIFY-FLAG unsupported: Quote only states Component 1 = 163.80. Components 2 (53.7), 3 (32.9), and 4 (29.3) are not present in the quoted text.]",page,,,,,,,,
ev_t6_cofin_kcsap16_3,wb_kcsap_2016,agroforestry,agroforestry__planted_silvoarable,project_cost,"{""total_cofinancing_usd_million"": 29.7, ""beneficiary_contributions_usd_million"": 5.5, ""county_government_contributions_usd_million"": 8.3, ""implementation_period_years"": 5, ""unit"": ""usd_million""}","{""country"": ""Kenya""}",nbs_effect,scoping_candidate,primary_measured,practice_technology,,high,"counterpart funds (US$15.9 million equivalent), county governments (US$8.3 million), and beneficiary contributions (US$5.5 million equivalent) for a total of US$29.7 million equivalent. The project will be implemented over a period of five years.",26,false,Co-financing breakdown,,,,page,,,,,,,,2026-06-18.section-scope
ev_t6_eirr_kcsap16_4,wb_kcsap_2016,agroforestry,agroforestry__planted_silvoarable,economic_return,"{""npv_usd_million"": 304, ""eirr_percent"": 16.7, ""unit"": ""project_level""}","{""country"": ""Kenya"", ""note"": ""Project-level EIRR covering crop, livestock, agroforestry TIMPs; 264,000 ha targeted""}",nbs_effect,literature_relationship,primary_measured,practice_technology,,low,"The resulting economic net present value (NPV) is about 
US$304 million, and the economic internal rate of return (EIRR) is 16.7 percent. Sensitivity 
analyses demonstrate that the project can absorb substantial negative impacts and still generate 
an EIRR above the opportunity cost of capital; the analysis thus supports the public investment 
decision.",31,false,Economic Internal Rate of Return (EIRR),,,[VERIFY-FLAG mismatch: NPV (304) and EIRR (16.7%) are in the quote; 'investment_period_years: 20' and 'discount_rate_percent: 12' are not stated in the quoted text.],page,,,,,,,,
ev_t6_npv_range_kcsap16_5,wb_kcsap_2016,agroforestry,agroforestry__planted_silvoarable,economic_return,"{""npv_low_usd_incremental"": 403, ""npv_high_usd_incremental"": 12413, ""bc_ratio_low"": 1.4, ""bc_ratio_high"": 5.56, ""unit"": ""usd_incremental_unspecified_basis""}","{""country"": ""Kenya"", ""commodities"": ""11 commodities including cassava, sorghum, millet, banana, potato""}",nbs_effect,literature_relationship,primary_measured,practice_technology,,low,"Net present values of 
the net incremental benefits range fromUS$403 for millet to US$12,413 for honey. Benefit-cost 
ratios range from 1.40 for cassava-bean intercropping to 5.56 for honey.",31,false,Net Present Value of incremental net benefits,,,"[VERIFY-FLAG mismatch: NPV bounds (403, 12413) and BC ratios (1.40, 5.56) are in the quote; 'discount_rate_percent: 12' and 'investment_period_years: 20' are not. Unit 'usd_per_acre_incremental' is also not stated in this quote (quote does not specify per-acre basis).]",page,,,,,,,,
ev_t6_ghg_kcsap16_6,wb_kcsap_2016,agroforestry,agroforestry__planted_silvoarable,economic_return,"{""net_carbon_balance_tco2e_20yr"": -2276150, ""annual_tco2e_avoided"": -113807, ""carbon_price_usd_per_tco2e"": 10, ""carbon_revenue_usd_million"": 22.76, ""unit"": ""tco2e""}","{""country"": ""Kenya"", ""tool"": ""EX-ACT"", ""adoption_assumption"": ""60% of targeted farmers""}",nbs_effect,literature_relationship,primary_measured,practice_technology,,medium,"Assuming that 60 percent of 
project farmers adopt at least one CSA TIMP, the net carbon balance over a period of 20 years is 
estimated to be –2,276,150 tCO2e (approximately –113,807 tCO2e per year). At a conservative 
carbon price (US$10/t), the value of the reduced GHG emissions under KCSAP is about 
US$22.76 million.",31,false,Net carbon balance (EX-ACT),,,,page,,,,,,,,
ev_t6_beneficiaries_kcsap16_7,wb_kcsap_2016,agroforestry,agroforestry__planted_silvoarable,beneficiaries,"{""total_direct_beneficiaries"": 521500, ""year1_target"": 9075, ""year5_target"": 521500, ""unit"": ""count""}","{""country"": ""Kenya"", ""note"": ""includes CIGs, VMGs, County investments, PPPs; 45% target female""}",nbs_effect,scoping_candidate,primary_measured,practice_technology,,high,"Direct project 
beneficiaries 
(Number) - (Core) 
0.00 
9,075.00 
8,8450.00 
278,900.00 
487,500.00 
521,500.00",34,false,Direct project beneficiaries (Results Framework),,,"[dropped 2026-07-17 by peetmate; reason:off_scope; note:CSA project beneficiaries are nothing to do with NbS practice suitability, this is an obvious mistake which  should review and fix the extraction agents and QAQC agents to remove.] [dropped 2026-07-10 by peetmate; reason:off_scope; note:CSA project beneficiaries are nothing to do with NbS practice suitability, this is an obvious mistake which  should review and fix the extraction agents and QAQC agents to remove.] [dropped 2026-07-10 by peetmate; reason:off_scope; note:CSA project beneficiaries are nothing to do with NbS practice suitability, this is an obvious mistake which  should review and fix the extraction agents and QAQC agents to remove.] [dropped 2026-07-09 by peetmate; reason:off_scope; note:CSA project beneficiaries are nothing to do with NbS practice suitability, this is an obvious mistake which  should review and fix the extraction agents and QAQC agents to remove.] [dropped 2026-07-09 by peetmate; reason:off_scope; note:CSA project beneficiaries are nothing to do with NbS practice suitability, this is an obvious mistake which  should review and fix the extraction agents and QAQC agents to remove.] [dropped 2026-07-06 by peetmate; reason:off_scope; note:CSA project beneficiaries are nothing to do with NbS practice suitability, this is an obvious mistake which  should review and fix the extraction agents and QAQC agents to remove.]",page,,,,,,,dropped,
ev_t6_ben_adopt_kcsap16_8,wb_kcsap_2016,agroforestry,agroforestry__planted_silvoarable,beneficiaries,"{""beneficiary_households_economic_analysis"": 108900, ""adoption_rate_assumed_percent"": 60, ""unit"": ""count""}","{""country"": ""Kenya"", ""note"": ""CIG and VMG members only; county-level and PPP beneficiaries excluded from economic model""}",nbs_effect,scoping_candidate,primary_measured,practice_technology,,high,"It is assumed that at the end of the project, 60 percent of beneficiaries targeted through 
CIGs and VMGs (approximately 108,900 beneficiary households) will have adopted at least one 
CSA TIMP.",118,false,Beneficiaries (economic analysis adoption assumption),,,,page,,,,,,,,
ev_t6_sorghum_ret_kcsap16_9,wb_kcsap_2016,agroforestry,agroforestry__planted_silvoarable,economic_return,"{""npv_incremental_usd_per_acre"": 794, ""bc_ratio"": 1.8, ""investment_period_years"": 20, ""unit"": ""usd_per_acre""}","{""country"": ""Kenya"", ""commodity"": ""sorghum intercropped with green grams"", ""system"": ""semi-arid CSA TIMP""}",nbs_effect,literature_relationship,primary_measured,practice_technology,,low,"The incremental net benefits over 20 years were US$794/acre, the benefit-cost 
(BC) ratio was 1.8, and switching values for benefits and costs were –44 percent and 79 percent.",109,false,Sorghum/green grams incremental net benefits,,,[VERIFY-FLAG mismatch: 'discount_rate_percent: 12' is not stated in the quote. 'investment_period_years: 20' is explicitly stated ('over 20 years') so that value is ok.],page,,,,,,,,
ev_t6_millet_ret_kcsap16_10,wb_kcsap_2016,agroforestry,agroforestry__planted_silvoarable,economic_return,"{""annual_net_benefit_usd_per_acre"": 152, ""npv_incremental_usd_per_acre"": 403, ""bc_ratio"": 1.45, ""unit"": ""usd_per_acre""}","{""country"": ""Kenya"", ""commodity"": ""finger millet"", ""yield_change"": ""300 to 900 kg/acre""}",nbs_effect,literature_relationship,primary_measured,practice_technology,,low,"The resulting annual net benefits are around US$152 per acre, with an NPV of incremental net benefits of US$403. 
The BC ratio of 1.45, and switching values for benefits of –31 percent and cost of 45 percent, 
attest to the robustness of the result.",110,false,Finger millet incremental net benefits,,,"[VERIFY-FLAG mismatch: 'discount_rate_percent: 12' and 'investment_period_years: 20' are not stated in the quote. Annual net benefit (152), NPV (403), BC ratio (1.45) are directly stated.]",page,,,,,,,,
ev_t6_cassava_ret_kcsap16_11,wb_kcsap_2016,agroforestry,agroforestry__planted_silvoarable,economic_return,"{""annual_net_benefit_usd_per_acre"": 513, ""npv_incremental_usd_per_acre"": 2523, ""bc_ratio"": 1.4, ""yield_change"": ""1.4 to 4 t/acre dry cassava"", ""unit"": ""usd_per_acre""}","{""country"": ""Kenya"", ""commodity"": ""cassava intercropped with beans"", ""system"": ""soil fertility improvement with N-fixation""}",nbs_effect,literature_relationship,primary_measured,practice_technology,,low,"The model assumes an increase in dry cassava yield (which is about 40 percent 
of fresh cassava) from 1.4 t/acre to 4 t/acre, leading to annual average net benefits of US$513, an 
NPV of incremental net benefits of US$2,523, and a BC ratio of 1.4. The switching values for 
benefits and costs are –29 percent and 40 percent, respectively.",112,false,Cassava/bean intercrop incremental net benefits,,,"[VERIFY-FLAG mismatch: 'discount_rate_percent: 12' and 'investment_period_years: 20' are not stated in the quote. All other values (513, 2523, 1.4, yield change) are directly stated.]",page,,,,,,,,
ev_t6_banana_ret_kcsap16_12,wb_kcsap_2016,agroforestry,agroforestry__planted_silvoarable,economic_return,"{""annual_net_benefit_usd_per_acre"": 6485, ""npv_incremental_usd_per_acre"": 5803, ""bc_ratio"": 5.34, ""unit"": ""usd_per_acre""}","{""country"": ""Kenya"", ""commodity"": ""tissue-culture bananas"", ""system"": ""non-ASAL smallholder; mulching + soil testing""}",nbs_effect,literature_relationship,primary_measured,practice_technology,,low,"These practices require 
approximately 20 percent more labor time and more production inputs but lead to an annual net 
benefit of US$6,485, an NPV of incremental net benefits over 20 years of US$5,803, and a BC 
ratio of 5.34. The switching values for benefits and costs are –81 percent and 434 percent, 
respectively.",113,false,Tissue-culture banana (TCB) incremental net benefits,,,"[VERIFY-FLAG mismatch: 'yield_change: 11 to 18 t/acre (TCB vs sucker)' is not in the quote (quote mentions only ~20% more labor, not a yield range). 'discount_rate_percent: 12' and 'investment_period_years: 20' are also not stated. NPV (5803), annual net benefit (6485), and BC ratio (5.34) are directly stated.]",page,,,,,,,,
ev_t6_yield_target_kcsap16_13,wb_kcsap_2016,agroforestry,agroforestry__planted_silvoarable,crop_yield,"{""target_productivity_increase_percent"": 20, ""year3_target_percent"": 5, ""year4_target_percent"": 15, ""year5_target_percent"": 20, ""unit"": ""percent""}","{""country"": ""Kenya"", ""commodities"": ""sorghum, millet, cassava, dairy, aquaculture; CSA TIMPs""}",nbs_effect,scoping_candidate,primary_measured,practice_technology,,low,"Increase in 
productivity of 
selected agricultural 
commodities 
supported by the 
project 
(Percentage) 
0.00 
0.00 
2.00 
5.00 
15.00 
20.00",35,false,Increase in productivity of selected agricultural commodities (Results Framework PDO indicator),,,"[VERIFY-FLAG mismatch: Sequence is baseline=0, yr1=0, yr2=2, yr3=5, yr4=15, yr5=20. 'year3_target_percent: 15' is wrong — position 3 in sequence is 5%; 15% is year 4. Final target (20) and year5 are correct.]",page,,,,,,,,
ev_t6_af_systems_kcsap16_14,wb_kcsap_2016,agroforestry,agroforestry__planted_silvoarable,project_cost,,"{""country"": ""Kenya"", ""note"": ""Establishes agroforestry as explicit KCSAP target system""}",nbs_effect,scoping_candidate,primary_measured,practice_technology,,medium,"The KCSAP focuses primarily on: (i) improving water/soil management, especially 
within smallholder maize systems in the marginal rainfall zones—specifically, in smallholder 
mixed crop-livestock, crop-livestock-tree (agro-silvo-pastoral) production systems and in crop-
forest (agro-forestry) production systems",20,false,KCSAP focus areas including agroforestry,,,,page,,,,,,,,
ev_t6_sensitivity_kcsap16_15,wb_kcsap_2016,agroforestry,agroforestry__planted_silvoarable,economic_return,"{""npv_usd_million"": 304, ""eirr_percent"": 16.7, ""sensitivity_floor_eirr_percent"": 6, ""unit"": ""project_level""}","{""country"": ""Kenya"", ""note"": ""NPV positive across all scenarios tested; EIRR sensitive to land area and adoption""}",nbs_effect,literature_relationship,primary_measured,practice_technology,,high,"Based on the above assumptions, the analysis shows an NPV of US$304 million with an 
EIRR of 16.7 percent. Sensitivity analyses for key variables demonstrate the robustness of the 
results (Table A5.4). The NPV is positive for all proposed changes, and the EIRR is above 6 
percent. For some changes such as land area under cultivation, or number of participating 
beneficiaries, however, the EIRR becomes critically low.",121,false,Sensitivity analysis results,,,,page,,,,,,,,
ev_t6_carbon_global_stock_zomer14_1,zomer_2014,agroforestry,agroforestry__planted_silvoarable,carbon_sequestration,"{""global_stock_PgC_2000"": 45.3, ""tree_contribution_pct"": "">75"", ""unit"": ""PgC"", ""note"": ""ipcc_baseline_PgC=11.1 removed — not stated in this quote; requires separate evidence unit with direct citation""}","{""variable_type"": ""opportunity_space_variable"", ""effect_direction"": ""strong_positive"", ""timescale_of_effect"": ""baseline_2000"", ""conditionality"": ""applies where tree cover ≥10% on agricultural land; global estimate"", ""scale"": ""global""}",nbs_effect,literature_relationship,primary_measured,practice_technology,,low,"we estimated 45.3 PgC on agricultural land globally, with trees contributing >75%.",1,false,global biomass carbon agricultural land revised estimate 45.3 PgC,,,[VERIFY-FLAG mismatch: ipcc_baseline_PgC=11.1 does not appear in the provided quote. Quote states only 45.3 PgC total and >75% tree contribution. The 11.1 PgC figure is injected from elsewhere and is unsupported by this quote.],page,,,,,,,,
ev_t6_carbon_increase_decadal_zomer14_2,zomer_2014,agroforestry,agroforestry__planted_silvoarable,carbon_sequestration,"{""tree_cover_increase_pct"": 3.7, ""biomass_carbon_increase_PgC"": "">2"", ""biomass_carbon_increase_pct"": 4.6, ""mean_tC_ha_2000"": 20.4, ""mean_tC_ha_2010"": 21.4, ""unit"": ""tC_ha"", ""period_years"": 10, ""note"": ""Decadal trend 2000–2010; global agricultural land with tree cover""}","{""variable_type"": ""opportunity_space_variable"", ""effect_direction"": ""moderate_positive"", ""timescale_of_effect"": ""long_term_10yr"", ""scale"": ""global"", ""conditionality"": ""net global trend; masks regional declines (Argentina, Sierra Leone, Myanmar)""}",nbs_effect,literature_relationship,primary_measured,practice_technology,,high,"Between 2000 and 2010 tree cover increased by 3.7%, resulting in an increase of >2 PgC (or 4.6%) of biomass carbon. On average, globally, biomass carbon increased from 20.4 to 21.4 tC ha−1.",1,false,biomass carbon increase 2000-2010 tC/ha global agricultural land,,,,page,,,,,,,,
ev_t6_carbon_annual_rate_zomer14_3,zomer_2014,agroforestry,agroforestry__planted_silvoarable,carbon_sequestration,"{""sequestration_rate_PgC_yr"": 0.2, ""unit"": ""PgC_yr"", ""period"": ""2000_2010"", ""note"": ""Compared to above-ground losses from tropical land use conversion of 0.6–1.2 PgC yr−1 (Houghton et al. cited)""}","{""variable_type"": ""opportunity_space_variable"", ""effect_direction"": ""moderate_positive"", ""timescale_of_effect"": ""long_term_10yr"", ""scale"": ""global"", ""conditionality"": ""net global sequestration rate; comparison benchmark is deforestation losses 0.6–1.2 PgC yr−1""}",nbs_effect,literature_relationship,primary_measured,practice_technology,,high,"Between 2000 and 2010, there was an increase of 0.2 PgC yr−1 of biomass carbon on agricultural land.",5,false,annual biomass carbon increase rate 0.2 PgC/yr agricultural land,,,,page,,,,,,,,
ev_t6_carbon_perha_vs_ipcc_zomer14_4,zomer_2014,agroforestry,agroforestry__planted_silvoarable,carbon_sequestration,"{""mean_tC_ha_2000"": 20.4, ""mean_tC_ha_2010"": 21.4, ""ipcc_tier1_baseline_tC_ha"": 5.0, ""multiplier_vs_ipcc"": "">4"", ""unit"": ""tC_ha"", ""note"": ""Global mean agricultural land including tree component; IPCC Tier 1 default ignores tree component""}","{""variable_type"": ""opportunity_space_variable"", ""effect_direction"": ""strong_positive"", ""timescale_of_effect"": ""baseline_2000_to_2010"", ""conditionality"": ""reflects inclusion of tree component; IPCC baseline alone undercounts by >4x"", ""scale"": ""global""}",nbs_effect,literature_relationship,primary_measured,practice_technology,,high,"This gives a mean value of 20.4 tC ha−1 in 2000, and 21.4 tC ha−1 in 2010, which is more than four times larger than the IPCC Tier 1 global estimate of 5 tC ha−1.",2,false,per-hectare biomass carbon 20.4 tC/ha vs IPCC 5 tC/ha,,,,page,,,,,,,,
ev_t6_carbon_mitigation_potential_zomer14_5,zomer_2014,agroforestry,agroforestry__planted_silvoarable,carbon_sequestration,,"{""variable_type"": ""opportunity_space_variable"", ""effect_direction"": ""moderate_positive"", ""timescale_of_effect"": ""long_term"", ""conditionality"": ""regional variation — dry arid areas have less potential; humid regions show divergence from climate-expected levels in some cases"", ""scale"": ""global_with_regional_variation""}",nbs_effect,scoping_candidate,primary_measured,practice_technology,,medium,"Similarly, South and North America, West and Central Africa, Southeast Asia, and Australia/Pacific all rank above the global average for semi-humid to arid regions, while Central Asia, Russia, Europe, and South, East and West Asia have lower than expected biomass carbon. Thus, in many regions there is still potential for increasing biomass carbon on agricultural land.",3,false,potential for increasing biomass carbon on agricultural land — regional scope statement,,,[dropped 2026-08-06 by Namita-J; reason:off_scope] [dropped 2026-07-15 by Namita-J; reason:off_scope] [dropped 2026-07-02 by Namita-J; reason:off_scope],page,,,,,,,dropped,2026-06-18.section-scope
ev_t6_carbon_af_extent_livelihoods_zomer14_6,zomer_2014,agroforestry,agroforestry__planted_silvoarable,carbon_sequestration,"{""area_ha"": "">1e9"", ""people_dependent"": "">9e8"", ""unit"": ""count"", ""note"": ""no carbon claim in quote; variable should be 'agroforestry_livelihood_extent' or similar, not carbon_sequestration""}","{""variable_type"": ""opportunity_space_variable"", ""effect_direction"": ""strong_positive"", ""conditionality"": ""land with ≥10% tree cover on agricultural area in 2010 (FAO forest definition threshold)"", ""scale"": ""global"", ""note"": ""From figure caption; co-benefit framing — livelihoods context, not a direct carbon claim""}",nbs_effect,scoping_candidate,primary_measured,practice_technology,,low,these land-use types represent over 1 billion hectares of land and provide subsistence to more than 900 million people,6,false,agroforestry land >1 billion ha; 900 million people dependent — figure 1 caption,,,"[VERIFY-FLAG mismatch: variable=carbon_sequestration but quote contains no carbon value — it states land area (>1B ha) and people dependent (>900M). The relationship dict faithfully represents the quote's numbers, but the variable assignment is wrong; this unit should be tagged as a livelihoods/extent descriptor, not carbon_sequestration.]",page,,,,,,,,
ev_t6_soc_framing_zomer14_7,zomer_2014,agroforestry,agroforestry__planted_silvoarable,soil_organic_carbon,,"{""variable_type"": ""opportunity_space_variable"", ""effect_direction"": ""no_relationship"", ""note"": ""Framing statement — authors contest this view; the paper argues biomass C is underestimated, not that SOC is unimportant""}",nbs_effect,scoping_candidate,cited_secondary,practice_technology,,medium,"While the importance of biomass carbon in forests (above and below ground) is widely recognized17–19, the biomass carbon pool on agricultural land is seen as arguably negligible compared to the soil organic carbon (SOC) pool20,21.",2,false,biomass carbon vs SOC pool framing statement,,,Lal 2004 (Science 304:1623) and Banwart et al. (SCOPE) cited as refs 20–21,page,,,,,,,,2026-06-18.section-scope
ev_t6_soc_tree_buildup_zomer14_8,zomer_2014,agroforestry,agroforestry__cross_family,soil_organic_carbon,,"{""variable_type"": ""opportunity_space_variable"", ""effect_direction"": ""moderate_positive"", ""timescale_of_effect"": ""long_term"", ""conditionality"": ""long-term tree retention on agricultural land required""}",nbs_effect,scoping_candidate,cited_secondary,practice_technology,,medium,"Trees are relatively permanent, and their biomass contributes to building up SOC over the longer term",5,false,trees build SOC long-term discussion,,,"Cited refs 10, 11 in paper (general agroforestry carbon literature)",page,,,,,,,,
ev_t6_soc_af_corollary_zomer14_9,zomer_2014,agroforestry,agroforestry__planted_silvoarable,soil_organic_carbon,,"{""variable_type"": ""opportunity_space_variable"", ""effect_direction"": ""moderate_positive"", ""timescale_of_effect"": ""long_term"", ""conditionality"": ""tree cover presence in agroforestry systems; magnitude of SOC effect not quantified in this paper"", ""note"": ""Authors frame SOC as corollary benefit beyond the biomass carbon scope of this paper""}",nbs_effect,scoping_candidate,cited_secondary,practice_technology,,medium,"facilitation of increased SOC by tree cover, as found within many agroforestry systems, should be highlighted as an important corollary benefit",5,false,SOC facilitation by agroforestry tree cover — corollary benefit statement,,,Cited ref 21 (Banwart et al.) in paper,page,,,,,,,,
ev_t6_foodsec_ahmad17_1,ahmad_2017,agroforestry,agroforestry__cross_family,food_security,,"{""country"": ""India""}",nbs_effect,scoping_candidate,primary_measured,practice_technology,,low,"Agroforestry has enormous potential for reducing the poverty, enhancing the livelihood, improving the food security and 
mitigating the climate change.",1,false,food security,,,general — applies cross-family,page,,,,,,,,
ev_t6_hhincome_ahmad17_1,ahmad_2017,agroforestry,agroforestry__planted_silvoarable,household_income,"{""opt_low"": 100000, ""unit"": ""INR/season/acre"", ""note"": ""USD equivalent ~1500 is approximate; primary stated unit is Indian Rupees; variable should be farmer_profit or similar, not household_income""}","{""country"": ""India"", ""district"": ""Palamu, Jharkhand""}",nbs_effect,literature_relationship,cited_secondary,crop_specific,,low,"a farmer can earn
a profit of at least 1/10 million Indian Rupees (roughly
1500 USD) per season from one acre of land.",14,false,income generated from one acre,Carica papaya,,"[VERIFY-FLAG mismatch: Variable labelled household_income but quote describes profit per acre per season, not household income; 1500 USD is explicitly ""rough"" conversion from 1/10 million INR (primary stated value) — encoding as a precise opt_low threshold misrepresents the source precision.] Mukesh 2012",page,,,,,,,,
ev_t3_erosion_ahmad17_1,ahmad_2017,agroforestry,agroforestry__cross_family,erosion_hazard,,"{""country"": ""India"", ""district"": ""Palamu, Jharkhand""}",climate_risk,scoping_candidate,primary_measured,practice_technology,,low,"low soil nutri-
ent, wetness, rainfall, steep slope and high elevation which 
provides the least favorable condition for the plant growth.",13,false,eroded sloppy land,,,[VERIFY-FLAG unsupported: Quote describes unfavorable conditions for plant growth; does not mention erosion or erosion hazard; relationship smuggles erosion framing not present in the quote.] general — applies cross-family,page,,,,,,,,
ev_t3_soilwater_ahmad17_1,ahmad_2017,agroforestry,agroforestry__cross_family,soil_water_retention,,"{""country"": ""India"", ""district"": ""Palamu, Jharkhand""}",climate_risk,scoping_candidate,primary_measured,practice_technology,,medium,"Soil and 
water conservation structure should be made in flow of 
seasonal rivers to tap the monsoon rain water which will 
not only enhance soil moisture after monsoon season but 
also provide the opportunity to harness agroforestry crops 
for longer duration.",11,true,soil moisture / water conservation,,,[reviewed 2026-08-06 by Namita-J; reason:confirmed_pass] [reviewed 2026-07-15 by Namita-J; reason:confirmed_pass] [reviewed 2026-07-02 by Namita-J; reason:confirmed_pass] general — applies cross-family,page,,,,,,,,
ev_T3_erosion_ahmad2018_1,ahmad_2018,agroforestry,agroforestry__planted_silvoarable,erosion_hazard,"{""direction"": ""NDVI higher → erosion lower""}",,climate_risk,literature_relationship,cited_secondary,practice_technology,,medium,high value of NDVI reflects the lesser the erosion extent due to high vegetation vigour,6,false,erosion extent,,,Rey 2003; Duran et al. 2008,page,,,,,,,,
ev_T3_climateshock_ahmad2018_1,ahmad_2018,agroforestry,agroforestry__planted_silvoarable,climate_shock,"{""direction"": ""agroforestry reduces exposure to climate shocks""}",,climate_risk,scoping_candidate,cited_secondary,practice_technology,,low,"The agroforestry system and its potentiality are well proved to provide the sustainability in climatic change scenario, which can withstand the severe weather events such as floods, droughts, cyclones and hurricanes (NAP, 2014) by supporting the food security from the local to global level.",2,false,severe weather events,,,"NAP, 2014",page,,,,,,,,2026-06-18.section-scope
ev_T6_cropyield_ahmad2018_1,ahmad_2018,agroforestry,agroforestry__planted_silvoarable,crop_yield,"{""direction"": ""negative"", ""rice_pct_per_degC"": -3.2, ""maize_pct_per_degC"": -7.4, ""wheat_pct_per_degC"": -6.0, ""soybean_pct_per_degC"": -3.1}",,nbs_effect,literature_relationship,cited_secondary,crop_specific,,high,"In each degree-Celsius increase in mean temperature would, on average will decrease the yields of rice by 3.2%, maize by 7.4%, wheat yield by 6% and soybean by 3.1%",10,false,yields,"Oryza sativa, Zea mays, Triticum aestivum, Glycine max",,Zhao et al. 2017,page,,,,,,,,
ev_T6_foodsec_ahmad2018_1,ahmad_2018,agroforestry,agroforestry__planted_silvoarable,food_security,"{""direction"": ""climate change reduces food grain production""}",,nbs_effect,scoping_candidate,cited_secondary,practice_technology,,low,The climate change induced events had significantly reduced the food grain production of the agriculture crops,1,false,food grain production,,,Zhou et al. 2017,page,,,,,,,,
ev_t3_drght_ahmad2020_1,ahmad_2020,agroforestry,agroforestry__planted_silvoarable,drought_hazard,,"{""region"": ""South Asia""}",climate_risk,scoping_candidate,cited_secondary,practice_technology,,medium,"The majority of rural people/farmers of South Asian countries suffering from poverty (Thapa 2004) depend on monsoon rain for agriculture activity, whereas frequent flood, drought, and abrupt rainfall patterns (climate change impact) hinder their major occupation significantly resulting into crop failure (Carleton 2017).",7,false,drought and flood hazard,,,Carleton 2017,page,,,,,,,,2026-06-18.section-scope
ev_t3_clmshk_ahmad2020_1,ahmad_2020,agroforestry,agroforestry__planted_silvoarable,climate_shock,"{""low"": 0.53, ""high"": 1.4, ""unit"": ""deg_C"", ""note"": ""horizon_year removed — not stated in quote; requires separate evidence unit or expanded quote with explicit year""}","{""region"": ""South Asia""}",climate_risk,literature_relationship,modelled,practice_technology,,low,the temperature increase was found very significant in the whole of South Asia with a range of 0.53 to 1.40 °C,12,false,temperature increase anomaly 2030,,,[VERIFY-FLAG mismatch: horizon_year=2030 is not stated anywhere in the quote. Quote only says 'temperature increase... range of 0.53 to 1.40 °C' with no time horizon mentioned. Smuggled value.],page,,,,,,,,
ev_t3_soilwat_ahmad2020_1,ahmad_2020,agroforestry,agroforestry__planted_silvoarable,soil_water_retention,,"{""region"": ""South Asia""}",climate_risk,scoping_candidate,cited_secondary,practice_technology,,low,This approach will enhance land soil moisture for a longer span which will tremendously magnify the crop output,15,false,land soil moisture,,,Ahmad and Goparaju 2017,page,,,,,,,,
ev_t6_crpyld_ahmad2020_1,ahmad_2020,agroforestry,agroforestry__planted_silvoarable,crop_yield,"{""low"": 3.1, ""high"": 7.4, ""unit"": ""unspecified_per_degC"", ""direction"": ""negative"", ""note"": ""% numerator unit not stated in quote; claim is secondary — attributed to Zhao et al. 2017, not Ahmad 2020 original data""}","{""region"": ""South Asia""}",nbs_effect,literature_relationship,cited_secondary,practice_technology,,low,each degree rise of temperature will significantly reduce the average yield (3.1–7.4) in some of the important agricultural crops (Zhao et al. 2017),12,false,average yield reduction per degree temperature rise,,,"[VERIFY-FLAG mismatch: unit=pct_per_degC is not stated in the quote. Quote says 'reduce the average yield (3.1–7.4)' — no percentage symbol or explicit % unit appears. The per-degC denominator is implied, but the numerator unit (%) is smuggled. Additionally, the result is cited from Zhao et al. 2017, not Ahmad 2020 — this is a secondary claim, not original data from this source.] Zhao et al. 2017",page,,,,,,,,
ev_t6_foodsec_ahmad2020_1,ahmad_2020,agroforestry,agroforestry__planted_silvoarable,food_security,,"{""region"": ""South Asia""}",nbs_effect,scoping_candidate,primary_measured,practice_technology,,low,"Trees are an integral part of the sustainable farming practices that can withstand extreme weather events, pest risks, and optimize land and water productivity to achieve food, fuel, fodder and nutritional security",1,false,"food, fuel, fodder and nutritional security",,,,page,,,,,,,,
ev_t3_erosion_castle2025_1,castle_2025,agroforestry,agroforestry__cross_family,erosion_hazard,"{""dataset"": ""RUSLE-based GloSEM"", ""resolution_m"": 100, ""year"": 2019}",,climate_risk,literature_relationship,table,practice_technology,,high,"Soil erosion by water RUSLE-based GloSEM model [54] Estimates of soil displacement by water erosion for 2019, 100 m spatial resolution NRCS Conservation Practice Physical Effects Rating [55], varies by practice (see table S2)",7,false,Soil erosion by water,,,general — applies cross-family,page,,,,,,,,
ev_t3_erosion_castle2025_2,castle_2025,agroforestry,agroforestry__cross_family,erosion_hazard,"{""dataset"": ""Wind erodibility index (SSURGO)"", ""resolution_m"": 800}",,climate_risk,literature_relationship,table,practice_technology,,high,"Soil erosion by wind Wind erodibility index (SSURGO) [56] Susceptibility of non-crusted soils to be mobilized by wind, 800 m spatial resolution",7,false,Soil erosion by wind,,,general — applies cross-family,page,,,,,,,,
ev_t3_erosion_castle2025_3,castle_2025,agroforestry,agroforestry__cross_family,erosion_hazard,"{""direction"": ""positive"", ""proxy"": ""higher slope → higher erosion and runoff""}",,climate_risk,scoping_candidate,primary_measured,practice_technology,,medium,"riparian areas and areas with higher slopes, which are sub- ject to higher erosion and runoff that causes environ- mental damage.",12,false,Slope–erosion linkage,,,general — applies cross-family,page,,,,,,,,
ev_t3_runoff_castle2025_1,castle_2025,agroforestry,agroforestry__cross_family,runoff_reduction,"{""dataset"": ""EPA Nitrate Violation Index"", ""temporal_range"": ""2013–2017"", ""spatial_unit"": ""HUC12""}",,climate_risk,literature_relationship,table,practice_technology,,high,"Water quality EPA's Nitrate Violation Index [57, 58] Estimated probability of a groundwater and surface water nitrate violation using data from 2013–2017, HUC12 watershed polygons",7,false,Water quality — Nitrate Violation Index,,,[query 2026-07-17 by peetmate; reason:other; note:note the link to table S2 which strongly suggests we need to look in supplemental materials -  this should be something that discovery and extraction agents flag and try to obtain.] [query 2026-07-10 by peetmate; reason:other; note:note the link to table S2 which strongly suggests we need to look in supplemental materials -  this should be something that discovery and extraction agents flag and try to obtain.] [query 2026-07-10 by peetmate; reason:other; note:note the link to table S2 which strongly suggests we need to look in supplemental materials -  this should be something that discovery and extraction agents flag and try to obtain.] [query 2026-07-09 by peetmate; reason:other; note:note the link to table S2 which strongly suggests we need to look in supplemental materials -  this should be something that discovery and extraction agents flag and try to obtain.] [query 2026-07-09 by peetmate; reason:other; note:note the link to table S2 which strongly suggests we need to look in supplemental materials -  this should be something that discovery and extraction agents flag and try to obtain.] [query 2026-07-06 by peetmate; reason:other; note:note the link to table S2 which strongly suggests we need to look in supplemental materials -  this should be something that discovery and extraction agents flag and try to obtain.] general — applies cross-family,page,,,,,,,,
ev_t3_windbreak_castle2025_1,castle_2025,agroforestry,agroforestry__linear_boundary,windbreak_protection,"{""dataset"": ""Wind erodibility index (SSURGO)"", ""resolution_m"": 800}",,climate_risk,literature_relationship,table,practice_technology,,high,"Soil erosion by wind Wind erodibility index (SSURGO) [56] Susceptibility of non-crusted soils to be mobilized by wind, 800 m spatial resolution",7,false,Wind erodibility — windbreak targeting,,,,page,,,,,,,,
ev_t3_soc_castle2025_1,castle_2025,agroforestry,agroforestry__cross_family,soil_organic_carbon,"{""dataset"": ""FAO GSOCseq"", ""resolution_km"": 1, ""baseline_year"": 2020, ""projection_years"": 20, ""carbon_input_increase_pct"": 20}",,climate_risk,literature_relationship,table,practice_technology,,high,"Soil organic carbon sequestration potential FAO's GSOCseq model [59] Potential increase in soil organic carbon from the 2020 baseline stocks generated by increasing carbon inputs by 20% after 20 years, 1 km spatial resolution",7,false,Soil organic carbon sequestration potential,,,general — applies cross-family,page,,,,,,,,
ev_t3_climate_castle2025_1,castle_2025,agroforestry,agroforestry__cross_family,climate_shock,{},,climate_risk,scoping_candidate,primary_measured,practice_technology,,medium,"Another important consideration is the suitabil- ity of agroforestry under a changing climate. This was not incorporated into this suitability model, but it is a key direction for future research.",13,false,Climate change suitability gap,,,general — applies cross-family,page,,,,,,,,
ev_t6_carbon_castle2025_1,castle_2025,agroforestry,agroforestry__cross_family,carbon_sequestration,"{""low"": 29, ""central"": 43, ""high"": 58, ""unit"": ""Mt CO2e/year"", ""area_million_acres"": 18.3}",,nbs_effect,literature_relationship,modelled,practice_technology,,high,Results show that an agroforestry transition to these lands best suited for agroforestry based on our criteria (totaling 18.3 million acres) has the poten- tial to store 43 [29–58] Mt of CO2e per year over the baseline conventional scenario.,10,false,Carbon sequestration — top 5% suitable lands total,,,general — applies cross-family,page,,,,,,,,
ev_t6_carbon_castle2025_2,castle_2025,agroforestry,agroforestry__planted_silvoarable,carbon_sequestration,"{""aboveground_biomass_low"": 0.59, ""aboveground_biomass_high"": 0.97, ""belowground_biomass_low"": 0.11, ""belowground_biomass_high"": 0.23, ""soc_low"": 0.19, ""soc_high"": 0.67, ""unit"": ""tC ha-1 yr-1"", ""region"": ""cool temperate North America""}",,nbs_effect,literature_relationship,cited_secondary,practice_technology,,high,"Using IPCC Tier 1 estimates, agro- forestry in cool temperate North America has the potential to store 0.59–0.97 tC ha−1 yr−1 as above- ground biomass, 0.11–0.23 tC ha−1 yr−1 as below- ground biomass, and 0.19–0.67 tC ha−1 yr−1 as soil organic carbon [74, 75].",10,false,IPCC Tier 1 — cool temperate North America above+below+SOC,,,"IPCC Tier 1 estimates, refs [74, 75] in source",page,,,,,,,,
ev_t6_carbon_castle2025_3,castle_2025,agroforestry,agroforestry__planted_silvoarable,carbon_sequestration,"{""low"": 0.89, ""high"": 1.87, ""unit"": ""tC ha-1 yr-1"", ""comparison"": ""more than cropland"", ""regional_total_low_Mt_CO2e"": 26.7, ""regional_total_high_Mt_CO2e"": 56.1}",,nbs_effect,literature_relationship,cited_secondary,practice_technology,,high,"In total, they estimate agro- forestry stores 0.89–1.87 tC ha−1 yr−1 more than cro- pland, which translates to 26.7–56.1 Mt CO2e per year.",10,false,IPCC Tier 1 — total vs cropland + regional extrapolation,,,"IPCC Tier 1 estimates, refs [74, 75] in source",page,,,,,,,,
ev_t6_carbon_castle2025_4,castle_2025,agroforestry,agroforestry__planted_silvoarable,carbon_sequestration,"{""ghg_low"": 0.6, ""ghg_high"": 2.72, ""area_million_acres"": 15.3, ""pct_ag_land"": 5.0, ""mt_co2e_yr_central"": 25.46, ""mt_co2e_yr_low"": 9.92, ""mt_co2e_yr_high"": 41.01}",,nbs_effect,literature_relationship,table,practice_technology,,low,Alley Cropping 0.6–2.72 15.3 million 5.00% 25.46 [9.92–41.01],15,false,Carbon sequestration — Alley Cropping (Table 3),,,"[VERIFY-FLAG mismatch: unit 'tonne CO2e acre-1 yr-1' is not stated in the quoted table row — it is smuggled from the table header, which is absent from the quote. The raw numbers (0.6–2.72, 15.3M, 5.00%, 25.46 [9.92–41.01]) are correct.]",page,,,,,,,,
ev_t6_carbon_castle2025_5,castle_2025,agroforestry,agroforestry__silvopastoral,carbon_sequestration,"{""ghg_low"": 0.98, ""ghg_high"": 1.97, ""area_million_acres"": 5.25, ""pct_ag_land"": 1.7, ""mt_co2e_yr_central"": 9.22, ""mt_co2e_yr_low"": 5.72, ""mt_co2e_yr_high"": 13.0}",,nbs_effect,literature_relationship,table,practice_technology,,low,Silvopasture 0.98–1.97 5.25 million 1.70% 9.22 [5.72–13.00],15,false,Carbon sequestration — Silvopasture (Table 3),,,[VERIFY-FLAG mismatch: unit 'tonne CO2e acre-1 yr-1' not in quoted row — smuggled from table header absent from quote. Raw numbers are correct.],page,,,,,,,,
ev_t6_carbon_castle2025_6,castle_2025,agroforestry,agroforestry__linear_boundary,carbon_sequestration,"{""ghg_low"": 6.53, ""ghg_high"": 7.33, ""area_million_acres"": 1.03, ""pct_ag_land"": 0.3, ""mt_co2e_yr_central"": 7.47, ""mt_co2e_yr_low"": 7.4, ""mt_co2e_yr_high"": 7.58}",,nbs_effect,literature_relationship,table,practice_technology,,low,Riparian Buffers 6.53–7.33 1.03 million 0.30% 7.47 [7.40–7.58],15,false,Carbon sequestration — Riparian Buffers (Table 3),,,[VERIFY-FLAG mismatch: unit 'tonne CO2e acre-1 yr-1' not in quoted row — smuggled from table header absent from quote. Raw numbers are correct.],page,,,,,,,,
ev_t6_carbon_castle2025_7,castle_2025,agroforestry,agroforestry__linear_boundary,carbon_sequestration,"{""ghg_low"": 3.24, ""ghg_high"": 5.87, ""area_million_acres"": 1.97, ""pct_ag_land"": 0.6, ""mt_co2e_yr_central"": 9.59, ""mt_co2e_yr_low"": 7.88, ""mt_co2e_yr_high"": 11.3}",,nbs_effect,literature_relationship,table,practice_technology,,low,Windbreaks 3.24–5.87 1.97 million 0.60% 9.59 [7.88–11.30],15,false,Carbon sequestration — Windbreaks (Table 3),,,[VERIFY-FLAG mismatch: unit 'tonne CO2e acre-1 yr-1' not in quoted row — smuggled from table header absent from quote. Raw numbers are correct.],page,,,,,,,,
ev_t6_adoption_castle2025_1,castle_2025,agroforestry,agroforestry__planted_silvoarable,adoption_rate,"{""value"": 1.5, ""unit"": ""% of farms"", ""year"": 2017, ""country"": ""US""}",,nbs_effect,literature_relationship,cited_secondary,practice_technology,,high,"Only 1.5% of US farms reported agroforestry use in 2017, according to a recent USDA Census of Agriculture [23].",3,false,US agroforestry adoption rate 2017,,,USDA Census of Agriculture 2017 [23],page,,,,,,,,
ev_t6_adoption_castle2025_2,castle_2025,agroforestry,agroforestry__planted_silvoarable,adoption_rate,"{""low"": 0.6, ""high"": 2.0, ""unit"": ""% of farms"", ""year"": 2017}",,nbs_effect,literature_relationship,cited_secondary,practice_technology,,low,the proportion of farms reporting the use of an agroforestry practice in 2017 ranged between 0.6% and 2% [23].,3,false,US Midwest state-level adoption range 2017,,,[VERIFY-FLAG mismatch: region 'US Midwest states' not stated in the quoted sentence — smuggled from context outside the quote. The quote only gives a range (0.6%–2%) and year (2017) with citation [23].] USDA Census of Agriculture 2017 [23],page,,,,,,,,
ev_t6_adoption_castle2025_3,castle_2025,agroforestry,agroforestry__planted_silvoarable,adoption_rate,"{""value"": 9, ""unit"": ""% of agricultural land"", ""region"": ""European Union""}",,nbs_effect,literature_relationship,cited_secondary,practice_technology,,high,"In another predominantly temperate and high-income context, agroforestry represents about 9% of agricultural land in the European Union [26].",3,false,EU agroforestry land share,,,ref [26] in source,page,,,,,,,,2026-06-18.section-scope
ev_t6_ecosystem_castle2025_1,castle_2025,agroforestry,agroforestry__cross_family,ecosystem_service,{},,nbs_effect,scoping_candidate,cited_secondary,practice_technology,,medium,"Agroforestry practices can provide critical habitat for biodiversity, support climate change mitigation and adaptation, improve soil and water quality, and transform the rural aesthetic and economy [13–15].",2,false,Agroforestry ecosystem service suite,,,refs [13–15] in source; general — applies cross-family,page,,,,,,,,
ev_t6_economic_return_castle2025_1,castle_2025,agroforestry,agroforestry__cross_family,economic_return,"{""direction"": ""negative"", ""condition"": ""high existing net farm income → lower agroforestry adoption likelihood""}",,nbs_effect,scoping_candidate,table,practice_technology,,medium,"Higher net farm income may lower agroforestry acceptability since producers may be unwilling to deviate from the status quo when profits are high, especially for long-term investments with high short-term costs.",5,false,Net farm income vs agroforestry adoption,,,general — applies cross-family,page,,,,,,,,
ev_T3_erosion_hazard_chuma21_1,chuma_2021,agroforestry,agroforestry__cross_family,erosion_hazard,"{""smallholder_farm_size_ha"": ""<0.5"", ""smallholder_pct"": "">80""}","{""study_location"": ""South-Kivu, eastern DR Congo"", ""study_income_group"": ""low_income""}",climate_risk,scoping_candidate,primary_measured,practice_technology,,medium,More than 80% of farmers are smallholders (with <0.5 ha and majorly located on degraded hills which are highly susceptible to soil erosion),2,false,soil erosion,,,general — applies cross-family,page,,,,,,,,
ev_T3_microclimate_buffering_chuma21_1,chuma_2021,agroforestry,agroforestry__cross_family,microclimate_buffering,{},"{""study_location"": ""South-Kivu, eastern DR Congo"", ""study_income_group"": ""low_income""}",climate_risk,scoping_candidate,cited_secondary,practice_technology,,medium,"Hence, the practice provided some environmental services such as soil water erosion control, soil fertility improvement, water conservation, microclimate improvement and creation that could improve agricultural productivity and landscape resilience.",7,false,microclimate improvement,,,Wouters et al. 2010 cited; general — applies cross-family,page,,,,,,,,2026-06-18.section-scope
ev_T6_ecosystem_service_chuma21_1,chuma_2021,agroforestry,agroforestry__cross_family,ecosystem_service,{},"{""study_location"": ""South-Kivu, eastern DR Congo"", ""study_income_group"": ""low_income""}",nbs_effect,scoping_candidate,cited_secondary,practice_technology,,medium,"Hence, the practice provided some environmental services such as soil water erosion control, soil fertility improvement, water conservation, microclimate improvement and creation that could improve agricultural productivity and landscape resilience.",7,true,environmental services,,,[reviewed 2026-08-06 by Namita-J; reason:confirmed_pass] [reviewed 2026-07-15 by Namita-J; reason:confirmed_pass] [reviewed 2026-07-02 by Namita-J; reason:confirmed_pass] Wouters et al. 2010 cited; general — applies cross-family,page,,,,,,,,2026-06-18.section-scope
ev_T6_biodiversity_outcome_chuma21_1,chuma_2021,agroforestry,agroforestry__cross_family,biodiversity_outcome,{},"{""study_location"": ""eastern DR Congo"", ""study_income_group"": ""low_income""}",nbs_effect,scoping_candidate,cited_secondary,practice_technology,,medium,"Agroforestry could contribute significantly to this conservation approach by increasing diversity and productivity of agricultural production, providing habitats for animals and other living organisms around protected areas, and thus reducing pressure on the RNI.",9,false,biodiversity conservation,,,Schroth et al. 2004 cited; general — applies cross-family,page,,,,,,,,
ev_T6_food_security_chuma21_1,chuma_2021,agroforestry,agroforestry__cross_family,food_security,{},"{""study_location"": ""South-Kivu, eastern DR Congo"", ""study_income_group"": ""low_income""}",nbs_effect,scoping_candidate,cited_secondary,practice_technology,,medium,"the agroforestry could be a valuable alternative to address the challenges of food, nutrition, energy, livelihood security and environment",2,false,"food, nutrition, energy, livelihood security",,,Bofa et al. 2000; Louppe 2015 cited; general — applies cross-family,page,,,,,,,,
ev_T6_household_income_chuma21_1,chuma_2021,agroforestry,agroforestry__cross_family,household_income,{},"{""study_location"": ""South-Kivu, eastern DR Congo"", ""study_income_group"": ""low_income""}",nbs_effect,scoping_candidate,primary_measured,practice_technology,,medium,"Agroforestry would also generate income, produce biopesticides, while providing environmental services such as fertilization (by recycling of organic matter from leaves of green manures, by fixing biological nitrogen using leguminous or fighting against soil water erosion).",7,false,income,,,general — applies cross-family,page,,,,,,,,
ev_T3_wind_haile2024_1,haile_2024,agroforestry,agroforestry__cross_family,windbreak_protection,,"{""study_area"": ""Genale sub-basin, Oromia, Ethiopia""}",climate_risk,scoping_candidate,primary_measured,practice_technology,,low,"The practice increases soil fertility through nitrogen fixation, stabilization of microclimates, and enhanced water infiltration in the soil. Additionally, trees serve as windbreaks, mitigating soil erosion, and function as living barriers that protect crop areas.",10,false,windbreaks,,,general — applies cross-family; conclusion section,page,,,,,,,,2026-06-18.section-scope
ev_T3_micro_haile2024_1,haile_2024,agroforestry,agroforestry__cross_family,microclimate_buffering,,"{""study_area"": ""Genale sub-basin, Oromia, Ethiopia""}",climate_risk,scoping_candidate,primary_measured,practice_technology,,low,"The practice increases soil fertility through nitrogen fixation, stabilization of microclimates, and enhanced water infiltration in the soil.",10,false,stabilization of microclimates,,,general — applies cross-family; conclusion section,page,,,,,,,,
ev_T6_carbon_haile2024_1,haile_2024,agroforestry,agroforestry__cross_family,carbon_sequestration,,{},nbs_effect,scoping_candidate,cited_secondary,practice_technology,,low,"These methods offer a range of social, economic, and environmental advantages, including timber production, carbon sequestration, and the provision of habitats for various wildlife species.",2,false,carbon sequestration,,,general — cited as one of agroforestry's benefits in introduction; no quantified value given,page,,,,,,,,2026-06-18.section-scope
ev_T3_erosionhazard_haris2021_1,haris_2021,agroforestry,agroforestry__planted_silvoarable,erosion_hazard,"{""optimal_erosion_threat"": ""none or very light""}","{""location"": ""Indonesia"", ""note"": ""Peanut (Arachis hypogaea) understorey crop in sengon-peanut agroforestry requires very light or no erosion for optimal growth""}",climate_risk,literature_relationship,cited_secondary,crop_specific,,high,"For good peanut growth, it is best if on cultivated land there is no threat of erosion or very light level of erosion [8], for example in flat areas.",6,false,erosion hazard,Arachis hypogaea,,"Ritung S, Kusumo N, Anny M and Erna S 2011 Petunjuk Teknis Evaluasi Lahan untuk Komoditas Pertanian (edisi Revisi), Balai Besar Penelitian dan Pengembangan Sumberdaya Lahan Pertanian",page,,,,,,,,
ev_T3_erosionhazard_haris2021_2,haris_2021,agroforestry,agroforestry__planted_silvoarable,erosion_hazard,"{""optimal_erosion_threat"": ""none or very light""}","{""location"": ""Indonesia"", ""note"": ""Sengon (Falcataria moluccana) tree component most suitable where erosion threat is very light or absent""}",climate_risk,literature_relationship,cited_secondary,species_specific,,high,Sengon is more suitable for growing in areas with very light levels of erosion or no threat of erosion [11].,6,false,erosion hazard,Falcataria moluccana,,"Hardjowigeno S and Widiatmaka 2011 Evaluasi Kesesuaian Lahan dan Perencanaan Tata Guna Lahan, Gadjah Mada University Press",page,,,,,,,,
ev_T3_erosionhazard_haris2021_3,haris_2021,agroforestry,agroforestry__planted_silvoarable,erosion_hazard,"{""direction"": ""negative — erosion threat inhibits optimal growth of both peanut and sengon components""}","{""location"": ""Indonesia, Tanralili District, Maros Regency"", ""note"": ""Primary study finding: erosion identified as limiting factor for peanut-sengon agroforestry system""}",climate_risk,literature_relationship,primary_measured,practice_technology,,high,The threat of erosion is a limiting factor that can inhibit optimal growth of peanut and sengon.,2,false,erosion,,,,page,,,,,,,,
ev_t3_swr_jawarneh2025_1,jawarneh_2025,agroforestry,agroforestry__silvopastoral,soil_water_retention,"{""direction"": ""positive"", ""change_percent"": 143, ""from_value"": ""3.88 ± 1.41"", ""to_value"": ""9.42 ± 2.52"", ""unit"": ""%"", ""p_value"": 0.037, ""note"": ""variable should be soil_moisture_content, not soil_water_retention""}","{""system"": ""managed rangeland reserve"", ""location"": ""Jordan steppe"", ""season"": ""April to November""}",climate_risk,literature_relationship,primary_measured,practice_technology,,low,"Soil moisture showed a substantial seasonal increase, rising from 3.88 ± 1.41% in April to 9.42 ± 2.52% in November (Table 3). This 143% increase was statistically significant (p = 0.037)",11,false,soil moisture content seasonal change,,,"[VERIFY-FLAG mismatch: Quote reports seasonal change in measured 'soil moisture'; variable encoded as 'soil_water_retention' (a capacity parameter). Soil moisture content ≠ soil water retention capacity. All numeric values (change_percent, from/to values, p_value, unit) are faithful to the quote.]",page,,,,,,,,
ev_t3_erosion_jawarneh2025_1,jawarneh_2025,agroforestry,agroforestry__silvopastoral,erosion_hazard,"{""direction"": ""negative""}","{""system"": ""dryland rangeland"", ""location"": ""Jordan steppe""}",climate_risk,scoping_candidate,primary_measured,practice_technology,,low,"In the Al-Khanasri Reserve, only 13% of the terrain is highly suitable for grazing, while another 11% is moderately suitable. By contrast, much of the reserve exhibits steep inclines or south- and southwest-facing aspects, which receive higher solar radiation and retain less soil moisture, making them marginal or unsuitable for sustained grazing [13,21].",21,false,slope and aspect effects on grazing suitability,,,,page,,,,,,,,2026-06-18.section-scope
ev_t6_ecosvc_jawarneh2025_1,jawarneh_2025,agroforestry,agroforestry__cross_family,ecosystem_service,"{""fraction"": ""nearly one-third"", ""pool"": ""terrestrial carbon""}",,nbs_effect,literature_relationship,cited_secondary,practice_technology,,low,Rangelands provide vital ecosystem services and sequester nearly one-third of the terrestrial carbon. They account for 91% of the world's grazing lands and support approximately 50% of the global livestock population [5–7].,2,false,carbon sequestration by rangelands,,,cited as general rangeland fact [5–7] (Jawarneh et al. 2025 p.2),page,,,,,,,,2026-06-18.section-scope
ev_t6_biodiv_jawarneh2025_1,jawarneh_2025,agroforestry,agroforestry__silvopastoral,biodiversity_outcome,"{""n_species"": 72, ""proportion_good_to_excellent"": "">60%""}","{""system"": ""managed steppe rangeland reserve"", ""location"": ""Jordan""}",nbs_effect,literature_relationship,primary_measured,practice_technology,,medium,"The collected plant dataset provided a comprehensive inventory of 72 species found in the reserve, classified by their family, species, chorotype (geographical distribution), life form, and pastoral value (Table 8). The reserve supports a diverse flora, dominated by Asteraceae, Gramineae, and Fabaceae, with over 60% of species having good to excellent pastoral value",15,false,plant species pastoral value,,,,page,,,,,,,,
ev_t6_foodsec_jawarneh2025_1,jawarneh_2025,agroforestry,agroforestry__silvopastoral,food_security,"{""direction"": ""variable""}","{""system"": ""managed steppe rangeland reserve"", ""location"": ""Jordan""}",nbs_effect,literature_relationship,primary_measured,practice_technology,,low,"Net productivity (available forage) varied substantially across locations, with the highest yields recorded in the north and the lowest in the southern site.",13,false,available forage biomass,,,"[VERIFY-FLAG mismatch: Unit 'kg/ha/year' is not stated in this quote; it is smuggled from the adjacent table (ev_t6_foodsec_jawarneh2025_2). The quote is purely qualitative (highest in north, lowest in south) — no unit is present.]",page,,,,,,,,
ev_t6_foodsec_jawarneh2025_2,jawarneh_2025,agroforestry,agroforestry__silvopastoral,food_security,"{""min"": 111, ""max"": 964, ""unit"": ""kg/ha/year"", ""n_locations"": 5}","{""system"": ""managed steppe rangeland reserve"", ""location"": ""Jordan, Al-Khanasri""}",nbs_effect,literature_relationship,table,practice_technology,,high,"Location # | Available Forage (kg/ha/year)
1 | 240
2 | 321
3 | 111
4 | 340
5 | 964",14,false,Available Forage (kg/ha/year),,,,page,,,,,,,,
ev_t6_carbon_kizir_1,kiziridis_2026,agroforestry,agroforestry__silvopastoral,carbon_sequestration,"{""mean_seq_high_mgco2_ha_yr"": 2.5, ""mean_seq_low_mgco2_ha_yr"": 0.5}","{""horizon_years"": 20, ""region"": ""EU27 Mediterranean"", ""note"": ""Pareto front endpoints.""}",nbs_effect,literature_relationship,modelled,practice_technology,,high,"The Pareto-optimal scenarios formed a distinct curve, showing that scenarios delivering the highest mean sequestration change (up to ~2.5 Mg CO2 ha−1 year−1) are limited to very small, highly suitable AOI. Conversely, scenarios achieving the highest total sequestration (approaching 107 Mg CO2 year−1) do so by incorporating vast land areas, which drives the mean sequestration rate down to ~0.5 Mg CO2 ha−1 year−1.",17,false,,,,,page,,,,,,,,2026-06-18.section-scope
ev_t6_carbon_kizir_2,kiziridis_2026,agroforestry,agroforestry__silvopastoral,carbon_sequestration,"{""mean_total_stock_change_mgco2_ha"": 7, ""veg_sd_mgco2_ha"": 13.42, ""soc_sd_mgco2_ha"": 3.66, ""livestock_sd_mgco2_ha"": 0.05}","{""horizon_years"": 20, ""region"": ""EU27 Mediterranean"", ""note"": ""Cumulative stock change — NOT annual rate.""}",nbs_effect,literature_relationship,modelled,practice_technology,,high,"The mean total sequestration change due to vegetation, SOC, and livestock together was approximately 7 Mg CO2 ha−1, with a standard deviation of 13.42 Mg CO2 ha−1 for vegetation, 3.66 Mg CO2 ha−1 for SOC, and 0.05 Mg CO2 ha−1 for livestock manure.",15,false,,,,,page,,,,,,,,
ev_t6_carbon_kizir_3,kiziridis_2026,agroforestry,agroforestry__silvopastoral,carbon_sequestration,"{""annual_seq_low_mgco2_ha_yr"": 0.5, ""annual_seq_high_mgco2_ha_yr"": 2.5, ""annual_seq_low_mgc_ha_yr"": 0.14, ""annual_seq_high_mgc_ha_yr"": 0.68}","{""region"": ""EU27 Mediterranean""}",nbs_effect,literature_relationship,modelled,practice_technology,,high,"The estimated annual sequestration rates in our high-potential silvopastoral areas (≈0.5–2.5 Mg CO2 ha−1 year−1, equivalent to 0.14–0.68 Mg C ha−1 year−1) are consistent with the lower-to-mid range of values observed in Mediterranean agroforestry systems.",23,true,,,,[reviewed 2026-08-06 by Namita-J; reason:confirmed_pass] [reviewed 2026-07-15 by Namita-J; reason:confirmed_pass] [reviewed 2026-07-02 by Namita-J; reason:confirmed_pass],page,,,,,,,,
ev_t6_carbon_kizir_4,kiziridis_2026,agroforestry,agroforestry__silvopastoral,carbon_sequestration,"{""annual_seq_low_mgc_ha_yr"": 0.35, ""annual_seq_high_mgc_ha_yr"": 1.8}",,nbs_effect,literature_relationship,cited_secondary,practice_technology,,high,"tree–pasture systems generally fall between 0.35 and 1.8 Mg C ha−1 year−1, depending on stand age and management intensity [91]. Meta-analyses report similarly broad variability, from modest rates of about 0.24 Mg C ha−1 year−1 in older European agroforestry systems to peaks near 1.5 Mg C ha−1 year−1 under improved management in Andalucian olive groves [92]. Higher values, up to 2 Mg C ha−1 year−1, have been documented for almond and vineyard systems with dense cover crops, and even 5.3 Mg C ha−1 year−1 where organic amendments were applied [93].",24,false,,,,"Funes et al. 2022 (ref 91) — field measurements, Mediterranean woody crops, NE Spain",page,,,,,,,,2026-06-18.section-scope
ev_t6_carbon_kizir_5,kiziridis_2026,agroforestry,agroforestry__silvopastoral,carbon_sequestration,"{""annual_seq_low_mgc_ha_yr"": 0.24, ""annual_seq_high_mgc_ha_yr"": 1.5}",,nbs_effect,literature_relationship,cited_secondary,practice_technology,,high,"Meta-analyses report similarly broad variability, from modest rates of about 0.24 Mg C ha−1 year−1 in older European agroforestry systems to peaks near 1.5 Mg C ha−1 year−1 under improved management in Andalucian olive groves [92].",24,false,,,,"Carranca et al. 2022 (ref 92) — meta-analysis, Mediterranean agroforestry, European focus",page,,,,,,,,
ev_t6_carbon_kizir_6,kiziridis_2026,agroforestry,agroforestry__silvopastoral,carbon_sequestration,"{""total_carbon_stocks_low_mgc_ha"": 25, ""total_carbon_stocks_high_mgc_ha"": 75}",,nbs_effect,literature_relationship,cited_secondary,practice_technology,,high,"Recent research on Iberian dehesa systems aligns with this upper range, reporting total carbon stocks of 25–75 Mg C ha−1 and confirming the superior sequestration in wooded versus non-wooded shrublands [94].",24,false,,,,González-Morales et al. 2025 (ref 94) — Iberian dehesa systems,page,,,,,,,,
ev_t6_ecos_kizir_1,kiziridis_2026,agroforestry,agroforestry__silvopastoral,ecosystem_service,,"{""note"": ""Co-benefits: biodiversity, water regulation, erosion, farm resilience.""}",nbs_effect,scoping_candidate,cited_secondary,practice_technology,,medium,"Third, the scope of our optimisation is currently limited to a single objective: carbon sequestration. While this is a primary goal of climate policy, the true value of silvopastoralism lies in its multifunctionality, delivering co-benefits such as enhanced biodiversity, improved water regulation, reduced soil erosion, and increased farm resilience [39,122].",26,false,,,,Varela et al. 2022 (ref 39); Amorim et al. 2023 (ref 122),page,,,,,,,,2026-06-18.section-scope
ev_t6_food_kizir_1,kiziridis_2026,agroforestry,agroforestry__silvopastoral,food_security,,"{""note"": ""Abstract: silvopastoral on marginal lands avoids food-security conflict.""}",nbs_effect,scoping_candidate,modelled,practice_technology,,medium,"Notably, converting arable land was not a primary contributor to carbon gains, as the marginal carbon benefit on these productive soils is lower than on marginal lands due to their higher baseline soil carbon levels, indicating that large-scale implementation can focus on marginal lands to avoid conflicts with food security.",1,false,,,,,page,,,,,,,,2026-06-18.section-scope
ev_t3_wildfire_kizir_1,kiziridis_2026,agroforestry,agroforestry__silvopastoral,wildfire_mitigation,,"{""note"": ""Trade-off: carbon-centric strategies may conflict with wildfire prevention.""}",climate_risk,scoping_candidate,cited_secondary,practice_technology,,medium,"Expert-based assessments of Mediterranean systems confirm that such trade-offs are inherent, revealing, for example, potential conflicts between carbon storage and other services like wildfire prevention [124].",26,false,,,,Lecegui et al. (ref 124),page,,,,,,,,
ev_t6_foodsec_moisa25_1,moisa_2025,agroforestry,agroforestry__silvopastoral,food_security,"{""direction"": ""positive""}","{""study_country"": ""Ethiopia"", ""study_income_group"": ""low_income""}",nbs_effect,scoping_candidate,primary_measured,practice_technology,,medium,Land suitability analysis for livestock production is crucial to enhance food security in the community. This study presents the spatial land suitability modeling for livestock production for closing yield gaps in western parts of Ethiopia.,2,false,food security,,,directional claim only; no magnitude quantified,page,,,,,,,,2026-06-18.section-scope
ev_t3_erosion_mucida23_1,mucida_2023,agroforestry,agroforestry__silvopastoral,erosion_hazard,"{""direction"": ""positive"", ""note"": ""Higher slope -> greater erosion intensity; slope is dominant factor in PCU spatial distribution""}","{""study_region"": ""Minas Gerais, Brazil"", ""study_income_group"": ""upper_middle""}",climate_risk,literature_relationship,primary_measured,practice_technology,,low,"The terrain slope is the main layer, with a high weight (50%) and the highest resolution and detail layer in the PCU spatial distribution. The slope determines the intensity of processes such as erosion and redis­tribution of sediments, local drainage capacity, and the amount and power of solar radiation",8,false,slope erosion intensity,,,"[VERIFY-FLAG mismatch: Note smuggles specific PCU score range (1.0-1.8) for slope >45% — not in this quote. Quote supports direction=positive (higher slope → greater erosion) and slope as dominant factor, but the numeric PCU range is from another table.]",page,,,,,,,,
ev_t3_swr_mucida23_1,mucida_2023,agroforestry,agroforestry__silvopastoral,soil_water_retention,,"{""study_region"": ""Minas Gerais, Brazil"", ""study_income_group"": ""upper_middle""}",climate_risk,scoping_candidate,cited_secondary,practice_technology,,low,The water recharge and the erosion resistance considered the runoff rate and the time to water infiltration.,4,false,water recharge and runoff rate,,,[VERIFY-FLAG mismatch: Note assigns PCU scale (1-5) and direction (higher PCU = lower runoff) to soil_water_retention — none of this is in the quote. Quote only states runoff rate and infiltration time were considered; no direction or scale given.] Costa et al. (2017),page,,,,,,,,
ev_t6_es_mucida23_1,mucida_2023,agroforestry,agroforestry__silvopastoral,ecosystem_service,"{""direction"": ""positive"", ""note"": ""PES framed as mechanism to incentivise adoption; no quantified benefit values given""}","{""study_region"": ""Minas Gerais, Brazil"", ""study_income_group"": ""upper_middle"", ""legal_reference"": ""Brazil Lei 14.119/2021""}",nbs_effect,scoping_candidate,primary_measured,practice_technology,,low,"Payment for environmental services is a great alternative to increase the environmental performance of agriculture, livestock, and silvicul­ture",10,false,payment for environmental services,,,,page,,,,,,,,
ev_t3_erosion_nath21_01,nath_2021,agroforestry,agroforestry__cross_family,erosion_hazard,"{""very_severe_erosion_area_pct"": 30, ""requires_erosion_management_area_pct"": 60}",,climate_risk,literature_relationship,primary_measured,practice_technology,,medium,"Around 30% of the area in the region has very severe soil erosion, with 60% of the area requires erosion management",1,false,soil erosion severity,,,"general — applies cross-family (Nath et al. 2021 MCDA study, EIHR)",page,,,,,,,,
ev_t3_erosion_nath21_02,nath_2021,agroforestry,agroforestry__cross_family,erosion_hazard,,,climate_risk,scoping_candidate,primary_measured,practice_technology,,medium,The slope of land determines the nature and the erodibility of the soil with high soil erosion in steep slopes.,3,false,slope-erosion relationship,,,"general — applies cross-family (Nath et al. 2021 MCDA study, EIHR)",page,,,,,,,,
ev_t6_ecosyste_nath21_01,nath_2021,agroforestry,agroforestry__cross_family,ecosystem_service,"{""very_good_to_good_area_sqkm"": 60523, ""very_good_to_good_area_pct"": 77, ""very_good_area_sqkm"": 21281, ""very_good_area_pct"": 27}",,nbs_effect,literature_relationship,modelled,practice_technology,,medium,"The model output reveals that 60,523 sq. km (~77%) of the region's arable land has very good to good suitability for agroforestry, while 21,281 sq. km (~27%) area has very good suitability.",1,true,agroforestry suitability area,,,"[reviewed 2026-08-06 by Namita-J; reason:confirmed_pass] [reviewed 2026-07-15 by Namita-J; reason:confirmed_pass] [reviewed 2026-07-02 by Namita-J; reason:confirmed_pass] general — applies cross-family (Nath et al. 2021 MCDA study, EIHR)",page,,,,,,,,
ev_t6_carbons_nath21_01,nath_2021,agroforestry,agroforestry__cross_family,carbon_sequestration,,,nbs_effect,scoping_candidate,cited_secondary,practice_technology,,medium,agroforestry is well-positioned to tackle land degradation on cropland while also creating a C sink.,20,false,C sink,,,Sahoo (2009) cited in Nath et al. 2021; general claim,page,,,,,,,,
ev_t6_biodiver_nath21_01,nath_2021,agroforestry,agroforestry__cross_family,biodiversity_outcome,,,nbs_effect,scoping_candidate,primary_measured,practice_technology,,medium,"Promotion and support to a need-based locally suitable agroforestry system will enhance livelihood, support local biodiversity, improve the environment, and mitigate climate change",20,false,biodiversity support,,,"general — applies cross-family (Nath et al. 2021 MCDA study, EIHR)",page,,,,,,,,
ev_t6_adoption_nath21_01,nath_2021,agroforestry,agroforestry__planted_silvoarable,adoption_rate,"{""area_million_unspecified_unit"": 25.3}",,nbs_effect,literature_relationship,cited_secondary,practice_technology,,low,"Agroforestry systems, an essential land-use in India covering 25.3 million",20,false,agroforestry land-use area India,,,"[VERIFY-FLAG mismatch: Quote ends with '25.3 million' but does not state the unit; relationship encodes area_mha: 25.3 (million hectares) — the unit 'hectares' is smuggled in, not stated in the quote.] Dhyani (2014); Purevtseren et al. (2017); IFSR 2019 cited in Nath et al. 2021",page,,,,,,,,
ev_t3_erosion_palma2007_01,palma_2007,agroforestry,agroforestry__planted_silvoarable,erosion_hazard,"{""direction"": ""contour-planted tree lines reduce erosion""}","{""region"": ""Europe""}",climate_risk,literature_relationship,modelled,practice_technology,,high,"Tree lines were assumed to be planted along contour lines, which is important for erosion control (Palma et al., 2007).",4,false,erosion control,,,,page,,,,,,,,
ev_t3_erosion_palma2007_02,palma_2007,agroforestry,agroforestry__planted_silvoarable,erosion_hazard,"{""direction"": ""SAF mimics strip cropping with contour farming for erosion reduction""}","{""region"": ""Europe""}",climate_risk,literature_relationship,modelled,practice_technology,,medium,"Erosion was modeled with the revised universal soil loss equation (RUSLE, Renard et al., 1997), where SAF was considered to mimic strip cropping, implemented together with contour farming.",3,false,soil erosion,,,"Renard et al., 1997",page,,,,,,,,
ev_t3_soilwater_palma2007_01,palma_2007,agroforestry,agroforestry__planted_silvoarable,soil_water_retention,"{""variable_should_be"": ""nitrogen_leaching"", ""direction"": ""SAF assessed for nitrogen leaching via annual soil water exchange factor""}","{""region"": ""Europe""}",climate_risk,literature_relationship,modelled,practice_technology,,low,"Nitrogen leaching was modeled using an equation proposed by Feldwisch et al. (1998), which uses an annual water exchange factor in the soil and the excess nitrogen potentially available for leaching.",3,false,nitrogen leaching,,,"[VERIFY-FLAG mismatch: Variable is 'soil_water_retention' but the quote is entirely about nitrogen leaching (Feldwisch equation, water exchange factor used to model N leaching). Soil water retention is not the subject; the water exchange factor is an intermediate input to the N-leaching model, not a soil water retention assessment.] Feldwisch et al., 1998",page,,,,,,,,
ev_t6_carbon_palma2007_01,palma_2007,agroforestry,agroforestry__planted_silvoarable,carbon_sequestration,"{""direction"": ""SAF sequesters carbon; modelled from tree biomass via IPCC/Gifford""}","{""region"": ""Europe""}",nbs_effect,literature_relationship,modelled,practice_technology,,medium,"Carbon sequestration was calculated for SAF systems only, based on the Intergovernmental Panel on Climate Change (IPCC, 1996) and Gifford relationships (2000a,b) for tree biomass predicted by the Yield-SAFE model.",3,false,carbon sequestration,,,"IPCC, 1996; Gifford, 2000a,b",page,,,,,,,,
ev_t6_biodiversity_palma2007_01,palma_2007,agroforestry,agroforestry__planted_silvoarable,biodiversity_outcome,,"{""region"": ""Europe""}",nbs_effect,scoping_candidate,modelled,practice_technology,,low,"A broad evaluation of the effects of SAF implementation on landscape biodiversity was conducted, based on the share of habitats available to wildlife in an agricultural landscape, classifying",3,false,landscape biodiversity,,,"[VERIFY-FLAG unsupported: Quote is truncated mid-sentence ('...classifying'); the direction 'SAF increases share of habitat' is not stated in the quote — the quote only describes the evaluation method, not the result.]",page,,,,,,,,
ev_t6_ecosvc_palma2007_01,palma_2007,agroforestry,agroforestry__planted_silvoarable,ecosystem_service,"{""direction"": ""SAF outperforms conventional arable across all four environmental criteria""}","{""region"": ""Europe (19 landscape test sites, Spain/France/Netherlands)""}",nbs_effect,literature_relationship,modelled,practice_technology,,high,"SAF was most preferable when soil erosion, nitrogen leaching, carbon sequestration and landscape biodiversity were evaluated.",5,false,environmental performance,,,,page,,,,,,,,
ev_t6_econreturn_palma2007_01,palma_2007,agroforestry,agroforestry__planted_silvoarable,economic_return,"{""direction"": ""SAF net present value preferable to conventional arable especially under zero-subsidy""}","{""region"": ""Europe (19 LTS, Spain/France/Netherlands)""}",nbs_effect,literature_relationship,modelled,practice_technology,,high,"Nevertheless, the aggregate results for all 19 LTS show that the SAF alternatives were preferable to the status quo alternative under all payment schemes and especially when these are absent (Fig. 3a — iNPV_0). However, this aggregate response for all three countries masks important differences between the countries that occurred as a result of regional variations in biophysical conditions, selected tree and crop species, and market dynamics.",6,false,infinite net present value (iNPV),,,,page,,,,,,,,2026-06-18.section-scope
ev_t6_econreturn_palma2007_02,palma_2007,agroforestry,agroforestry__planted_silvoarable,economic_return,"{""direction"": ""high-value trees on high-quality land maximise SAF economic performance""}","{""region"": ""Europe""}",nbs_effect,literature_relationship,modelled,practice_technology,,high,"Economic performance was improved if high value trees were established on the highest quality farmland, rather than lower value trees on low quality land.",7,false,economic performance,,,,page,,,,,,,,
ev_t6_adoption_palma2007_01,palma_2007,agroforestry,agroforestry__planted_silvoarable,adoption_rate,"{""direction"": ""subsidy schemes distort profitability toward arable; SAF remains preferable under all payment schemes including zero-subsidy""}","{""region"": ""Europe""}",nbs_effect,literature_relationship,modelled,practice_technology,,low,"the subsidiary schemes distort profitability in favor of arable systems. Nevertheless, the aggregate results for all 19 LTS show that the SAF alternatives were preferable to the status quo alternative under all payment schemes and especially when these are absent",6,false,subsidy payment schemes,,,"[VERIFY-FLAG mismatch: Relationship appends 'SAF adoption depends on policy context' but the quote says the opposite — SAF alternatives were preferable under ALL payment schemes, including when subsidies are absent. The quote does not say adoption depends on policy context.]",page,,,,,,,,
ev_t6_adoption_palma2007_02,palma_2007,agroforestry,agroforestry__cross_family,adoption_rate,"{""direction"": ""SAF adoption requires country/regional-level specification of economic and/or environmental purpose, based on local conditions, environmental hazards, and socio-economic requirements""}","{""region"": ""Europe""}",nbs_effect,scoping_candidate,modelled,practice_technology,,low,"SAF should be implemented with a specific purpose — economic and/or environmental. This purpose needs to be specified at the country/regional level based on local conditions, environmental hazards and socio-economic requirements.",8,false,SAF implementation purpose,,,[VERIFY-FLAG mismatch: Relationship appends 'general EU laws should not hamper' — this phrase is not present in the quote. Smuggled content.],page,,,,,,,,
ev_t6_cropyield_palma2007_01,palma_2007,agroforestry,agroforestry__planted_silvoarable,crop_yield,"{""direction"": ""tree and crop yields predicted from climate and soil inputs via process model""}","{""region"": ""Europe (19 LTS)""}",nbs_effect,literature_relationship,modelled,practice_technology,,medium,"The radiation, temperature, rainfall, soil depth and texture data for each LTS were used as inputs in a daily time-step bio-physical model of tree and crop production, based on competition for light and water (Yield-SAFE, van der Werf et al., in press) and implemented in Microsoft Excel© by Burgess et al. (2004) to predict annual tree and crop yields.",3,false,annual tree and crop yields,,,"van der Werf et al., in press; Burgess et al., 2004",page,,,,,,,,
ev_T3_erosion_seja2022_1,seja_2022,agroforestry,agroforestry__planted_silvoarable,erosion_hazard,"{""direction"": ""steeper_slope_higher_erosion_risk""}","{""land_unit"": ""LU4-LU5"", ""slope_pct"": ""28-72"", ""elevation_m"": ""1094-1772""}",climate_risk,literature_relationship,modelled,practice_technology,,medium,"This is the part of the study area with the steepest slope, necessi-
tating the use of forest cover to mitigate the effects of erosion agents.",16,false,erosion agents,,,,page,,,,,Erosion risk driven by steep slopes was a key rationale for allocating vegetation cover (forest/agroforestry) at upper elevation units,16,,
ev_T6_ecosvc_seja2022_1,seja_2022,agroforestry,agroforestry__planted_silvoarable,ecosystem_service,,"{""location"": ""Uluguru Mountains, Tanzania""}",nbs_effect,scoping_candidate,cited_secondary,practice_technology,,low,"Agroforestry has the potential to help restore tree
loss while also benefiting the environment and the economy by increasing agri-
cultural productivity, ecosystem facility, and human well-being (Ruheza et al.,
2012).",16,false,agroforestry benefits,,,"Ruheza et al., 2012",page,,,,,Agroforestry proposed as a compatible land use due to its environmental and economic co-benefits,16,,
ev_T6_areacover_seja2022_1,seja_2022,agroforestry,agroforestry__planted_silvoarable,ecosystem_service,"{""threshold"": 19.5, ""unit"": ""% of study area""}","{""location"": ""Uluguru Mountain, Morogoro, Tanzania"", ""total_area_ha"": 6928, ""suitable_land_units"": ""LU2-LU4""}",nbs_effect,literature_relationship,modelled,practice_technology,,low,"agroforestry, which occu-
pies 19.5% of the study area. Agroforestry has the potential to help restore tree
loss while also benefiting the environment and the economy by increasing agri-
cultural productivity, ecosystem facility, and human well-being (Ruheza et al.,
2012). This land use type was proposed to be more suitable for land mapping units
2 - 4 considering existing criteria.",16,false,agroforestry area allocation,,,"[VERIFY-FLAG mismatch: unit label includes '6928 Ha total' which is not stated in this quote; smuggled from elsewhere in paper] Ruheza et al., 2012",page,,,,,AHP+GIS combined spatial allocation result for agroforestry land use across study area,16,,
ev_T6_carbseq_singh24_1,singh_2024,agroforestry,agroforestry__planted_silvoarable,carbon_sequestration,"{""value"": 0.72, ""unit"": ""Pg C year-1"", ""direction"": ""positive"", ""scope"": ""global smallholder adoption""}",,nbs_effect,literature_relationship,cited_secondary,practice_technology,,medium,"widespread adoption of agroforestry 
by smallholders can potentially sequester 0.72 
Pg C year−1 globally [4].",2,false,carbon sequestration potential,,,"Lorenz K, Lal R (ref [4])",page,,,,,,,,
ev_T6_adopt_singh24_1,singh_2024,agroforestry,agroforestry__planted_silvoarable,adoption_rate,"{""bound_type"": ""upper"", ""value"": 10, ""unit"": ""%"", ""metric"": ""share of total agricultural land""}",,nbs_effect,literature_relationship,cited_secondary,practice_technology,,medium,"Despite benefits, agroforestry adoption rates remain low with under 10% of total agricultural land under agroforestry [5].",2,false,agroforestry adoption rate,,,Zomer RJ et al. (ref [5]),page,,,,,,,,2026-06-18.section-scope
ev_t3_erosion_sper24_1,sperandio_2024,agroforestry,agroforestry__planted_silvoarable,erosion_hazard,,"{""system"": ""agrosilvopastoral"", ""location"": ""Minas Gerais, Brazil""}",climate_risk,scoping_candidate,cited_secondary,practice_technology,,medium,"Slope, on the other hand, is related to soil depth and conditions greater susceptibility to erosion and limits land use practices",6,false,slope-related erosion susceptibility,,,"Everest et al., 2022",page,,,,,,,,
ev_t3_swr_sper24_1,sperandio_2024,agroforestry,agroforestry__planted_silvoarable,soil_water_retention,,"{""depth_layers_cm"": [5, 15, 30, 60, 100, 200], ""resolution_m"": 90, ""system"": ""agrosilvopastoral"", ""location"": ""Minas Gerais, Brazil""}",climate_risk,scoping_candidate,primary_measured,practice_technology,,medium,"Furthermore, we added water resources (N3) such as water availability layers for depths of 0–5 cm, 5–15 cm, 15–30 cm, 30–60 cm, 60–100 cm, and 100–200 cm, obtained from EMBRAPA with a spatial resolution of 90 m (version 2021 - https://geoinfo.cnps.embrapa.br/).",3,false,water availability layers,,EMBRAPA water availability 90m,,page,,,,,,,,2026-06-18.section-scope
ev_t6_ecosvc_sper24_1,sperandio_2024,agroforestry,agroforestry__planted_silvoarable,ecosystem_service,,"{""system"": ""agrosilvopastoral"", ""location"": ""Minas Gerais, Brazil"", ""land_type"": ""rocky outcrops / cerrado""}",nbs_effect,scoping_candidate,primary_measured,practice_technology,,low,"Despite their low suitability for agriculture, these points harbor high biodiversity and a rich presence of springs.",6,false,biodiversity and springs,,,,page,,,,,"Study highlights that low-agrosilvopastoral-suitability areas (rocky outcrops, Cerrado grassland) provide high ecosystem service value — relevant to M3/T6 ecosystem service layer.",,,
ev_t6_ecosvc_sper24_2,sperandio_2024,agroforestry,agroforestry__planted_silvoarable,ecosystem_service,,"{""service_type"": ""pollination"", ""system"": ""agrosilvopastoral"", ""location"": ""Minas Gerais, Brazil""}",nbs_effect,scoping_candidate,cited_secondary,practice_technology,,low,"native vegetation near cultivated areas maximizes pollination services, thereby enhancing crop productivity and stability",6,false,pollination services,,,"Dainese et al., 2019; Lázaro and Alomar, 2019; Bergamo et al., 2021",page,,,,,,,,
ev_T3_ero_unger2023_1,unger_2023,agroforestry,agroforestry__planted_silvoarable,erosion_hazard,"{""driver"": ""large low-structure agricultural land with sandy soils and low ground cover"", ""effect"": ""high wind speeds and promotion of erosion from wind""}","{""geographic_scope"": ""Brandenburg, Germany"", ""study_income_group"": ""high""}",climate_risk,literature_relationship,primary_measured,practice_technology,,medium,"large, low-structure agricultural land with sandy soils and
low ground cover may experience high wind speeds and promote erosion from wind [50].",7,false,wind erosion from large sandy arable fields,,,,page,,,,,,,,
ev_T3_wind_unger2023_1,unger_2023,agroforestry,agroforestry__planted_silvoarable,windbreak_protection,"{""effect"": ""lower wind speeds and reduction of the risk of erosion""}","{""geographic_scope"": ""Brandenburg, Germany"", ""study_income_group"": ""high""}",climate_risk,literature_relationship,primary_measured,practice_technology,,medium,"agroforestry systems can signiﬁcantly contribute to the structuring of the landscape, which
contributes to lower wind speeds and a reduction of the risk of erosion",7,false,agroforestry wind speed and erosion reduction,,,,page,,,,,,,,
ev_T3_micro_unger2023_1,unger_2023,agroforestry,agroforestry__planted_silvoarable,microclimate_buffering,"{""effect"": ""reduce evaporation rate in the immediate vicinity of the woody plants""}","{""geographic_scope"": ""Brandenburg, Germany"", ""study_income_group"": ""high""}",climate_risk,literature_relationship,primary_measured,practice_technology,,medium,"shade cast by woody plants can reduce the evaporation rate in the immediate vicinity
of the woody plants [31,52].",7,false,tree shade evaporation reduction,,,,page,,,,,,,,
ev_T6_adopt_unger2023_1,unger_2023,agroforestry,agroforestry__planted_silvoarable,adoption_rate,"{""area_ha"": 219, ""note"": ""absolute area established, not a rate""}","{""geographic_scope"": ""Brandenburg, Germany"", ""study_income_group"": ""high"", ""note"": ""Very low relative to synergy potential; agri-PV = 0 ha established""}",nbs_effect,literature_relationship,primary_measured,practice_technology,,low,"We identiﬁed and localized 219 ha
of land where the agroforestry systems were established",12,false,established agroforestry area in Brandenburg,,,[VERIFY-FLAG mismatch: Variable is labelled 'adoption_rate' but 219 ha is an absolute study-site area with no denominator; the quote does not state a rate. The encoded value is correct as an area figure but is mislabelled.],page,,,,,,,,
ev_T3_erosion_wotlolan2021_1,wotlolan_2021,agroforestry,agroforestry__planted_silvoarable,erosion_hazard,"{""lower"": 24, ""upper"": 80, ""unit"": ""tonnes/ha/year""}",,climate_risk,literature_relationship,cited_secondary,practice_technology,,high,"Soil
erosion due to persistent cultivation of market crops is
resulting in soil losses of 24 to 80 tonnes per hectare
per year (Wairiu 2016).",3,false,soil losses,,,Wairiu 2016,page,,,,,,,,
ev_T6_foodsec_wotlolan2021_1,wotlolan_2021,agroforestry,agroforestry__planted_silvoarable,food_security,"{""ahp_weight"": 0.447, ""direction"": ""highest_priority""}",,nbs_effect,literature_relationship,primary_measured,practice_technology,,high,"Food Beneﬁt is considered the most important need,
with an AHP criterion weight of 0.447.",12,false,Food Benefit,,,,page,,,,,,,,
ev_T6_ecosvc_wotlolan2021_1,wotlolan_2021,agroforestry,agroforestry__planted_silvoarable,ecosystem_service,"{""ahp_weight"": 0.18}",,nbs_effect,literature_relationship,primary_measured,practice_technology,,high,"From the AHP analysis it was evident that the Food Beneﬁt is considered the most important need, with an AHP criterion weight of 0.447. This suggests the beneﬁt offered by crops as a source of food is more than double the importance of Economic beneﬁt (0.180), the next highest beneﬁt type.",12,false,Economic benefit,,,,page,,,,,,,,2026-06-18.section-scope
ev_t6_ecosvc_yadav24_10,yadav_2024,agroforestry,agroforestry__planted_silvoarable,ecosystem_service,"{""listed_services"": [""UHI_mitigation"", ""air_quality_improvement"", ""runoff_reduction"", ""erosion_control"", ""NTFPs"", ""timber_production"", ""water_quality_enhancement"", ""slope_protection"", ""biodiversity_cultural_services""], ""direction"": ""positive — all services associated with agroforestry / tree plantation""}","{""application"": ""agroforestry / urban tree DSS"", ""region"": ""general""}",nbs_effect,scoping_candidate,cited_secondary,practice_technology,,medium,"Previous DSSs for tree selection have focused on various ecosystem services, including urban heat island (UHI) mitigation (23), air quality improvement (29), runoff reduction and erosion control (26), non-timber forest products (NTFPs) (28), timber production (30), water quality enhancement (19), slope protection (25), and biodiversity and cultural services (27).",2,false,ecosystem services,,,"citing refs 19,23,25,26,27,28,29,30 — various tree DSS studies; review by same group [6]",page,,,,,,,,
ev_t6_runoff_yadav24_11,yadav_2024,agroforestry,agroforestry__planted_silvoarable,runoff_reduction,"{""direction"": ""positive — agroforestry increases soil erosion control""}","{""application"": ""agroforestry"", ""region"": ""India""}",nbs_effect,scoping_candidate,cited_secondary,practice_technology,,low,"By ensuring informed decisions, agroforestry can increase ecosystem service benefits, including nutrient enrichment, soil erosion control, and soil quality improvement [7].",2,false,soil erosion control,,,citing ref [7] — not identified by name in this paper,page,,,,,,,,
ev_soil_organic_carbon_mantino26_02,mantino_2026,agroforestry,agroforestry__silvopastoral,soil_organic_carbon,"{""soc_accumulation_topsoil_mean_mg_c_ha_yr"": 0.24, ""soc_accumulation_topsoil_low_mg_c_ha_yr"": 0.09, ""soc_accumulation_topsoil_high_mg_c_ha_yr"": 0.46, ""soc_accumulation_tree_biomass_mean_mg_c_ha_yr"": 0.65, ""soc_accumulation_tree_biomass_low_mg_c_ha_yr"": 0.004, ""soc_accumulation_tree_biomass_high_mg_c_ha_yr"": 1.85, ""soil_depth_cm"": 30, ""unit"": ""Mg C ha⁻¹ yr⁻¹""}","{""region"": ""France"", ""system"": ""silvoarable"", ""n_sites"": 6, ""note"": ""FAMILY-MISFILE FLAG: Cardinael et al. (2017) studied silvoarable (crop+tree) systems, not silvopastoral (crop+livestock+tree). Filed under silvopastoral because the host source is mantino_2026 which covers both MF and AF. Central review should consider re-assigning to agroforestry__planted_silvoarable.""}",nbs_effect,literature_relationship,cited_secondary,practice_technology,,medium,"Cardinael et al. (2017), through a field study across six sites in France, demonstrated that in silvoarable systems, the mean soil organic carbon (SOC) stock accumulation rate was 0.24 (0.09–0.46) Mg C ha⁻1 yr⁻1 in the top 30 cm of soil, and 0.65 (0.004–1.85) Mg C ha⁻1 yr⁻1 in tree biomass. Increased SOC stocks were also found in deeper soil layers at two of the silvoarable sites.",14,false,soil organic carbon (SOC) stock accumulation rate,,"field measurements, 6 sites in France (Cardinael et al. 2017)",Cardinael et al. (2017),page,,,,,,,,2026-06-19.openalex-af
ev_tree_canopy_cover_mantino26_03,mantino_2026,agroforestry,agroforestry__silvopastoral,tree_canopy_cover,"{""weight_gain_increase_max_pct"": 20, ""unit"": ""% increase in livestock weight gain""}","{""region"": ""Mediterranean"", ""system"": ""silvopastoral"", ""livestock_species"": [""cattle (steers and heifers)"", ""sheep""], ""mechanism"": ""heat stress reduction via shade"", ""suitability_dimension"": ""system_constraint""}",nbs_effect,literature_relationship,cited_secondary,practice_technology,,medium,"In the Mediterranean, trees can reduce heat stress in steers and heifers, resulting in up to a 20% increase in weight gain (Ripamonti et al. 2025a). Similarly, tree canopy shade has been shown to reduce heat stress in sheep (Turini et al. 2025).",13,true,tree canopy shade,,,[reviewed 2026-08-06 by Namita-J; reason:confirmed_pass] [reviewed 2026-07-15 by Namita-J; reason:confirmed_pass] [reviewed 2026-07-02 by Namita-J; reason:confirmed_pass] Ripamonti et al. (2025a); Turini et al. (2025),page,,,,,,,,2026-06-19.openalex-af
EV_lohbeck_2020_006,lohbeck_2020,agroforestry,agroforestry__regeneration_farmland,tree_canopy_cover,"{""variable"": ""tree_density"", ""unit"": ""trees_ha"", ""delta_min"": 12, ""delta_max"": 16, ""direction"": ""increase_vs_non_fmnr"", ""reference_species"": ""Faidherbia albida"", ""reference_density"": 100, ""reference_location"": ""Zinder""}","{""country"": ""Niger"", ""region"": ""Zinder""}",nbs_effect,literature_relationship,cited_secondary,practice_technology,,high,Reij and Garrity (2016) estimated there are over 100 Faidherbia albida trees ha−1 in cropland in Zinder. Tree densities on FMNR ﬁelds in Niger were higher by 12–16 trees ha−1 compared to areas where FMNR was not p,9,False,tree densities on FMNR ﬁelds ... higher by 12–16 trees ha−1,,,cited from Reij and Garrity 2016,page,,b688621632ab86d13d784de709c818f0c4efa704,,,,,,v1.2
EV_lohbeck_2020_007,lohbeck_2020,agroforestry,agroforestry__regeneration_farmland,food_security,"{""variable"": ""food_consumption_score"", ""threshold_variable"": ""tree_density"", ""threshold"": 20, ""threshold_unit"": ""trees_ha"", ""direction"": ""increases_above_threshold"", ""dietary_diversity_delta_pct_min"": 12, ""dietary_diversity_delta_pct_max"": 14}","{""region"": ""four Sahelian countries""}",nbs_effect,literature_relationship,cited_secondary,practice_technology,,high,"y diversity by about 12–14% against control households. A gradual increase in food consumption score was reported where tree density was above 20 trees ha−1 across four Sahelian countries (Binam et al., 2017).",11,False,food consumption score ... tree density was above 20 trees ha−1,,,"cited from Binam et al., 2017",page,,b688621632ab86d13d784de709c818f0c4efa704,,,,,,v1.2
EV_lohbeck_2020_008,lohbeck_2020,agroforestry,agroforestry__regeneration_farmland,carbon_biomass,"{""variable"": ""soil_organic_carbon"", ""delta_pct_min"": 25, ""delta_pct_max"": 46, ""direction"": ""increase"", ""context"": ""sandy_soils_parkland"", ""depth_cm"": ""0-10""}","{""region"": ""Sahel"", ""system"": ""parkland""}",nbs_effect,literature_relationship,cited_secondary,practice_technology,,high,"FMNR has lead to 25–46% increases in soil organic carbon (SOC) especially in sandy soils in parkland systems across the Sahel (Bayala et al., 2007, 2019), with SOC being an important indicator of soil health.",10,False,25–46% increases in soil organic carbon (SOC),,,"cited from Bayala et al., 2007, 2019",page,,b688621632ab86d13d784de709c818f0c4efa704,,,,,,v1.2
EV_lohbeck_2020_009,lohbeck_2020,agroforestry,agroforestry__regeneration_farmland,household_income,"{""variable"": ""household_income"", ""delta_usd_min"": 46, ""delta_usd_max"": 56, ""delta_pct_min"": 18, ""delta_pct_max"": 24, ""basis"": ""per_capita"", ""direction"": ""increase"", ""second_estimate_usd"": 72, ""second_estimate_basis"": ""per_household_four_countries""}","{""country"": ""Niger"", ""region"": ""Maradi"", ""additional_region"": ""Sahel four countries""}",nbs_effect,literature_relationship,cited_secondary,practice_technology,,high,"Haglund et al. (2011) estimated that FMNR adoption in Maradi region of Niger increased gross annual household income by 46–56 USD (or 18–24%) per capita, mostly arising from increases in the value of crop and wood production. Binam et al. (2015) found a 72 USD per household increase in four countries in the Sahel and an increase in value of p",10,False,increased gross annual household income by 46–56 USD (or 18–24%),,,cited from Haglund et al. 2011; Binam et al. 2015,page,,b688621632ab86d13d784de709c818f0c4efa704,,,,,,v1.2
EV_lohbeck_2020_010,lohbeck_2020,agroforestry,agroforestry__regeneration_farmland,fuelwood_fodder,"{""variable"": ""firewood_value"", ""value_usd_min"": 127, ""value_usd_max"": 154, ""basis"": ""per_household_yr"", ""tree_revenue_share_pct"": 10, ""direction"": ""positive""}","{""country"": ""Niger""}",nbs_effect,literature_relationship,cited_secondary,practice_technology,,medium,"rity (2016) suggested an annual value of 127–154 USD per household in Niger from the ﬁrewood from FMNR, with tree-based revenue reported as a modest contribution of around 10% of the household revenue.",10,False,annual value of 127–154 USD per household ... from the ﬁrewood,,,cited from Reij and Garrity 2016,page,,b688621632ab86d13d784de709c818f0c4efa704,,,,,,v1.2
EV_lohbeck_2020_011,lohbeck_2020,agroforestry,agroforestry__regeneration_farmland,household_income,"{""variable"": ""per_tree_income"", ""value_usd_min"": 34, ""value_usd_max"": 75, ""basis"": ""per_tree_yr"", ""direction"": ""positive""}","{""region"": ""Sahel""}",nbs_effect,literature_relationship,cited_secondary,species_specific,,medium,Reij and Garrity (2016) reported that one Adansonia digitata (baobab) could generate an annual income of 34–75 USD.,10,False,one Adansonia digitata (baobab) could generate an annual income of 34–75 USD,Adansonia digitata,,cited from Reij and Garrity 2016 (Yamba and Sambo 2012),page,,b688621632ab86d13d784de709c818f0c4efa704,,,,,,v1.2
EV_lohbeck_2020_012,lohbeck_2020,agroforestry,agroforestry__regeneration_farmland,crop_yield,"{""variable"": ""grain_yield"", ""direction"": ""no_significant_effect_on_cereal_grain_yield"", ""intercrop_effect"": ""higher_value_via_intercrop_yields_cowpea_groundnut""}","{""country"": ""Niger""}",nbs_effect,literature_relationship,cited_secondary,crop_specific,,medium,"al yields across three Sahelian countries while Haglund et al. (2011) found no signiﬁcant relationship between FMNR and grain yield of cereal crops in Niger although FMNR was associated with higher overall value of crop production, attributed to higher intercrop yields of crops such as cowpea and groundnut.",10,False,no signiﬁcant relationship between FMNR and grain yield of cereal crops,"cereal (cowpea, groundnut)",,cited from Haglund et al. 2011,page,,b688621632ab86d13d784de709c818f0c4efa704,,,,,,v1.2
EV_lohbeck_2020_013,lohbeck_2020,agroforestry,agroforestry__regeneration_farmland,climate_resilience,"{""variable"": ""climate_adaptation_uptake"", ""share_households_pct"": 85, ""hazards_buffered"": [""soil_erosion"", ""wind_speed"", ""temperature""], ""direction"": ""risk_reduction""}","{""country"": ""Niger"", ""region"": ""Maradi""}",climate_risk,literature_relationship,cited_secondary,practice_technology,,high,"Ado et al. (2019) found 85% of sampled households in Maradi region of Niger reported that they used FMNR as a climate change adaptation strategy, because their perception was that it prevents soil erosion and reduces the risks associated with increased wi",10,False,85% of sampled households ... used FMNR as a climate change adaptation strategy,,,cited from Ado et al. 2019,page,,b688621632ab86d13d784de709c818f0c4efa704,,,,,,v1.2
EV_lohbeck_2020_014,lohbeck_2020,agroforestry,agroforestry__regeneration_farmland,microclimate,"{""variable"": ""microclimate_buffering"", ""mechanisms"": [""reduced_wind_speed"", ""higher_soil_moisture"", ""shade"", ""micro_scale_water_effects""], ""direction"": ""buffers_crop_heat_stress""}","{""region"": ""Sahel""}",climate_risk,literature_relationship,cited_secondary,practice_technology,,high,"A range of other environmental beneﬁts that were reported included reduced wind speed, higher soil moisture, shade, microclimate creation and micro-scale water eﬀects which can buﬀer crops from heat stress (Garrity et al., 2010; Sendzimir et al., 2",10,False,"reduced wind speed, higher soil moisture, shade, microclimate creation",,,cited from Garrity et al. 2010; Sendzimir et al.,page,,b688621632ab86d13d784de709c818f0c4efa704,,,,,,v1.2
EV_lohbeck_2020_015,lohbeck_2020,agroforestry,agroforestry__regeneration_farmland,economic_cost,"{""variable"": ""implementation_cost"", ""value_usd_per_ha"": 20, ""direction"": ""low_cost"", ""caveat"": ""based_on_expert_estimates_ignores_labour_and_land_opportunity_cost""}","{""region"": ""Sahel""}",nbs_effect,literature_relationship,expert_assertion,practice_technology,,high,"The often quoted ﬁgure that FMNR can be achieved at a cost of 20 USD ha−1 (Reij and Garrity, 2016) are based on expert estimates and personal communications rather than explicit economic analysis. Many studies completely ignore or undervalue farmer’s labor and the opportunity cost of land that could have other uses.",12,False,FMNR can be achieved at a cost of 20 USD ha−1,,,cited from Reij and Garrity 2016,page,,b688621632ab86d13d784de709c818f0c4efa704,,,,,,v1.2
EV_researchsquare_fmnr_2025_003,researchsquare_fmnr_2025,agroforestry,agroforestry__regeneration_farmland,vegetation_cover_gain,"{""direction"": ""increase"", ""area_significant_gain_ha"": 9200000, ""share_of_cropland_pct"": 4, ""additional_trees_ha"": 1300000}","{""region"": ""Sahel"", ""landcover"": ""cropland"", ""period"": ""1999-2024"", ""domain_km2"": 2400000}",nbs_effect,literature_relationship,primary_measured,practice_technology,,low,"5). 141 Across 2.4 million km² of croplands, 9.2 million hectares (4%) showed a significant (p<0.05) 142 gain in tree cover, representing 1.3 million hectares of additional tre",6,False,"significant gain in tree cover on cropland (9.2 million ha, 4%)",,,,page,,b688621632ab86d13d784de709c818f0c4efa704,,,,,,v1.2
EV_weston_2015_004,weston_2015,agroforestry,agroforestry__regeneration_farmland,vegetation_cover_gain,"{""variable"": ""tree_stock"", ""total_trees_after"": 567000, ""additional_trees_due_to_project"": 377000, ""direction"": ""increase""}","{""country"": ""Ghana"", ""region"": ""Talensi""}",nbs_effect,literature_relationship,primary_measured,practice_technology,,high,"e managed forests now contain around 567,000 trees of which 377,000 can be counted as additional due to the project. On farmland, 547 households, or 37 percent of all households, adopted FMNR in their crop fields. Focus groups consistently estimate",12,False,"537 bundles from just 40 stumps ... managed forests now contain around 567,000 trees of which 377,000 additional",,,,page,,b688621632ab86d13d784de709c818f0c4efa704,,,,,,v1.2
EV_weston_2015_005,weston_2015,agroforestry,agroforestry__regeneration_farmland,adoption_rate,"{""variable"": ""adoption_rate"", ""households_adopting"": 547, ""share_of_households_pct"": 37, ""domain"": ""crop_fields""}","{""country"": ""Ghana"", ""region"": ""Talensi""}",nbs_effect,literature_relationship,primary_measured,practice_technology,,high,"On farmland, 547 households, or 37 percent of all households, adopted FMNR in their crop fields. Focus groups consistently estimate",12,False,"547 households, or 37 percent of all households, adopted FMNR in their crop fields",,,,page,,b688621632ab86d13d784de709c818f0c4efa704,,,,,,v1.2
EV_weston_2015_006,weston_2015,agroforestry,agroforestry__regeneration_farmland,crop_yield,"{""variable"": ""crop_yield"", ""adopter_vs_nonadopter_production_value_pct_higher"": 60, ""adopter_yield_pct_higher_range_min"": 15, ""adopter_yield_pct_higher_range_max"": 30, ""comparison"": ""FMNR_adopters_vs_matched_nonadopters""}","{""region"": ""West Africa dryland"", ""countries"": ""Niger + four West African dryland countries""}",nbs_effect,literature_relationship,primary_measured,practice_technology,,high,"Comparing FMNR adopting households in Maradi Region to matched non-adopters, Haglund et al. (2011) calculated that the adopters’ crop production values were almost 60 percent higher. Place and Binam (2013) found crop yields of FMNR adopters in four West African dryland countries were between 15 to 30 percent higher than non-adopters.",9,False,adopters’ crop production values were almost 60 percent higher; crop yields ... 15 to 30 percent higher,,,cited from Haglund et al. 2011 and Place and Binam 2013,page,,b688621632ab86d13d784de709c818f0c4efa704,,,,,,v1.2
EV_weston_2015_007,weston_2015,agroforestry,agroforestry__regeneration_farmland,crop_yield,"{""variable"": ""grain_production"", ""additional_tonnes_per_year"": 500000, ""equivalent_consumption_people"": 2500000, ""scale"": ""Niger_national_FMNR_spread""}","{""country"": ""Niger"", ""scale"": ""national""}",nbs_effect,literature_relationship,modelled,practice_technology,,high,"In addition, an overview publication (Reij et al. (2009) estimated that the soil restoration effect of FMNR’s spread across Niger has resulted in at least 500,000 additional tonnes of grain produced per annum, which they equate to the consumption needs of 2.5 million people.",9,False,"at least 500,000 additional tonnes of grain produced per annum ... consumption needs of 2.5 million people",,,cited from Reij et al. 2009,page,,b688621632ab86d13d784de709c818f0c4efa704,,,,,,v1.2
EV_weston_2015_008,weston_2015,agroforestry,agroforestry__regeneration_farmland,household_income,"{""variable"": ""household_income"", ""adopter_income_pct_higher"": 30, ""comparison"": ""FMNR_adopters_vs_matched_nonadopters""}","{""country"": ""Niger"", ""region"": ""Maradi""}",nbs_effect,literature_relationship,primary_measured,practice_technology,,high,"(2011) also focussed original research on the case of Maradi, finding that FMNR adopters earned around 30 percent more income than matched non-adopters. They report that FMNR adopting households reported increased wood supply (98% of respondents",9,False,FMNR adopters earned around 30 percent more income than matched non-adopters,,,cited from Haglund et al. 2011,page,,b688621632ab86d13d784de709c818f0c4efa704,,,,,,v1.2
EV_weston_2015_009,weston_2015,agroforestry,agroforestry__regeneration_farmland,food_security,"{""variable"": ""self_reported_benefit_share"", ""improved_food_security_pct"": 73, ""improved_crop_yields_pct"": 92, ""improved_soil_fertility_pct"": 98, ""increased_wood_supply_pct"": 98, ""healthier_animals_pct"": 81, ""increased_revenues_pct"": 78, ""basis"": ""share_of_FMNR_adopter_respondents""}","{""country"": ""Niger"", ""region"": ""Maradi""}",nbs_effect,literature_relationship,primary_measured,practice_technology,,high,"They report that FMNR adopting households reported increased wood supply (98% of respondents), improved soil fertility (98%), improved crop yields (92%), healthier animals (81%), increased revenues (78%) and improved food security (73%).",9,False,increased revenues (78%) and improved food security (73%),,,cited from Haglund et al. 2011,page,,b688621632ab86d13d784de709c818f0c4efa704,,,,,,v1.2
EV_weston_2015_010,weston_2015,agroforestry,agroforestry__regeneration_farmland,soil_fertility,"{""variable"": ""soil_fertility"", ""adopters_reporting_fertility_increase_pct"": 94, ""comparison_group_pct"": 26, ""adopters_reporting_erosion_improvement_pct"": 66, ""comparison_group_erosion_pct"": 17}","{""region"": ""Sahel / West Africa dryland""}",nbs_effect,literature_relationship,primary_measured,practice_technology,,high,"In a survey of FMNR adopters, 94 percent reported an increase in soil fertility (against 26 percent among the comparison group); 66 percent reported improvement in soil erosion (against 17 percent in",12,False,94 percent reported an increase in soil fertility (against 26 percent among the comparison group); 66 percent ... improvement in soil erosion (against 17 percent),,,,page,,b688621632ab86d13d784de709c818f0c4efa704,,,,,,v1.2
EV_weston_2015_011,weston_2015,agroforestry,agroforestry__regeneration_farmland,wind_erosion,"{""variable"": ""wind_erosion"", ""direction"": ""reduces_wind_speed_and_airborne_dust"", ""mechanism"": ""increased_tree_cover"", ""quantified"": false}","{""region"": ""Sahel / West Africa dryland""}",climate_risk,literature_relationship,cited_secondary,practice_technology,,medium,"For humans, increased tree cover reduces wind speeds, airborne dust and provides cooling shade (Cunningham and Abasse 2005). In combination, these effects can stabilise and protect farmin",3,False,"increased tree cover reduces wind speeds, airborne dust and provides cooling shade",,,cited from Cunningham and Abasse 2005,page,,b688621632ab86d13d784de709c818f0c4efa704,,,,,,v1.2
EV_weston_2015_012,weston_2015,agroforestry,agroforestry__regeneration_farmland,microclimate,"{""variable"": ""microclimate"", ""direction"": ""cooling_shade_and_wildlife_diversity"", ""quantified"": false}","{""region"": ""West Africa dryland""}",climate_risk,literature_relationship,cited_secondary,practice_technology,,medium,"For livestock, greater tree density can supplement grass fodder and reduce labour requirements for accessing feed during scarcity (Place et al. 2009). For humans, increased tree cover reduces wind speeds, airborne dust and provides cooling shade (Cunningham and Abasse 2005).",3,False,greater tree density can supplement grass fodder and reduce labour requirements ... provides cooling shade,,,cited from Place et al. 2009 and Cunningham and Abasse 2005,page,,b688621632ab86d13d784de709c818f0c4efa704,,,,,,v1.2
EV_weston_2015_013,weston_2015,agroforestry,agroforestry__regeneration_farmland,fuelwood_fodder,"{""variable"": ""firewood_income"", ""burkina_usd_per_year_min"": 56, ""burkina_usd_per_year_max"": 170, ""mali_usd_per_year_min"": 102, ""mali_usd_per_year_max"": 180, ""unit"": ""USD_per_year"", ""direction"": ""increase""}","{""countries"": ""Burkina Faso, Mali, Niger, Senegal"", ""region"": ""West Africa dryland""}",nbs_effect,literature_relationship,primary_measured,practice_technology,,medium,Increased value of firewood harvested consumed and sold Increased income from sale of non-timber tree products Firewood: Burkina: additional USD 56 to 170 per year Mali: additional USD102 to 180 per year,7,False,Increased value of firewood ... Burkina: additional USD 56 to 170 per year; Mali: additional USD102 to 180 per year,,,cited from Place and Binam 2013,page,,b688621632ab86d13d784de709c818f0c4efa704,,,,,,v1.2
EV_weston_2015_014,weston_2015,agroforestry,agroforestry__regeneration_farmland,economic_cost,"{""variable"": ""social_return_on_investment"", ""value_created_end_of_project_usd"": 2000000, ""npv_usd"": 5500000, ""sroi_ratio_end_of_project"": ""1:5"", ""sroi_ratio_later"": ""1:13"", ""unit"": ""USD_and_ratio""}","{""country"": ""Ghana"", ""region"": ""Talensi""}",nbs_effect,literature_relationship,primary_measured,practice_technology,,medium,"By the end of the project, GH¢ 3,835,000 (USD 2 million) of value had been created. Assuming that the FMNR techniques becomes more widely shared, as has happened in",15,False,"SROI ratio 1:5 ... 1:13; GH¢ 3,835,000 (USD 2 million) of value had been created; net present value US$5.5m",,,,page,,b688621632ab86d13d784de709c818f0c4efa704,,,,,,v1.2
EV_binam_2017_001,binam_2017,agroforestry,agroforestry__regeneration_farmland,tree_canopy_cover,"{""metric"": ""crop_production_effect"", ""curve"": ""unimodal"", ""sharp_increase_range_trees_per_ha"": [15, 20], ""constant_range_trees_per_ha"": [20, 40], ""decline_above_trees_per_ha"": 40, ""max_effect_range_trees_per_ha"": [20, 40]}","{""country"": ""Sahel"", ""region"": ""West Africa"", ""aez"": ""semi_arid""}",nbs_effect,literature_relationship,primary_measured,practice_technology,,high,"This study also tried to assess the impact of FMNR on crop production. Considering the dose-response results in Fig. 2, there is a sharp increase in crop production when the density of trees ranges between 15 to 20 trees/ha. When the density ranges from 20–40/ha there is an increase with a constant slope (in other words, the effects on crop production tend to be constant); above the density level of 40 trees/ha, the crop pro- duction decreases with increasing density l",18,False,"density of trees /ha (dose-response, crop production)",,,,page,,b688621632ab86d13d784de709c818f0c4efa704,,,,,,v1.2
EV_binam_2017_002,binam_2017,agroforestry,agroforestry__regeneration_farmland,crop_yield,"{""metric"": ""cereal_yield_gain_kg_per_ha"", ""optimum_density_trees_per_ha"": [20, 40], ""sahel_kg_per_ha"": 274.25, ""sahel_total_kg"": 915.985, ""burkina_faso_kg_per_ha"": 401.38, ""mali_kg_per_ha"": 198.9, ""niger_kg_per_ha"": 112.76, ""senegal_kg_per_ha"": 132.12}","{""country"": ""Sahel"", ""region"": ""West Africa"", ""aez"": ""semi_arid""}",nbs_effect,literature_relationship,primary_measured,practice_technology,,high,"show that, the maximum effect is reached when the density of trees ranges from 20 to 40/ha, indi- cating an increase of crop production by 915.985 kg (=e6.82) or 274.25 kg/ha (=915.985/ 3.34) in the Sahel. The same calculations can be done for each of the countries indicat- ing an increase of the expected quantity of cereals produced by 401.38 kg/ha in Burkina Faso; 198.9 kg/ha in Mali; 112.76 kg/ha in Niger and; 132.12 in Senegal.",18,False,increase of crop production kg/ha at 20-40 trees/ha,,,,page,,b688621632ab86d13d784de709c818f0c4efa704,,,,,,v1.2
EV_binam_2017_003,binam_2017,agroforestry,agroforestry__regeneration_farmland,crop_yield,"{""metric"": ""crop_production_pct_gain_per_tree_pct_point"", ""peak_density_trees_per_ha"": 20, ""threshold_trees_per_ha"": 40, ""sahel_pct"": 5, ""burkina_faso_pct"": 14, ""mali_pct"": 4, ""niger_pct"": 3, ""senegal_pct"": 1}","{""country"": ""Sahel"", ""region"": ""West Africa"", ""aez"": ""semi_arid""}",nbs_effect,literature_relationship,primary_measured,practice_technology,,high,"trees/ha, every one percentage-point increase in keeping and managing trees on their farmland decreases the effects on crop production, and the stronger effect was associated with the management of about 20 trees/ha (+5% in the Sahel; +14% in Burkina Faso; +4% in Mali; +3% in Niger and about +1% in Senegal). These findings again suggest that the effects of trees on crop production might be af- fected by both the density and quality of tree species.",19,False,marginal crop-production effect at ~20 trees/ha (%),,,,page,,b688621632ab86d13d784de709c818f0c4efa704,,,,,,v1.2
EV_binam_2017_004,binam_2017,agroforestry,agroforestry__regeneration_farmland,household_income,"{""metric"": ""income_from_tree_products"", ""curve"": ""sharp_increase"", ""increase_range_trees_per_ha"": [10, 40], ""threshold_cfa"": 22000, ""threshold_usd"": 44}","{""country"": ""Sahel"", ""region"": ""West Africa"", ""aez"": ""semi_arid""}",nbs_effect,literature_relationship,primary_measured,practice_technology,,high,"ase of income (up to a 22,000 CFA or US$44 threshold) from trees products when the number of trees being managed in the farmland ranges from 10 to 40/ha Farmers who are less involved in the practice of FMNR (i.e., farm with less than 40 trees/ha) a",22,False,income from tree products vs tree density,,,,page,,b688621632ab86d13d784de709c818f0c4efa704,,,,,,v1.2
EV_binam_2017_005,binam_2017,agroforestry,agroforestry__regeneration_farmland,household_income,"{""metric"": ""revenue_from_tree_products"", ""at_15_per_ha_cfa"": 40000, ""at_15_per_ha_usd"": 80, ""at_20_per_ha_cfa"": 42000, ""at_20_per_ha_usd"": 84, ""decline_range_trees_per_ha"": [21, 40], ""recovery_above_trees_per_ha"": 40}","{""country"": ""Sahel"", ""region"": ""West Africa"", ""aez"": ""semi_arid""}",nbs_effect,literature_relationship,primary_measured,practice_technology,,high,"pected to be received by selling tree products is 40,000 CFA/ha (US$80) with a farm of 15/ha FMNR practitioners with 20 trees/ha are better off in terms of revenues received from tree products (42,000 CFA or US$84). This amount sharply decline when the density ranges from 21 to 40 trees/ha. After the 40 trees/ha threshold, the revenue perceived from tree products gradually increase with every unit of tree increase during the prac",22,False,revenue from tree products by density (CFA),,,,page,,b688621632ab86d13d784de709c818f0c4efa704,,,,,,v1.2
EV_binam_2017_006,binam_2017,agroforestry,agroforestry__regeneration_farmland,food_security,"{""metric"": ""food_consumption_score"", ""decrease_range_trees_per_ha"": [15, 20], ""increase_above_trees_per_ha"": 20}","{""country"": ""Sahel"", ""region"": ""West Africa"", ""aez"": ""semi_arid""}",nbs_effect,literature_relationship,primary_measured,practice_technology,,high,"ffects plots, the contribution of trees on caloric intake and diet tends to decrease when the density ranges from 15-20 trees/ha, after the 20 trees/ha threshold, an increase in the number of trees kept and managed on the farm- land increases the food consumption score g",20,False,food consumption score / caloric intake vs tree density,,,,page,,b688621632ab86d13d784de709c818f0c4efa704,,,,,,v1.2
EV_glce_fmnr_mali_2023_001,glce_fmnr_mali_2023,agroforestry,agroforestry__regeneration_farmland,adoption_rate,"{""metric"": ""end-line participation in FMNR activities (%)"", ""control"": 32.8, ""treatment"": 75.4, ""p_value"": ""0.000"", ""direction"": ""intervention raises FMNR adoption""}","{""country"": ""Mali"", ""aez"": ""sahel"", ""intervention"": ""EAAS"", ""note"": ""treatment vs control""}",nbs_effect,literature_relationship,primary_measured,practice_technology,,high,End-line household participation levels in eco-agricultural activities since 2014 Intervention Control Treatment p-value Percent FMNR activities 32.8 75.4 0.000*** Training on CSA,7,False,FMNR activities participation (Control vs Treatment),,,,page,,b688621632ab86d13d784de709c818f0c4efa704,,,,,,v1.2
EV_glce_fmnr_mali_2023_002,glce_fmnr_mali_2023,agroforestry,agroforestry__regeneration_farmland,adoption_rate,"{""metric"": ""share of households taking action against drought (%)"", ""treatment"": 71.7, ""control"": 65.7, ""p_value"": ""0.021"", ""direction"": ""beneficiaries more likely to act against drought""}","{""country"": ""Mali"", ""aez"": ""sahel"", ""hazard"": ""drought"", ""intervention"": ""EAAS (bundled, incl. FMNR)""}",climate_risk,literature_relationship,primary_measured,practice_technology,,medium,Drought shock and response Major actions taken to address drought Treatment control p-value Percent reporting • Took action against Drought 71.7 65.7 0.021**,7,False,action against drought (treatment vs control),,,,page,,b688621632ab86d13d784de709c818f0c4efa704,,,,,,v1.2
EV_glce_fmnr_mali_2023_003,glce_fmnr_mali_2023,agroforestry,agroforestry__regeneration_farmland,drought,"{""metric"": ""share taking action against drought (%)"", ""beneficiaries"": 72, ""control"": 66, ""direction"": ""EAAS beneficiaries more likely to respond to drought shocks""}","{""country"": ""Mali"", ""aez"": ""sahel"", ""hazard"": ""drought"", ""intervention"": ""EAAS (incl. FMNR)""}",climate_risk,literature_relationship,primary_measured,practice_technology,,medium,Significantly higher share (72%) of EAAS beneficiaries than control group households (66%) took action against drought.,7,False,increasing frequency of drought in the Sahelian region; FMNR as drought response,,,,page,,b688621632ab86d13d784de709c818f0c4efa704,,,,,,v1.2
EV_glce_fmnr_mali_2023_004,glce_fmnr_mali_2023,agroforestry,agroforestry__regeneration_farmland,food_security,"{""metric"": ""months of food insecurity"", ""control_baseline"": 7.8, ""control_endline"": 4.4, ""treatment_baseline"": 8.5, ""treatment_endline"": 4.3, ""treatment_ATT"": -1.07, ""direction"": ""food insecurity months fall under intervention""}","{""country"": ""Mali"", ""aez"": ""sahel"", ""intervention"": ""EAAS (bundled, incl. FMNR)""}",nbs_effect,literature_relationship,primary_measured,practice_technology,,medium,Months of food insecurity Control 7.8 4.4 Treatment 8.5 4.3 −1.07***,9,False,months of food insecurity (baseline vs end-line),,,,page,,b688621632ab86d13d784de709c818f0c4efa704,,,,,,v1.2
EV_glce_fmnr_mali_2023_005,glce_fmnr_mali_2023,agroforestry,agroforestry__regeneration_farmland,food_security,"{""metric"": ""reduction in food insecurity attributable to intervention (%)"", ""EAAS_II"": 12, ""EAAS_I_and_II"": 16, ""overall_beneficiary_reduction"": 50, ""direction"": ""food insecurity falls""}","{""country"": ""Mali"", ""aez"": ""sahel"", ""intervention"": ""EAAS (bundled, incl. FMNR)""}",nbs_effect,literature_relationship,primary_measured,practice_technology,,medium,"Overall, EAAS beneficiary food insecurity fell by about 50% (Table 13). The reason for the big change (50%) in food security is due to control group having worsening food security, while the treatment household’s food security improved. The months of food insecurity decreased from about 8 to 4 months (Table 14). However, reduction of food insecurity attributable to EAAS II and EAAS I and II was, respectively, 12% and 16%.",9,False,food insecurity reduction attributable to EAAS,,,,page,,b688621632ab86d13d784de709c818f0c4efa704,,,,,,v1.2
EV_glce_fmnr_mali_2023_006,glce_fmnr_mali_2023,agroforestry,agroforestry__regeneration_farmland,household_income,"{""metric"": ""income gain (%)"", ""EAAS_I_and_II"": 56, ""direction"": ""income rises for dual-phase participants""}","{""country"": ""Mali"", ""aez"": ""sahel"", ""intervention"": ""EAAS (bundled, incl. FMNR)""}",nbs_effect,literature_relationship,primary_measured,practice_technology,,low,y 56% for those who participated in both phases I and II (Table 18).,11,False,income gain for participants in both EAAS phases,,,,page,,b688621632ab86d13d784de709c818f0c4efa704,,,,,,v1.2
EV_sendzimir_2011_002,sendzimir_2011,agroforestry,agroforestry__regeneration_farmland,tree_canopy_cover,"{""trees_per_ha"": {""low"": 20, ""high"": 150}, ""regreened_extent_trees_million"": 200, ""annual_expansion_ha_y"": 250000}","{""country"": ""Niger"", ""region"": ""Zinder"", ""aez"": ""semi_arid""}",nbs_effect,literature_relationship,cited_secondary,practice_technology,,medium,was covered with more than 200 million trees—an average expansion of 250 000 ha/y if one assumes stocking at 20 to 150 trees/ha (Tougiani et al. 2008).,7,False,stocking at 20 to 150 trees/ha,,,cited from Tougiani et al. 2008,page,,b688621632ab86d13d784de709c818f0c4efa704,,,,,,v1.2
EV_sendzimir_2011_003,sendzimir_2011,agroforestry,agroforestry__regeneration_farmland,tree_canopy_cover,"{""direction"": ""tree_cover_increase_correlates_with_rainfall_increase"", ""rainfall_increase_pct_up_to"": 30, ""feedback"": ""higher tree density suppresses drought impacts and encourages tree growth""}","{""country"": ""Niger"", ""region"": ""Maradi/Zinder"", ""aez"": ""semi_arid""}",climate_risk,literature_relationship,cited_secondary,practice_technology,,medium,"Increase in tree cover has been correlated with rainfall increases (Sheil and Murdiyarso 2008) that can be up to 30% (Gonzalez et al. 2007), which in turn encourages higher tree densities (Ra4) and suppresses drought impacts, thus encouraging tree growth (Ra3).",9,False,increase in tree cover correlated with rainfall increases up to 30%,,,cited from Gonzalez et al. 2007; Sheil and Murdiyarso 2008,page,,b688621632ab86d13d784de709c818f0c4efa704,,,,,,v1.2
EV_sendzimir_2011_004,sendzimir_2011,agroforestry,agroforestry__regeneration_farmland,wind_erosion,"{""mechanism"": ""trees reduce wind speed -> reduced seed loss from wind-blow and sand burial -> higher crop yields"", ""direction"": ""wind_erosion_reduction""}","{""country"": ""Niger"", ""region"": ""Maradi/Zinder"", ""aez"": ""semi_arid""}",climate_risk,literature_relationship,cited_secondary,practice_technology,,medium,er crop yields (Rc1): they no longer had to replant seeds that had been blown away (Larwanou et al. 2006) or covered by wind-blown sand (Rc2).,9,False,trees cut field wind speed / no longer replant seeds blown away or covered by sand,,,cited from Larwanou et al. 2006,page,,b688621632ab86d13d784de709c818f0c4efa704,,,,,,v1.2
EV_sendzimir_2011_005,sendzimir_2011,agroforestry,agroforestry__regeneration_farmland,wind_erosion,"{""replanting_reduction"": ""avoided replanting crops three or four times"", ""mechanism"": ""trees cut field wind speed""}","{""country"": ""Niger"", ""region"": ""Maradi/Zinder"", ""aez"": ""semi_arid""}",climate_risk,literature_relationship,expert_assertion,practice_technology,,medium,"nt crops three or four times when the trees cut field wind speed, and the mounting sequence of success after success in food security, profitable sales, and reduced social tension reflected the flipping of all the reinforcing feedback loops (R1 to R6)",15,False,planting crops three or four times when trees cut field wind speed,,,,page,,b688621632ab86d13d784de709c818f0c4efa704,,,,,,v1.2
EV_sendzimir_2011_006,sendzimir_2011,agroforestry,agroforestry__regeneration_farmland,soil_fertility,"{""direction"": ""soil_fertility_increase"", ""mechanisms"": [""fallen tree biomass"", ""bird and livestock dung"", ""tree root N-fixation"", ""nutrient pull from deeper soil layers""]}","{""country"": ""Niger"", ""region"": ""Maradi/Zinder"", ""aez"": ""semi_arid""}",nbs_effect,literature_relationship,expert_assertion,practice_technology,,medium,d inputs of fallen tree biomass and dung from birds (Soumare 1995) and livestock (Buerkert and Hiernaux 1998) increased soil fertility (Ra2) (Tougiani et al. 2008). Fertility also increased when increasing tree root mass fixed more nitrogen and pulled nutrients to the surface from deeper soil layers (Ra5).,9,False,"tree biomass, dung and N-fixation increased soil fertility",,,,page,,b688621632ab86d13d784de709c818f0c4efa704,,,,,,v1.2
EV_sendzimir_2011_007,sendzimir_2011,agroforestry,agroforestry__regeneration_farmland,fuelwood_fodder,"{""direction"": ""fodder_availability_increase"", ""effect"": ""decreased need to move cattle over larger areas""}","{""country"": ""Niger"", ""region"": ""Maradi/Zinder"", ""aez"": ""semi_arid""}",nbs_effect,literature_relationship,expert_assertion,practice_technology,,medium,"Regreening increased fodder availability locally, thereby decreasing the need to move cattle over larger areas.",10,False,regreening increased fodder availability locally,,,,page,,b688621632ab86d13d784de709c818f0c4efa704,,,,,,v1.2
EV_sendzimir_2011_008,sendzimir_2011,agroforestry,agroforestry__regeneration_farmland,fuelwood_fodder,"{""role"": ""drought-resistant shrub providing animal fodder and firewood at end of dry season"", ""direction"": ""fodder_and_fuelwood_provision""}","{""country"": ""Niger"", ""region"": ""Maradi/Zinder"", ""aez"": ""semi_arid""}",nbs_effect,literature_relationship,expert_assertion,species_specific,,medium,"Guiéra senegalensis, a drought-resistant shrub, also played an important role in providing animal fodder as well as firewood at the end of the dry season.",5,False,Guiera senegalensis provided animal fodder and firewood,Guiera senegalensis,,,page,,b688621632ab86d13d784de709c818f0c4efa704,,,,,,v1.2
EV_sendzimir_2011_009,sendzimir_2011,agroforestry,agroforestry__regeneration_farmland,adoption_rate,"{""initial_adopters"": 12, ""barrier"": ""negative peer pressure""}","{""country"": ""Niger"", ""region"": ""Maradi/Zinder"", ""aez"": ""semi_arid""}",nbs_effect,literature_relationship,expert_assertion,practice_technology,,low,"Initially, only 12 farmers braved negative peer pressure to try farmer-managed natural re",5,False,only 12 farmers initially tried farmer-managed natural regeneration,,,,page,,b688621632ab86d13d784de709c818f0c4efa704,,,,,,v1.2
EV_sendzimir_2011_010,sendzimir_2011,agroforestry,agroforestry__regeneration_farmland,vegetation_cover_gain,"{""conventional_tree_planting_seedling_survival_pct"": 20, ""outcome"": ""failed to reforest any area; did not bolster food security or income"", ""contrast"": ""vs FMNR success""}","{""country"": ""Niger"", ""region"": ""Maradi/Zinder"", ""aez"": ""semi_arid""}",nbs_effect,literature_relationship,cited_secondary,practice_technology,,medium,"However, tree planting failed to reforest any area (20% seedling survival rate), and enhanced intensive agriculture did not bolster food security or income (Tougiani et al. 2008).",5,False,tree planting failed to reforest any area (20% seedling survival),,,cited from Tougiani et al. 2008,page,,b688621632ab86d13d784de709c818f0c4efa704,,,,,,v1.2
EV_wri_regreening_2015_005,wri_regreening_2015,agroforestry,agroforestry__regeneration_farmland,soil_fertility,"{""metric"": ""nitrogen_fixation"", ""low_kg_ha"": 80, ""high_kg_ha"": 90, ""unit"": ""kg N/ha"", ""direction"": ""adds soil N depending on tree age""}","{""region"": ""Sahel"", ""study_context"": ""SSA""}",nbs_effect,literature_relationship,expert_assertion,species_specific,,medium,"certain species fix nitrogen from the air in their root systems, which is a zero-cost environmental service to farmers. Depending on the age of the trees, a stand of Faidherbia albida fixes 80 to 90 kilograms of nitrogen per hectare.",27,False,nitrogen fixation by Faidherbia albida (80–90 kg N/ha),Faidherbia albida,,,page,,b688621632ab86d13d784de709c818f0c4efa704,,,,,,v1.2
EV_wri_regreening_2015_006,wri_regreening_2015,agroforestry,agroforestry__regeneration_farmland,crop_yield,"{""metric"": ""crop_yield"", ""factor"": 2, ""direction"": ""up"", ""lag"": ""takes time / greatest impact delayed""}","{""region"": ""Sahel"", ""study_context"": ""SSA""}",nbs_effect,literature_relationship,expert_assertion,species_specific,,low,"Nitrogen-fixing species like Faidherbia albida can double crop yields, but this takes time: trees will not have their greatest i",23,False,Nitrogen-fixing species like Faidherbia albida can double crop yields,Faidherbia albida,,,page,,b688621632ab86d13d784de709c818f0c4efa704,,,,,,v1.2
EV_wri_regreening_2015_007,wri_regreening_2015,agroforestry,agroforestry__regeneration_farmland,carbon_biomass,"{""metric"": ""carbon_sequestration"", ""young_parkland_low_tC_ha"": 1.6, ""young_parkland_high_tC_ha"": 10, ""unit"": ""tons carbon per hectare"", ""note"": ""young agroforestry parklands, southern Niger""}","{""country"": ""Niger"", ""region"": ""Sahel"", ""study_context"": ""SSA""}",nbs_effect,literature_relationship,expert_assertion,practice_technology,,low,The young agroforestry parklands in southern Niger (Figure 12) have sequestered 1.6–10 tons of carbon per hectare.13,32,False,carbon sequestration by young agroforestry parklands,,,,page,,b688621632ab86d13d784de709c818f0c4efa704,,,,,,v1.2
EV_wri_regreening_2015_008,wri_regreening_2015,agroforestry,agroforestry__regeneration_farmland,carbon_biomass,"{""metric"": ""carbon_sequestration_total"", ""low_MtC"": 25, ""high_MtC"": 30, ""area_Mha"": 5, ""period_years"": 30, ""note"": ""excludes root-system carbon; likely to increase""}","{""country"": ""Niger"", ""region"": ""Sahel"", ""study_context"": ""SSA""}",nbs_effect,literature_relationship,cited_secondary,practice_technology,,low,The 5 million hectares of farmer-managed regreening in Niger has sequestered about 25–30 million metric tonnes of carbon over the past 30 years (Stevens et al. 2014).,23,False,"25–30 million tonnes carbon over 30 years, Niger 5 million ha",,,cited from Stevens et al. 2014,page,,b688621632ab86d13d784de709c818f0c4efa704,,,,,,v1.2
EV_wri_regreening_2015_009,wri_regreening_2015,agroforestry,agroforestry__regeneration_farmland,wind_erosion,"{""hazard"": ""wind_erosion_sand_burial"", ""direction"": ""reduced"", ""before_replantings"": ""three or four times"", ""after_replantings"": ""once"", ""mechanism"": ""reduced wind speed protects young crops from sand burial""}","{""country"": ""Niger"", ""region"": ""Sahel"", ""study_context"": ""SSA""}",climate_risk,literature_relationship,cited_secondary,practice_technology,,medium,"Farmers in Niger also mention that trees reduce wind speed (Larwanou, Abdoulaye, and Reij 2006). Before the increase in the number of on-farm trees, strong winds early in the rainy season used to cover the farmers’ young crops with sand, forcing the farmers to replant crops three or four times. Now they plant only once.",32,False,trees reduce wind speed; crops replanted once vs three or four times,,,"cited from Larwanou, Abdoulaye, and Reij 2006",page,,b688621632ab86d13d784de709c818f0c4efa704,,,,,,v1.2
EV_wri_regreening_2015_010,wri_regreening_2015,agroforestry,agroforestry__regeneration_farmland,microclimate,"{""direction"": ""reduced wind speed, reduced soil-moisture evaporation from vegetation cover"", ""mechanism"": ""leaf-litter fall, vegetation cover""}","{""region"": ""Sahel"", ""study_context"": ""SSA""}",climate_risk,literature_relationship,expert_assertion,practice_technology,,low,"oil surface through leaf-litter fall and decomposition, along with greatly reduced wind speed and reduced soil-moisture evaporation which vegetation brings about.11",32,False,reduced wind speed and reduced soil-moisture evaporation,,,,page,,b688621632ab86d13d784de709c818f0c4efa704,,,,,,v1.2
EV_wri_regreening_2015_011,wri_regreening_2015,agroforestry,agroforestry__regeneration_farmland,household_income,"{""metric"": ""collective_income_increase"", ""people"": 40000, ""income_usd"": 36000000, ""period"": ""2003 to 2013"", ""additional_food_tons"": 10000000, ""direction"": ""up""}","{""region"": ""Sahel"", ""study_context"": ""SSA""}",nbs_effect,literature_relationship,cited_secondary,practice_technology,,low,"From 2003 to 2013 more than 40,000 people increased their collective income by $36 million, and an additional 10 million tons of food were produced across the targeted landscapes (Dozoretz et al.",54,False,"40,000 people increased collective income by $36 million; 10 million tons food",,,cited from Dozoretz et al. 2014,page,,b688621632ab86d13d784de709c818f0c4efa704,,,,,,v1.2
EV_wri_regreening_2015_012,wri_regreening_2015,agroforestry,agroforestry__regeneration_farmland,vegetation_cover_gain,"{""metric"": ""area_regreened"", ""area_Mha"": 5, ""since_year"": 1985, ""share_of_cultivated_area_pct"": 50, ""direction"": ""increase""}","{""country"": ""Niger"", ""region"": ""Sahel"", ""study_context"": ""SSA""}",nbs_effect,literature_relationship,cited_secondary,practice_technology,,medium,"farmers have regreened 5 mil- lion hectares since 1985—almost 50 percent of the country’s total cultivated area (Reij, Tappan, and Smale 2009).",14,False,"Niger regreened 5 million hectares since 1985, ~50% of cultivated area",,,"cited from Reij, Tappan, and Smale 2009",page,,b688621632ab86d13d784de709c818f0c4efa704,,,,,,v1.2
EV_fao_anr_2019_001,fao_anr_2019,agroforestry,agroforestry__regeneration_farmland,economic_cost,"{""anr_cost_usd_per_ha_low"": 70, ""anr_cost_usd_per_ha_high"": 100, ""planting_cost_usd_per_ha"": 1000, ""anr_vs_planting_saving_pct_min"": 50, ""direction"": ""ANR_cheaper_than_planting""}","{""country"": ""Malaysia"", ""region"": ""Asia-Pacific"", ""landscape"": ""degraded_forest""}",nbs_effect,literature_relationship,cited_secondary,practice_technology,,medium,"Ong (2011) estimated USD 70-100/ha for application of ANR in degraded forests in Malaysia entailing the cutting of vines and selective liberation of potential crop trees. Similar cost levels were observed during ANR project implementation in Cambodia and Lao PDR. Both Dugan (2011) and Ong (2011) estimated the costs of restoration through planting to be around USD 1 000/ha, indicating that the cost of ANR is at least 50 percent cheaper than the conventional reforestation approach.",49,False,USD 70-100/ha for ANR vs USD 1 000/ha planting; at least 50 percent cheaper,,,cited from Ong 2011 and Dugan 2011,page,,b688621632ab86d13d784de709c818f0c4efa704,,,,,,v1.2
EV_fao_anr_2019_006,fao_anr_2019,agroforestry,agroforestry__regeneration_farmland,economic_cost,"{""direction"": ""reduces_restoration_cost""}","{""scope"": ""forest_restoration"", ""benefit_scale"": ""local_to_global""}",nbs_effect,literature_relationship,expert_assertion,practice_technology,,low,Natural regeneration can reduce the cost of restoration activities and deliver a wide range of forest products and ecosystem services that provide loca to globa benefits l l l,8,False,natural regeneration can reduce cost of restoration activities,,,,page,,b688621632ab86d13d784de709c818f0c4efa704,,,,,,v1.2
EV_eld_fmnr_2020_004,eld_fmnr_2020,agroforestry,agroforestry__regeneration_farmland,crop_yield,"{""economic_indicator_type"": ""net_income_per_ha_per_year"", ""direction"": ""increase"", ""niger_usd_ha_yr"": 68, ""ghana_usd_ha_yr"": 43, ""ghana_pct_more_than_non_fmnr"": 78}","{""country"": ""Niger, Ghana"", ""aez"": ""semi_arid_and_dry_sub_humid""}",nbs_effect,literature_relationship,expert_assertion,practice_technology,,low,In Niger the net income including environmental services increased by USD 68 per ha per year. In Ghana net income increased by USD 43 per ha which is 78% more than net income o,28,False,increase in net income per ha per year (case-study benefit transfer),,,,page,,b688621632ab86d13d784de709c818f0c4efa704,,,,,,v1.2
EV_eld_fmnr_2020_005,eld_fmnr_2020,agroforestry,agroforestry__regeneration_farmland,household_income,"{""economic_indicator_type"": ""net_income_per_ha_per_year"", ""senegal_usd_ha_yr"": 2187, ""ghana_usd_ha_yr"": 98}","{""country"": ""Senegal, Ghana"", ""aez"": ""semi_arid_and_dry_sub_humid""}",nbs_effect,literature_relationship,expert_assertion,practice_technology,,low,"Summary of case studies FMNR Niger (Nouhou et al., 2019) Senegal (Sanogo et al., 2019) Ghana (Westerberg et al., 2019) Net income FMNR (USD/ha/year) n.a. 2,187 98 Net",28,False,Net income FMNR (USD/ha/year),,,,page,,b688621632ab86d13d784de709c818f0c4efa704,,,,,,v1.2
EV_eld_fmnr_2020_006,eld_fmnr_2020,agroforestry,agroforestry__regeneration_farmland,tree_canopy_cover,"{""metric"": ""tree_density_per_ha"", ""direction"": ""increase_vs_conventional"", ""type1_fmnr_per_ha"": 61, ""type2_fmnr_per_ha"": 33}","{""region"": ""West & East Africa"", ""aez"": ""dryland""}",nbs_effect,literature_relationship,expert_assertion,practice_technology,,low,"Table 10: FMNR Assumptions by production system Characteristic Type 1 Type 2 Tree density per ha (FMNR versus conventional) 61 33 Type of tree Faidherbia albida, S",33,False,Tree density per ha (FMNR versus conventional),,,,page,,b688621632ab86d13d784de709c818f0c4efa704,,,,,,v1.2
EV_eld_fmnr_2020_007,eld_fmnr_2020,agroforestry,agroforestry__regeneration_farmland,soil_fertility,"{""metric"": ""share_of_adopters_reporting_soil_fertility_increase"", ""fmnr_adopters_pct"": 94, ""comparison_group_pct"": 26, ""direction"": ""increase""}","{""region"": ""Sub-Saharan Africa"", ""aez"": ""dryland""}",nbs_effect,literature_relationship,expert_assertion,practice_technology,,low,94% of FMNR adopters saw an increase in soil fertility (vs. 26% among the comparison group)  66% of FMNR adopters saw a reduction in soil erosion (vs. 17% in the comparison,23,False,FMNR adopters saw an increase in soil fertility,,,,page,,b688621632ab86d13d784de709c818f0c4efa704,,,,,,v1.2
EV_eld_fmnr_2020_008,eld_fmnr_2020,agroforestry,agroforestry__regeneration_farmland,wind_erosion,"{""metric"": ""share_of_adopters_reporting_soil_erosion_reduction"", ""fmnr_adopters_pct"": 66, ""comparison_group_pct"": 17, ""direction"": ""reduction""}","{""region"": ""Sub-Saharan Africa"", ""aez"": ""dryland""}",climate_risk,literature_relationship,expert_assertion,practice_technology,,low,opters saw an increase in soil fertility (vs. 26% among the comparison group)  66% of FMNR adopters saw a reduction in soil erosion (vs. 17% in the comparison group)  46% observed that the FMNR practices have generated more wild fruits and food (frui,23,False,FMNR adopters saw a reduction in soil erosion,,,,page,,b688621632ab86d13d784de709c818f0c4efa704,,,,,,v1.2
EV_eld_fmnr_2020_009,eld_fmnr_2020,agroforestry,agroforestry__regeneration_farmland,economic_cost,"{""economic_indicator_type"": ""benefit_cost_ratio"", ""return_per_usd_invested"": 5, ""direction"": ""positive_return""}","{""region"": ""Africa""}",nbs_effect,literature_relationship,expert_assertion,practice_technology,,low,"On average, one US dollar investment into restoration of degraded land returns five US dollars (Nkonya, 2015).",10,False,one US dollar investment into restoration of degraded land returns five US dollars,,,,page,,b688621632ab86d13d784de709c818f0c4efa704,,,,,,v1.2
EV_wocat_507_2019_009,wocat_507_2019,agroforestry,agroforestry__regeneration_farmland,drought,"{""hazard"": ""drought"", ""direction"": ""decreased"", ""mechanism"": ""improved micro-climate and soil moisture""}","{""country"": ""Kenya"", ""site"": ""Homa Bay""}",climate_risk,literature_relationship,expert_assertion,practice_technology,,low,drought impacts increased decreased FMNR improves the micro-climate and soil moisture. The technology therefore mitigates the impact of droughts.,6,False,drought impacts,,,,page,,b688621632ab86d13d784de709c818f0c4efa704,,,,,,v1.2
EV_wocat_507_2019_010,wocat_507_2019,agroforestry,agroforestry__regeneration_farmland,wind_erosion,"{""hazard"": ""wind"", ""direction"": ""wind_velocity_decreased"", ""mechanism"": ""trees act as wind break protecting houses, greenhouses and crop fields""}","{""country"": ""Kenya"", ""site"": ""Homa Bay""}",climate_risk,literature_relationship,expert_assertion,practice_technology,,low,"wind velocity increased decreased The trees of FMNR serve as wind break and protect houses, greenhouses, and crop fields against heavy winds.",6,False,wind velocity / wind break,,,,page,,b688621632ab86d13d784de709c818f0c4efa704,,,,,,v1.2
EV_wocat_507_2019_011,wocat_507_2019,agroforestry,agroforestry__regeneration_farmland,microclimate,"{""direction"": ""micro-climate improved"", ""mechanism"": ""more vegetation and evaporation; humidity improves""}","{""country"": ""Kenya"", ""site"": ""Homa Bay""}",climate_risk,literature_relationship,expert_assertion,practice_technology,,low,micro-climate worsened improved The micro-climate and humidity improves due to more vegatation and evaporation.,6,False,micro-climate,,,,page,,b688621632ab86d13d784de709c818f0c4efa704,,,,,,v1.2
EV_wocat_507_2019_012,wocat_507_2019,agroforestry,agroforestry__regeneration_farmland,adoption_rate,"{""adoption_pct_of_land_users"": "">50"", ""households_reached"": "">1000"", ""without_incentives_pct"": [91, 100]}","{""country"": ""Kenya"", ""site"": ""Homa Bay""}",nbs_effect,literature_relationship,expert_assertion,practice_technology,,low,ADOPTION AND ADAPTATION Percentage of land users in the area who have adopted the Technology > 50 % Of all those who have adopted the Technolog,7,False,Percentage of land users who have adopted the Technology,,,,page,,b688621632ab86d13d784de709c818f0c4efa704,,,,,,v1.2
EV_wocat_507_2019_013,wocat_507_2019,agroforestry,agroforestry__regeneration_farmland,economic_cost,"{""establishment_cost_kes"": 32600, ""establishment_cost_usd"": 326, ""maintenance_cost_kes"": 7200, ""maintenance_cost_usd"": 72, ""exchange_rate"": ""1 USD = 100 KES"", ""cost_basis"": ""per ha"", ""pct_borne_by_land_users"": 100}","{""country"": ""Kenya"", ""site"": ""Homa Bay"", ""currency"": ""KES"", ""unit"": ""per hectare""}",nbs_effect,literature_relationship,expert_assertion,practice_technology,,medium,"Total costs for establishment of the Technology (KES) 32 600.00
Total costs for establishment of the Technology in USD 326.00",4,False,Total costs for establishment / maintenance of the Technology,,,,page,,b688621632ab86d13d784de709c818f0c4efa704,,,,,,v1.2
EV_wocat_1358_2017_007,wocat_1358_2017,agroforestry,agroforestry__regeneration_farmland,crop_yield,"{""direction"": ""increased"", ""indicator"": ""crop_production""}","{""country"": ""Burkina Faso""}",nbs_effect,scoping_candidate,expert_assertion,practice_technology,,low,IMPACTS Socio-economic impacts crop production decreased increased fodder production decreased increased fodder quality decreased increased wood production decreased increased farm income decreased increased,5,False,crop production ... increased,,,,page,,b688621632ab86d13d784de709c818f0c4efa704,,,,,,v1.2
EV_wocat_1358_2017_008,wocat_1358_2017,agroforestry,agroforestry__regeneration_farmland,fuelwood_fodder,"{""direction"": ""increased"", ""products"": [""fodder"", ""wood"", ""honey""]}","{""country"": ""Burkina Faso""}",nbs_effect,scoping_candidate,expert_assertion,practice_technology,,low,5. Improved fodder production: cut grass and tie hay with simple tying machine (once a year after rainy season) Maintenance inputs and cos,3,False,wood production / fodder production increased; honey & fodder benefit,,,,page,,b688621632ab86d13d784de709c818f0c4efa704,,,,,,v1.2
EV_wocat_1358_2017_009,wocat_1358_2017,agroforestry,agroforestry__regeneration_farmland,household_income,"{""direction"": ""increased"", ""indicator"": ""farm_income""}","{""country"": ""Burkina Faso""}",nbs_effect,scoping_candidate,expert_assertion,practice_technology,,low,wood production decreased increased farm income decreased increased Socio-cultural impacts food security/ self-sufficiency reduced impr,5,False,farm income increased,,,,page,,b688621632ab86d13d784de709c818f0c4efa704,,,,,,v1.2
EV_wocat_1358_2017_010,wocat_1358_2017,agroforestry,agroforestry__regeneration_farmland,food_security,"{""direction"": ""improved"", ""indicator"": ""food_security_self_sufficiency""}","{""country"": ""Burkina Faso""}",nbs_effect,scoping_candidate,expert_assertion,practice_technology,,low,wood production decreased increased farm income decreased increased Socio-cultural impacts food security/ self-sufficiency reduced impr,5,False,food security/ self-sufficiency improved,,,,page,,b688621632ab86d13d784de709c818f0c4efa704,,,,,,v1.2
EV_wocat_1358_2017_011,wocat_1358_2017,agroforestry,agroforestry__regeneration_farmland,biodiversity,"{""tree_density_per_ha"": 500, ""local_species_count"": 120, ""direction"": ""regenerated""}","{""country"": ""Burkina Faso""}",nbs_effect,scoping_candidate,expert_assertion,practice_technology,,medium,The forest reaches a tree density of approximately 500 trees per hectare and consists of around 120 local species. Some enrichment planting of rare species enhances the allotments.,1,False,tree density approximately 500 trees per hectare; around 120 local species,,,,page,,b688621632ab86d13d784de709c818f0c4efa704,,,,,,v1.2
EV_wocat_1358_2017_012,wocat_1358_2017,agroforestry,agroforestry__regeneration_farmland,economic_cost,"{""establishment_cost_usd_per_ha"": 4560, ""labour_usd"": 1300, ""fence_material_usd"": 2900, ""tools_usd"": 100, ""training_seeds_compost_usd"": 260, ""land_user_share_pct"": 33}","{""country"": ""Burkina Faso"", ""unit"": ""USD per ha""}",nbs_effect,scoping_candidate,expert_assertion,practice_technology,,medium,"Labour ha 1 1 300.00 1 300.00 33 | 
Equipment
Tools ha 1 100.00 100.00 33 | 
Construction material
Material for fence construction ha 1 2 900.00 2 900.00 33 | 
Other
Training, seeds, compost ha 1 260.00 260.00 33 | 
Total costs for establishment of the Technology in USD 4 560.00",3,False,Total costs for establishment of the Technology in USD 4 560.00,,,,page,,b688621632ab86d13d784de709c818f0c4efa704,,,,,,v1.2
EV_wocat_1358_2017_013,wocat_1358_2017,agroforestry,agroforestry__regeneration_farmland,climate_resilience,"{""hazards"": [""drought"", ""local_windstorm"", ""local_rainstorm"", ""annual_temperature_increase""]}","{""country"": ""Burkina Faso""}",climate_risk,scoping_candidate,expert_assertion,practice_technology,,low,"CLIMATE CHANGE
Gradual climate change
annual temperature increase not well at all very well
Climate-related extremes (disasters)
local rainstorm not well at all very well
local windstorm not well at all very well
drought not well at all very well
general (river) flood not well at all very well",5,False,drought / local windstorm / local rainstorm coping (CLIMATE CHANGE table),,,,page,,b688621632ab86d13d784de709c818f0c4efa704,,,,,,v1.2
EV_wocat_1358_2017_014,wocat_1358_2017,agroforestry,agroforestry__regeneration_farmland,wind_erosion,"{""function"": ""reduction_in_wind_speed"", ""degradation_addressed"": ""soil_erosion_by_wind""}","{""country"": ""Burkina Faso""}",climate_risk,scoping_candidate,expert_assertion,practice_technology,,low,"Main technical functions: control of raindrop splash, improvement
of ground cover, improvement of surface structure (crusting,
sealing), increase in organic matter, increase in nutrient
availability (supply, recycling,…), increase of infiltration, reduction in
wind speed, increase of biomass (quantity)",3,False,soil erosion by wind Et: loss of topsoil / reduction in wind speed,,,,page,,b688621632ab86d13d784de709c818f0c4efa704,,,,,,v1.2
EV_wocat_1358_2017_015,wocat_1358_2017,agroforestry,agroforestry__regeneration_farmland,microclimate,"{""soil_moisture"": ""increased"", ""evaporation"": ""decreased"", ""surface_runoff"": ""decreased""}","{""country"": ""Burkina Faso""}",climate_risk,scoping_candidate,expert_assertion,practice_technology,,low,Ecological impacts harvesting/ collection of water reduced improved surface runoff increased decreased evaporation increased decreased soil moisture decreased increased soil cover reduced improved soil loss increased decreased soil compaction increased reduced nutrien,5,False,soil moisture ... increased; evaporation ... decreased,,,,page,,b688621632ab86d13d784de709c818f0c4efa704,,,,,,v1.2
ev_t6_buffer_width_grassbarrier2004_1,grass_barrier_vfs_runoff_effectiveness_2004,riparian_buffer,riparian_buffer__planted,buffer_width,"{""buffer_width_m"": 4, ""sediment_reduction_pct"": 91, ""note"": ""vegetative filter strip; 91% sediment trapped within 4 m""}",,nbs_effect,literature_relationship,primary_measured,practice_technology,,high,Both Fescue-FS and B-Native-FS reduced sediment loss by 91% within 4 m (Table 1).,5,False,,,,,page,,,,,,,,v1.4.2
ev_t6_buffer_width_grassbarrier2004_2,grass_barrier_vfs_runoff_effectiveness_2004,riparian_buffer,riparian_buffer__planted,buffer_width,"{""buffer_width_from_m"": 4, ""buffer_width_to_m"": 8, ""additional_sediment_reduction_pct"": 5, ""note"": ""diminishing return doubling width 4->8 m""}",,nbs_effect,literature_relationship,primary_measured,practice_technology,,high,The width increase from 4 to 8 m reduced the sediment loss by an additional 5%.,5,False,,,,,page,,,,,,,,v1.4.2
